   3.4798582e+00   3.4760578e+00   3.4721758e+00   3.4683311e+00   3.4644568e+00   3.4605715e+00   3.4567060e+00   3.4528306e+00   3.4490213e+00   3.4452655e+00   3.4415538e+00   3.4379547e+00   3.4344139e+00   3.4309492e+00   3.4276073e+00   3.4243813e+00   3.4213552e+00   3.4184523e+00   3.4157248e+00   3.4132035e+00   3.4108326e+00   3.4085939e+00   3.4064305e+00   3.4044082e+00   3.4025097e+00   3.4007242e+00   3.3989894e+00   3.3972838e+00   3.3955190e+00   3.3936901e+00   3.3916166e+00   3.3892848e+00   3.3866386e+00   3.3837583e+00   3.3806031e+00   3.3771679e+00   3.3734705e+00   3.3695641e+00   3.3655546e+00   3.3614550e+00   3.3573024e+00   3.3531704e+00   3.3491051e+00   3.3452156e+00   3.3416235e+00   3.3383510e+00   3.3354228e+00   3.3328457e+00   3.3307199e+00   3.3291795e+00   3.3282452e+00   3.3279507e+00   3.3283379e+00   3.3293931e+00   3.3310010e+00   3.3330352e+00   3.3355343e+00   3.3384762e+00   3.3417749e+00   3.3453884e+00   3.3492291e+00   3.3531733e+00   3.3570049e+00   3.3605635e+00   3.3637209e+00   3.3663051e+00   3.3681629e+00   3.3693235e+00   3.3698056e+00   3.3697021e+00   3.3690097e+00   3.3678434e+00   3.3662910e+00   3.3643386e+00   3.3620756e+00   3.3595896e+00   3.3568697e+00   3.3539009e+00   3.3506343e+00   3.3472137e+00   3.3436735e+00   3.3400319e+00   3.3362629e+00   3.3324187e+00   3.3285513e+00   3.3246305e+00   3.3206656e+00   3.3166389e+00   3.3125942e+00   3.3084700e+00   3.3043511e+00   3.3002799e+00   3.2962523e+00   3.2922108e+00   3.2881734e+00   3.2842112e+00   3.2802985e+00   3.2764711e+00   3.2726262e+00   3.2688608e+00
   3.2789173e+00   3.2753747e+00   3.2717869e+00   3.2681911e+00   3.2645705e+00   3.2609456e+00   3.2573135e+00   3.2536523e+00   3.2499943e+00   3.2463739e+00   3.2428074e+00   3.2392929e+00   3.2358105e+00   3.2323201e+00   3.2288725e+00   3.2255080e+00   3.2223108e+00   3.2192280e+00   3.2162635e+00   3.2134011e+00   3.2106628e+00   3.2080317e+00   3.2054930e+00   3.2030380e+00   3.2006962e+00   3.1984503e+00   3.1962631e+00   3.1941140e+00   3.1919754e+00   3.1897790e+00   3.1874421e+00   3.1849194e+00   3.1821959e+00   3.1792803e+00   3.1761010e+00   3.1727269e+00   3.1691809e+00   3.1654804e+00   3.1616604e+00   3.1577590e+00   3.1538842e+00   3.1500196e+00   3.1462033e+00   3.1424906e+00   3.1389291e+00   3.1356256e+00   3.1325967e+00   3.1298831e+00   3.1274707e+00   3.1254911e+00   3.1239834e+00   3.1229820e+00   3.1224792e+00   3.1224639e+00   3.1228874e+00   3.1236870e+00   3.1248047e+00   3.1262548e+00   3.1279991e+00   3.1299922e+00   3.1321986e+00   3.1344941e+00   3.1367826e+00   3.1389034e+00   3.1407757e+00   3.1422822e+00   3.1433012e+00   3.1438043e+00   3.1437547e+00   3.1432323e+00   3.1422548e+00   3.1408961e+00   3.1392276e+00   3.1372716e+00   3.1350586e+00   3.1326129e+00   3.1299794e+00   3.1271813e+00   3.1242111e+00   3.1211121e+00   3.1178675e+00   3.1145461e+00   3.1111333e+00   3.1076386e+00   3.1040714e+00   3.1004410e+00   3.0967720e+00   3.0930560e+00   3.0893190e+00   3.0855610e+00   3.0817652e+00   3.0779657e+00   3.0741873e+00   3.0704315e+00   3.0667086e+00   3.0630150e+00   3.0593936e+00   3.0557747e+00   3.0521677e+00   3.0486174e+00
   3.2946017e+00   3.2912991e+00   3.2879193e+00   3.2844689e+00   3.2809944e+00   3.2774849e+00   3.2739661e+00   3.2704389e+00   3.2669468e+00   3.2634878e+00   3.2600620e+00   3.2566230e+00   3.2532208e+00   3.2498741e+00   3.2465870e+00   3.2434340e+00   3.2403660e+00   3.2373478e+00   3.2344468e+00   3.2316418e+00   3.2290173e+00   3.2264776e+00   3.2239895e+00   3.2216160e+00   3.2193346e+00   3.2171242e+00   3.2149827e+00   3.2128217e+00   3.2106407e+00   3.2083371e+00   3.2059066e+00   3.2032909e+00   3.2004662e+00   3.1974399e+00   3.1942012e+00   3.1907785e+00   3.1871464e+00   3.1833763e+00   3.1794708e+00   3.1755092e+00   3.1715450e+00   3.1676302e+00   3.1638091e+00   3.1600952e+00   3.1565514e+00   3.1532638e+00   3.1502612e+00   3.1475317e+00   3.1451149e+00   3.1430960e+00   3.1415970e+00   3.1406364e+00   3.1402149e+00   3.1402900e+00   3.1407712e+00   3.1415634e+00   3.1426480e+00   3.1440201e+00   3.1456859e+00   3.1476059e+00   3.1496880e+00   3.1518381e+00   3.1539364e+00   3.1558402e+00   3.1574409e+00   3.1586411e+00   3.1593792e+00   3.1596043e+00   3.1593475e+00   3.1586030e+00   3.1574447e+00   3.1559017e+00   3.1540298e+00   3.1519024e+00   3.1495292e+00   3.1469955e+00   3.1443031e+00   3.1414278e+00   3.1383934e+00   3.1352475e+00   3.1320121e+00   3.1286800e+00   3.1252403e+00   3.1217439e+00   3.1182041e+00   3.1145861e+00   3.1109302e+00   3.1072323e+00   3.1035042e+00   3.0997155e+00   3.0959084e+00   3.0921504e+00   3.0883715e+00   3.0846169e+00   3.0808923e+00   3.0771983e+00   3.0735662e+00   3.0699499e+00   3.0663693e+00   3.0627921e+00
   3.2551451e+00   3.2517607e+00   3.2483199e+00   3.2448397e+00   3.2413149e+00   3.2377574e+00   3.2341835e+00   3.2306311e+00   3.2270725e+00   3.2235162e+00   3.2199938e+00   3.2165043e+00   3.2130640e+00   3.2096913e+00   3.2063749e+00   3.2031517e+00   3.2000332e+00   3.1969738e+00   3.1940231e+00   3.1911895e+00   3.1885002e+00   3.1859291e+00   3.1834266e+00   3.1809723e+00   3.1785650e+00   3.1762266e+00   3.1739633e+00   3.1717207e+00   3.1694639e+00   3.1671212e+00   3.1646483e+00   3.1620598e+00   3.1593215e+00   3.1564143e+00   3.1533287e+00   3.1500645e+00   3.1466799e+00   3.1431820e+00   3.1396339e+00   3.1360607e+00   3.1324494e+00   3.1287899e+00   3.1251421e+00   3.1216462e+00   3.1183717e+00   3.1153488e+00   3.1125734e+00   3.1100376e+00   3.1077769e+00   3.1058581e+00   3.1043866e+00   3.1033962e+00   3.1028659e+00   3.1027367e+00   3.1029861e+00   3.1035869e+00   3.1045010e+00   3.1056995e+00   3.1071575e+00   3.1088896e+00   3.1108170e+00   3.1128209e+00   3.1147797e+00   3.1165991e+00   3.1181948e+00   3.1194665e+00   3.1202972e+00   3.1207054e+00   3.1206493e+00   3.1201553e+00   3.1192672e+00   3.1180499e+00   3.1165791e+00   3.1148732e+00   3.1129487e+00   3.1108530e+00   3.1085818e+00   3.1061516e+00   3.1035929e+00   3.1009188e+00   3.0981796e+00   3.0953634e+00   3.0924642e+00   3.0895288e+00   3.0865357e+00   3.0835373e+00   3.0805118e+00   3.0774658e+00   3.0743816e+00   3.0712976e+00   3.0682411e+00   3.0651934e+00   3.0621421e+00   3.0591066e+00   3.0561135e+00   3.0531681e+00   3.0502522e+00   3.0473700e+00   3.0445020e+00   3.0416262e+00
   3.3111370e+00   3.3075593e+00   3.3039186e+00   3.3002653e+00   3.2966478e+00   3.2930706e+00   3.2894487e+00   3.2858086e+00   3.2821980e+00   3.2786655e+00   3.2751853e+00   3.2717426e+00   3.2683842e+00   3.2651243e+00   3.2619438e+00   3.2588949e+00   3.2559536e+00   3.2531278e+00   3.2504616e+00   3.2479451e+00   3.2455580e+00   3.2432947e+00   3.2411089e+00   3.2390797e+00   3.2371531e+00   3.2352791e+00   3.2334452e+00   3.2316635e+00   3.2298584e+00   3.2279587e+00   3.2258770e+00   3.2236035e+00   3.2211101e+00   3.2183354e+00   3.2153132e+00   3.2120838e+00   3.2086437e+00   3.2050400e+00   3.2013557e+00   3.1976674e+00   3.1939621e+00   3.1901731e+00   3.1864040e+00   3.1827185e+00   3.1793015e+00   3.1761925e+00   3.1734107e+00   3.1709719e+00   3.1688204e+00   3.1671381e+00   3.1660068e+00   3.1654651e+00   3.1655102e+00   3.1660712e+00   3.1671495e+00   3.1686795e+00   3.1706078e+00   3.1728821e+00   3.1755264e+00   3.1785266e+00   3.1817653e+00   3.1851537e+00   3.1885250e+00   3.1917439e+00   3.1946373e+00   3.1970224e+00   3.1988733e+00   3.2001057e+00   3.2006922e+00   3.2006881e+00   3.2002404e+00   3.1993477e+00   3.1980102e+00   3.1962531e+00   3.1942177e+00   3.1919813e+00   3.1894541e+00   3.1867027e+00   3.1837771e+00   3.1807258e+00   3.1775153e+00   3.1741676e+00   3.1707294e+00   3.1671627e+00   3.1634967e+00   3.1598032e+00   3.1560965e+00   3.1523201e+00   3.1484282e+00   3.1445637e+00   3.1407158e+00   3.1368637e+00   3.1330223e+00   3.1292269e+00   3.1254885e+00   3.1217480e+00   3.1180983e+00   3.1144583e+00   3.1108253e+00   3.1072185e+00
   3.2508790e+00   3.2473755e+00   3.2438118e+00   3.2402344e+00   3.2366798e+00   3.2331572e+00   3.2296066e+00   3.2260513e+00   3.2226152e+00   3.2192538e+00   3.2159183e+00   3.2125986e+00   3.2093213e+00   3.2061825e+00   3.2031882e+00   3.2003009e+00   3.1975772e+00   3.1949902e+00   3.1925411e+00   3.1902244e+00   3.1880467e+00   3.1860020e+00   3.1840878e+00   3.1822665e+00   3.1805379e+00   3.1788852e+00   3.1772747e+00   3.1756904e+00   3.1740894e+00   3.1723883e+00   3.1704900e+00   3.1683729e+00   3.1660025e+00   3.1633856e+00   3.1605361e+00   3.1574447e+00   3.1541290e+00   3.1506891e+00   3.1471713e+00   3.1436374e+00   3.1400290e+00   3.1363668e+00   3.1327269e+00   3.1292427e+00   3.1260250e+00   3.1231472e+00   3.1206219e+00   3.1184101e+00   3.1165698e+00   3.1152296e+00   3.1144607e+00   3.1143112e+00   3.1147401e+00   3.1157248e+00   3.1172104e+00   3.1191075e+00   3.1214247e+00   3.1241283e+00   3.1271603e+00   3.1305006e+00   3.1340435e+00   3.1376760e+00   3.1412323e+00   3.1445169e+00   3.1474228e+00   3.1498578e+00   3.1517346e+00   3.1529408e+00   3.1535141e+00   3.1535187e+00   3.1530428e+00   3.1520960e+00   3.1507883e+00   3.1491926e+00   3.1472819e+00   3.1451480e+00   3.1427553e+00   3.1401832e+00   3.1374083e+00   3.1344635e+00   3.1314299e+00   3.1282885e+00   3.1250508e+00   3.1217051e+00   3.1183138e+00   3.1148899e+00   3.1114237e+00   3.1079209e+00   3.1044054e+00   3.1008825e+00   3.0973501e+00   3.0938346e+00   3.0903587e+00   3.0869200e+00   3.0835521e+00   3.0802414e+00   3.0769508e+00   3.0736637e+00   3.0704176e+00   3.0671914e+00
   3.2003772e+00   3.1971633e+00   3.1939194e+00   3.1906567e+00   3.1873577e+00   3.1840436e+00   3.1807067e+00   3.1773796e+00   3.1740234e+00   3.1707199e+00   3.1674502e+00   3.1642215e+00   3.1610100e+00   3.1578557e+00   3.1547816e+00   3.1517847e+00   3.1488581e+00   3.1460352e+00   3.1433041e+00   3.1406822e+00   3.1381881e+00   3.1357849e+00   3.1334846e+00   3.1312733e+00   3.1291411e+00   3.1271083e+00   3.1251080e+00   3.1231382e+00   3.1211500e+00   3.1190879e+00   3.1168926e+00   3.1145217e+00   3.1119835e+00   3.1093147e+00   3.1064475e+00   3.1033890e+00   3.1001289e+00   3.0967429e+00   3.0932758e+00   3.0897360e+00   3.0861871e+00   3.0826881e+00   3.0792561e+00   3.0759094e+00   3.0726776e+00   3.0696783e+00   3.0669744e+00   3.0645316e+00   3.0623734e+00   3.0605905e+00   3.0592778e+00   3.0584621e+00   3.0580986e+00   3.0581751e+00   3.0586302e+00   3.0594151e+00   3.0605266e+00   3.0619698e+00   3.0636976e+00   3.0656426e+00   3.0677669e+00   3.0700424e+00   3.0723259e+00   3.0744696e+00   3.0763309e+00   3.0778739e+00   3.0789950e+00   3.0795870e+00   3.0796845e+00   3.0793202e+00   3.0785496e+00   3.0773742e+00   3.0758832e+00   3.0741653e+00   3.0722106e+00   3.0700397e+00   3.0676830e+00   3.0651608e+00   3.0624607e+00   3.0596225e+00   3.0566981e+00   3.0536849e+00   3.0505552e+00   3.0473316e+00   3.0440884e+00   3.0407972e+00   3.0374691e+00   3.0340827e+00   3.0306833e+00   3.0272834e+00   3.0238616e+00   3.0204353e+00   3.0170145e+00   3.0135810e+00   3.0101516e+00   3.0068054e+00   3.0035446e+00   3.0003223e+00   2.9970753e+00   2.9938424e+00
   3.1211388e+00   3.1179273e+00   3.1146648e+00   3.1113377e+00   3.1080074e+00   3.1047237e+00   3.1015403e+00   3.0983887e+00   3.0952883e+00   3.0921733e+00   3.0890827e+00   3.0860469e+00   3.0830936e+00   3.0802271e+00   3.0775013e+00   3.0748765e+00   3.0724003e+00   3.0700302e+00   3.0677605e+00   3.0655749e+00   3.0635595e+00   3.0616858e+00   3.0599480e+00   3.0583017e+00   3.0567181e+00   3.0551665e+00   3.0536728e+00   3.0521870e+00   3.0507061e+00   3.0491216e+00   3.0473537e+00   3.0454099e+00   3.0432532e+00   3.0408213e+00   3.0381584e+00   3.0352666e+00   3.0322027e+00   3.0290098e+00   3.0257199e+00   3.0224078e+00   3.0190842e+00   3.0157149e+00   3.0123355e+00   3.0090590e+00   3.0060158e+00   3.0033290e+00   3.0009663e+00   2.9988854e+00   2.9971046e+00   2.9957464e+00   2.9949253e+00   2.9946411e+00   2.9949210e+00   2.9957409e+00   2.9970419e+00   2.9987652e+00   3.0008459e+00   3.0033016e+00   3.0060947e+00   3.0091774e+00   3.0124962e+00   3.0159225e+00   3.0193071e+00   3.0225117e+00   3.0253563e+00   3.0277321e+00   3.0295212e+00   3.0307057e+00   3.0312967e+00   3.0313518e+00   3.0309048e+00   3.0300341e+00   3.0287693e+00   3.0271854e+00   3.0252879e+00   3.0231237e+00   3.0207405e+00   3.0181582e+00   3.0154133e+00   3.0125120e+00   3.0094821e+00   3.0063393e+00   3.0030911e+00   2.9997718e+00   2.9963713e+00   2.9929180e+00   2.9894171e+00   2.9858997e+00   2.9823506e+00   2.9787729e+00   2.9751799e+00   2.9715898e+00   2.9680355e+00   2.9644995e+00   2.9610283e+00   2.9576166e+00   2.9542694e+00   2.9509373e+00   2.9476097e+00   2.9443076e+00
   3.3025761e+00   3.2993338e+00   3.2960393e+00   3.2927148e+00   3.2893512e+00   3.2859643e+00   3.2825406e+00   3.2791383e+00   3.2757313e+00   3.2723315e+00   3.2689178e+00   3.2655199e+00   3.2622383e+00   3.2590187e+00   3.2558603e+00   3.2527695e+00   3.2498074e+00   3.2469585e+00   3.2441814e+00   3.2414925e+00   3.2389314e+00   3.2365170e+00   3.2342253e+00   3.2319911e+00   3.2298346e+00   3.2277215e+00   3.2256505e+00   3.2236135e+00   3.2215321e+00   3.2193940e+00   3.2171485e+00   3.2147377e+00   3.2121131e+00   3.2092326e+00   3.2061262e+00   3.2028053e+00   3.1993256e+00   3.1957366e+00   3.1920757e+00   3.1883862e+00   3.1846588e+00   3.1809103e+00   3.1771946e+00   3.1735535e+00   3.1700783e+00   3.1668689e+00   3.1639736e+00   3.1613972e+00   3.1591103e+00   3.1571846e+00   3.1556931e+00   3.1547031e+00   3.1542275e+00   3.1542194e+00   3.1546414e+00   3.1554470e+00   3.1565545e+00   3.1579723e+00   3.1596644e+00   3.1615970e+00   3.1637478e+00   3.1659586e+00   3.1681502e+00   3.1702168e+00   3.1720264e+00   3.1734650e+00   3.1744099e+00   3.1748421e+00   3.1747901e+00   3.1743014e+00   3.1733677e+00   3.1720543e+00   3.1704302e+00   3.1685808e+00   3.1664603e+00   3.1640923e+00   3.1615055e+00   3.1588049e+00   3.1559608e+00   3.1529558e+00   3.1498516e+00   3.1466577e+00   3.1434014e+00   3.1400406e+00   3.1366346e+00   3.1331718e+00   3.1296685e+00   3.1261301e+00   3.1225860e+00   3.1190331e+00   3.1154397e+00   3.1118546e+00   3.1082630e+00   3.1046693e+00   3.1010609e+00   3.0975134e+00   3.0940473e+00   3.0906174e+00   3.0871561e+00   3.0837181e+00
   3.4113359e+00   3.4076092e+00   3.4038084e+00   3.4000504e+00   3.3962708e+00   3.3925235e+00   3.3887684e+00   3.3849871e+00   3.3812740e+00   3.3776376e+00   3.3740702e+00   3.3706017e+00   3.3671944e+00   3.3638294e+00   3.3605864e+00   3.3575032e+00   3.3546219e+00   3.3519125e+00   3.3493099e+00   3.3468297e+00   3.3444951e+00   3.3423092e+00   3.3403032e+00   3.3383987e+00   3.3365993e+00   3.3348560e+00   3.3332033e+00   3.3315704e+00   3.3298781e+00   3.3280728e+00   3.3260486e+00   3.3237665e+00   3.3212621e+00   3.3184378e+00   3.3153522e+00   3.3119414e+00   3.3083382e+00   3.3045528e+00   3.3006241e+00   3.2965972e+00   3.2925498e+00   3.2885373e+00   3.2845953e+00   3.2807236e+00   3.2770958e+00   3.2738218e+00   3.2709091e+00   3.2684240e+00   3.2663078e+00   3.2647560e+00   3.2638147e+00   3.2635057e+00   3.2638760e+00   3.2648137e+00   3.2662668e+00   3.2681675e+00   3.2704735e+00   3.2731931e+00   3.2762392e+00   3.2795980e+00   3.2831650e+00   3.2868099e+00   3.2903817e+00   3.2937298e+00   3.2966740e+00   3.2990797e+00   3.3008642e+00   3.3019993e+00   3.3025074e+00   3.3023641e+00   3.3016911e+00   3.3005600e+00   3.2990391e+00   3.2971649e+00   3.2949612e+00   3.2925217e+00   3.2898324e+00   3.2869208e+00   3.2837934e+00   3.2805033e+00   3.2770779e+00   3.2734945e+00   3.2698300e+00   3.2660754e+00   3.2622623e+00   3.2583656e+00   3.2544098e+00   3.2504127e+00   3.2463839e+00   3.2423308e+00   3.2382441e+00   3.2341664e+00   3.2301037e+00   3.2260787e+00   3.2220638e+00   3.2180889e+00   3.2141855e+00   3.2102985e+00   3.2064464e+00   3.2026117e+00
   3.1169951e+00   3.1139729e+00   3.1109593e+00   3.1078980e+00   3.1048319e+00   3.1017544e+00   3.0987093e+00   3.0957420e+00   3.0928574e+00   3.0900204e+00   3.0872371e+00   3.0844967e+00   3.0818424e+00   3.0792940e+00   3.0768261e+00   3.0744772e+00   3.0722821e+00   3.0702555e+00   3.0684049e+00   3.0666597e+00   3.0650437e+00   3.0635726e+00   3.0622292e+00   3.0610001e+00   3.0598786e+00   3.0588119e+00   3.0578148e+00   3.0568371e+00   3.0558217e+00   3.0547163e+00   3.0534127e+00   3.0518684e+00   3.0500538e+00   3.0479515e+00   3.0455310e+00   3.0428641e+00   3.0399563e+00   3.0368645e+00   3.0336254e+00   3.0303099e+00   3.0269928e+00   3.0236704e+00   3.0203686e+00   3.0171444e+00   3.0141068e+00   3.0114126e+00   3.0090730e+00   3.0070820e+00   3.0054519e+00   3.0043056e+00   3.0037267e+00   3.0037975e+00   3.0045118e+00   3.0058124e+00   3.0076129e+00   3.0098431e+00   3.0125103e+00   3.0156052e+00   3.0190556e+00   3.0228469e+00   3.0269043e+00   3.0310853e+00   3.0352290e+00   3.0391550e+00   3.0427513e+00   3.0458372e+00   3.0483027e+00   3.0500748e+00   3.0511434e+00   3.0515568e+00   3.0513694e+00   3.0506957e+00   3.0495985e+00   3.0481460e+00   3.0463507e+00   3.0442314e+00   3.0418417e+00   3.0392077e+00   3.0363548e+00   3.0333283e+00   3.0301406e+00   3.0268352e+00   3.0234082e+00   3.0198689e+00   3.0162446e+00   3.0125363e+00   3.0087569e+00   3.0049217e+00   3.0010669e+00   2.9971817e+00   2.9932775e+00   2.9893720e+00   2.9855001e+00   2.9816408e+00   2.9778144e+00   2.9740775e+00   2.9704056e+00   2.9667709e+00   2.9631360e+00   2.9595232e+00
   3.2345793e+00   3.2309043e+00   3.2272003e+00   3.2234333e+00   3.2196407e+00   3.2158699e+00   3.2121408e+00   3.2084873e+00   3.2048495e+00   3.2012913e+00   3.1977758e+00   3.1942914e+00   3.1908634e+00   3.1874845e+00   3.1842458e+00   3.1811543e+00   3.1781924e+00   3.1753635e+00   3.1726711e+00   3.1701276e+00   3.1677368e+00   3.1654484e+00   3.1632955e+00   3.1612637e+00   3.1593220e+00   3.1574669e+00   3.1556432e+00   3.1538594e+00   3.1520529e+00   3.1501915e+00   3.1481903e+00   3.1459548e+00   3.1434796e+00   3.1407416e+00   3.1377385e+00   3.1345158e+00   3.1311052e+00   3.1275790e+00   3.1239643e+00   3.1202881e+00   3.1165934e+00   3.1128633e+00   3.1091163e+00   3.1054776e+00   3.1020691e+00   3.0990055e+00   3.0962803e+00   3.0938604e+00   3.0918086e+00   3.0901880e+00   3.0890982e+00   3.0885932e+00   3.0886633e+00   3.0892999e+00   3.0904436e+00   3.0920095e+00   3.0939758e+00   3.0962903e+00   3.0989811e+00   3.1020238e+00   3.1053026e+00   3.1087239e+00   3.1121480e+00   3.1154020e+00   3.1183128e+00   3.1207068e+00   3.1225679e+00   3.1238225e+00   3.1244576e+00   3.1245286e+00   3.1240597e+00   3.1231663e+00   3.1218517e+00   3.1201866e+00   3.1182096e+00   3.1159585e+00   3.1135023e+00   3.1108577e+00   3.1080468e+00   3.1050367e+00   3.1018441e+00   3.0985167e+00   3.0951014e+00   3.0916030e+00   3.0880449e+00   3.0844402e+00   3.0807970e+00   3.0770769e+00   3.0732994e+00   3.0695102e+00   3.0657005e+00   3.0619071e+00   3.0581522e+00   3.0544643e+00   3.0508091e+00   3.0471554e+00   3.0435655e+00   3.0399778e+00   3.0364454e+00   3.0329759e+00
   3.3653240e+00   3.3614299e+00   3.3575039e+00   3.3536003e+00   3.3496952e+00   3.3458138e+00   3.3419876e+00   3.3382053e+00   3.3345029e+00   3.3308384e+00   3.3272183e+00   3.3236923e+00   3.3202941e+00   3.3170178e+00   3.3138845e+00   3.3109171e+00   3.3081367e+00   3.3055279e+00   3.3030808e+00   3.3007870e+00   3.2986653e+00   3.2967424e+00   3.2949419e+00   3.2932489e+00   3.2916327e+00   3.2901242e+00   3.2886975e+00   3.2872913e+00   3.2857974e+00   3.2841692e+00   3.2823555e+00   3.2803228e+00   3.2779911e+00   3.2753742e+00   3.2724636e+00   3.2693231e+00   3.2659948e+00   3.2625258e+00   3.2589445e+00   3.2553127e+00   3.2515507e+00   3.2477140e+00   3.2439091e+00   3.2403505e+00   3.2371578e+00   3.2343719e+00   3.2319632e+00   3.2298839e+00   3.2282467e+00   3.2271779e+00   3.2267580e+00   3.2270231e+00   3.2279232e+00   3.2294569e+00   3.2315514e+00   3.2341709e+00   3.2372589e+00   3.2407472e+00   3.2446196e+00   3.2488194e+00   3.2532747e+00   3.2578180e+00   3.2622433e+00   3.2663863e+00   3.2701149e+00   3.2732544e+00   3.2757127e+00   3.2774632e+00   3.2785423e+00   3.2790129e+00   3.2789280e+00   3.2783601e+00   3.2773941e+00   3.2760479e+00   3.2743618e+00   3.2724025e+00   3.2701645e+00   3.2677097e+00   3.2650871e+00   3.2623405e+00   3.2594397e+00   3.2563772e+00   3.2532127e+00   3.2499535e+00   3.2466183e+00   3.2432175e+00   3.2398224e+00   3.2364175e+00   3.2329702e+00   3.2295074e+00   3.2260478e+00   3.2225530e+00   3.2190888e+00   3.2157068e+00   3.2124116e+00   3.2091711e+00   3.2059307e+00   3.2027795e+00   3.1996143e+00   3.1964657e+00
   3.3586833e+00   3.3555825e+00   3.3524752e+00   3.3493309e+00   3.3461103e+00   3.3428543e+00   3.3395817e+00   3.3363488e+00   3.3331635e+00   3.3299735e+00   3.3268425e+00   3.3237665e+00   3.3207428e+00   3.3177898e+00   3.3148983e+00   3.3121116e+00   3.3094852e+00   3.3069932e+00   3.3046172e+00   3.3023684e+00   3.3002188e+00   3.2981899e+00   3.2962515e+00   3.2944183e+00   3.2926962e+00   3.2910607e+00   3.2894583e+00   3.2878873e+00   3.2862322e+00   3.2844832e+00   3.2825558e+00   3.2803943e+00   3.2779834e+00   3.2753222e+00   3.2723982e+00   3.2692587e+00   3.2658589e+00   3.2622736e+00   3.2585933e+00   3.2548401e+00   3.2511075e+00   3.2474186e+00   3.2437704e+00   3.2401650e+00   3.2366760e+00   3.2334869e+00   3.2307055e+00   3.2282743e+00   3.2262037e+00   3.2245734e+00   3.2234707e+00   3.2229311e+00   3.2229900e+00   3.2235897e+00   3.2246664e+00   3.2261274e+00   3.2279475e+00   3.2301161e+00   3.2325592e+00   3.2352369e+00   3.2381318e+00   3.2411356e+00   3.2440965e+00   3.2468207e+00   3.2492163e+00   3.2511342e+00   3.2524741e+00   3.2531812e+00   3.2533123e+00   3.2529199e+00   3.2520740e+00   3.2508466e+00   3.2492516e+00   3.2473583e+00   3.2451713e+00   3.2427025e+00   3.2399712e+00   3.2370510e+00   3.2340286e+00   3.2308743e+00   3.2276075e+00   3.2242100e+00   3.2206793e+00   3.2170446e+00   3.2133181e+00   3.2095528e+00   3.2057502e+00   3.2019122e+00   3.1980333e+00   3.1941178e+00   3.1901438e+00   3.1861656e+00   3.1821737e+00   3.1782463e+00   3.1744347e+00   3.1706550e+00   3.1668599e+00   3.1630638e+00   3.1593583e+00   3.1557062e+00
   3.3540106e+00   3.3507283e+00   3.3474057e+00   3.3440132e+00   3.3405311e+00   3.3370087e+00   3.3334529e+00   3.3298938e+00   3.3263588e+00   3.3228467e+00   3.3193798e+00   3.3158989e+00   3.3124580e+00   3.3090522e+00   3.3057153e+00   3.3024619e+00   3.2993081e+00   3.2962732e+00   3.2933712e+00   3.2905428e+00   3.2878714e+00   3.2853069e+00   3.2828064e+00   3.2803400e+00   3.2779362e+00   3.2756031e+00   3.2733767e+00   3.2712204e+00   3.2690322e+00   3.2667344e+00   3.2642708e+00   3.2616501e+00   3.2588842e+00   3.2558680e+00   3.2526047e+00   3.2491772e+00   3.2456019e+00   3.2419386e+00   3.2381401e+00   3.2342880e+00   3.2303829e+00   3.2264750e+00   3.2226279e+00   3.2189083e+00   3.2153409e+00   3.2120111e+00   3.2089717e+00   3.2062197e+00   3.2037761e+00   3.2016904e+00   3.2001038e+00   3.1989956e+00   3.1983821e+00   3.1982701e+00   3.1985633e+00   3.1992028e+00   3.2001522e+00   3.2013991e+00   3.2029438e+00   3.2047169e+00   3.2066724e+00   3.2087691e+00   3.2108538e+00   3.2127800e+00   3.2144439e+00   3.2157440e+00   3.2166321e+00   3.2170427e+00   3.2169456e+00   3.2163842e+00   3.2154388e+00   3.2141583e+00   3.2125988e+00   3.2107365e+00   3.2086382e+00   3.2063544e+00   3.2038810e+00   3.2012653e+00   3.1984684e+00   3.1955535e+00   3.1925337e+00   3.1894414e+00   3.1862605e+00   3.1829767e+00   3.1796684e+00   3.1763198e+00   3.1729357e+00   3.1694832e+00   3.1659725e+00   3.1624734e+00   3.1589613e+00   3.1554911e+00   3.1520214e+00   3.1485298e+00   3.1450365e+00   3.1415672e+00   3.1381638e+00   3.1347535e+00   3.1313603e+00   3.1280053e+00
   3.2276795e+00   3.2246335e+00   3.2215767e+00   3.2184818e+00   3.2153637e+00   3.2122765e+00   3.2091477e+00   3.2060547e+00   3.2029591e+00   3.1999092e+00   3.1968629e+00   3.1938684e+00   3.1909485e+00   3.1881192e+00   3.1854010e+00   3.1828005e+00   3.1803534e+00   3.1780195e+00   3.1757553e+00   3.1736298e+00   3.1716416e+00   3.1697483e+00   3.1680021e+00   3.1663010e+00   3.1646986e+00   3.1631613e+00   3.1616299e+00   3.1601295e+00   3.1585884e+00   3.1569538e+00   3.1551621e+00   3.1531334e+00   3.1509535e+00   3.1486118e+00   3.1460779e+00   3.1433871e+00   3.1404960e+00   3.1375239e+00   3.1345246e+00   3.1314907e+00   3.1283314e+00   3.1250408e+00   3.1217375e+00   3.1186562e+00   3.1159325e+00   3.1135089e+00   3.1113403e+00   3.1094024e+00   3.1077754e+00   3.1066129e+00   3.1059554e+00   3.1058362e+00   3.1061914e+00   3.1070225e+00   3.1083000e+00   3.1099298e+00   3.1119299e+00   3.1142559e+00   3.1169069e+00   3.1198375e+00   3.1229219e+00   3.1260655e+00   3.1291504e+00   3.1320689e+00   3.1346540e+00   3.1368039e+00   3.1384411e+00   3.1395929e+00   3.1402180e+00   3.1403568e+00   3.1400816e+00   3.1394608e+00   3.1385486e+00   3.1372931e+00   3.1358101e+00   3.1341412e+00   3.1322975e+00   3.1302521e+00   3.1280658e+00   3.1257985e+00   3.1234236e+00   3.1208897e+00   3.1182432e+00   3.1155975e+00   3.1129525e+00   3.1102479e+00   3.1075001e+00   3.1047580e+00   3.1020393e+00   3.0992715e+00   3.0964963e+00   3.0937672e+00   3.0910847e+00   3.0884202e+00   3.0857890e+00   3.0832300e+00   3.0806973e+00   3.0781767e+00   3.0756340e+00   3.0731003e+00
   3.3538687e+00   3.3499393e+00   3.3460360e+00   3.3421242e+00   3.3381948e+00   3.3342905e+00   3.3304005e+00   3.3265693e+00   3.3227513e+00   3.3189900e+00   3.3153467e+00   3.3118267e+00   3.3084056e+00   3.3050804e+00   3.3018486e+00   3.2987585e+00   3.2958257e+00   3.2930601e+00   3.2904899e+00   3.2881184e+00   3.2858956e+00   3.2837837e+00   3.2817831e+00   3.2799261e+00   3.2781916e+00   3.2765481e+00   3.2749500e+00   3.2734163e+00   3.2718828e+00   3.2702141e+00   3.2683151e+00   3.2662113e+00   3.2637959e+00   3.2610753e+00   3.2580528e+00   3.2547481e+00   3.2511933e+00   3.2474394e+00   3.2435768e+00   3.2396638e+00   3.2357073e+00   3.2317219e+00   3.2277555e+00   3.2239044e+00   3.2203238e+00   3.2171383e+00   3.2143309e+00   3.2118700e+00   3.2098019e+00   3.2082379e+00   3.2073214e+00   3.2071171e+00   3.2076015e+00   3.2087433e+00   3.2104390e+00   3.2126172e+00   3.2152472e+00   3.2182801e+00   3.2217853e+00   3.2257206e+00   3.2299011e+00   3.2341988e+00   3.2384470e+00   3.2424860e+00   3.2461121e+00   3.2491157e+00   3.2514267e+00   3.2530148e+00   3.2539012e+00   3.2540874e+00   3.2536516e+00   3.2526639e+00   3.2512329e+00   3.2494183e+00   3.2472532e+00   3.2447937e+00   3.2420826e+00   3.2391164e+00   3.2359278e+00   3.2325716e+00   3.2290142e+00   3.2253077e+00   3.2214661e+00   3.2175865e+00   3.2136393e+00   3.2096231e+00   3.2055638e+00   3.2014568e+00   3.1972897e+00   3.1930726e+00   3.1888702e+00   3.1847160e+00   3.1806266e+00   3.1765344e+00   3.1724732e+00   3.1684771e+00   3.1645489e+00   3.1606796e+00   3.1568317e+00   3.1530247e+00
   3.3521731e+00   3.3486803e+00   3.3451548e+00   3.3416092e+00   3.3380516e+00   3.3345139e+00   3.3310153e+00   3.3275414e+00   3.3241317e+00   3.3207607e+00   3.3174393e+00   3.3142102e+00   3.3110712e+00   3.3080206e+00   3.3050880e+00   3.3022621e+00   3.2996044e+00   3.2971199e+00   3.2948048e+00   3.2926340e+00   3.2905989e+00   3.2887170e+00   3.2869866e+00   3.2854259e+00   3.2839863e+00   3.2825887e+00   3.2812164e+00   3.2798321e+00   3.2784593e+00   3.2770174e+00   3.2754204e+00   3.2735436e+00   3.2714176e+00   3.2689581e+00   3.2662132e+00   3.2631834e+00   3.2599018e+00   3.2564270e+00   3.2528307e+00   3.2491782e+00   3.2454898e+00   3.2417800e+00   3.2380841e+00   3.2345057e+00   3.2311528e+00   3.2281494e+00   3.2255561e+00   3.2233458e+00   3.2215118e+00   3.2201893e+00   3.2194669e+00   3.2193902e+00   3.2199934e+00   3.2212598e+00   3.2231152e+00   3.2254524e+00   3.2282190e+00   3.2314003e+00   3.2349701e+00   3.2388847e+00   3.2430909e+00   3.2474864e+00   3.2518809e+00   3.2560968e+00   3.2599251e+00   3.2632220e+00   3.2658556e+00   3.2677834e+00   3.2689712e+00   3.2694566e+00   3.2693691e+00   3.2688029e+00   3.2678025e+00   3.2663765e+00   3.2645767e+00   3.2624090e+00   3.2599528e+00   3.2572775e+00   3.2544250e+00   3.2513809e+00   3.2481117e+00   3.2447169e+00   3.2412121e+00   3.2375996e+00   3.2339239e+00   3.2301700e+00   3.2263603e+00   3.2224815e+00   3.2185705e+00   3.2146571e+00   3.2107098e+00   3.2067921e+00   3.2029150e+00   3.1990612e+00   3.1952679e+00   3.1915529e+00   3.1879303e+00   3.1843059e+00   3.1806567e+00   3.1770270e+00
   3.2693806e+00   3.2658288e+00   3.2621861e+00   3.2585080e+00   3.2548125e+00   3.2511570e+00   3.2474940e+00   3.2438152e+00   3.2401741e+00   3.2365503e+00   3.2329695e+00   3.2294614e+00   3.2260144e+00   3.2226889e+00   3.2194653e+00   3.2162993e+00   3.2132237e+00   3.2102344e+00   3.2073689e+00   3.2046947e+00   3.2021811e+00   3.1997969e+00   3.1975186e+00   3.1953163e+00   3.1932280e+00   3.1911938e+00   3.1891716e+00   3.1871889e+00   3.1852391e+00   3.1831961e+00   3.1810091e+00   3.1785870e+00   3.1759384e+00   3.1730640e+00   3.1699498e+00   3.1666622e+00   3.1632135e+00   3.1595914e+00   3.1558750e+00   3.1520851e+00   3.1482365e+00   3.1443608e+00   3.1405423e+00   3.1368310e+00   3.1333437e+00   3.1301785e+00   3.1273444e+00   3.1247985e+00   3.1225541e+00   3.1207180e+00   3.1194181e+00   3.1186717e+00   3.1184914e+00   3.1188536e+00   3.1196415e+00   3.1208007e+00   3.1223221e+00   3.1242096e+00   3.1264107e+00   3.1289098e+00   3.1316369e+00   3.1345043e+00   3.1373215e+00   3.1399114e+00   3.1421680e+00   3.1439965e+00   3.1453152e+00   3.1460750e+00   3.1462727e+00   3.1459363e+00   3.1451533e+00   3.1439474e+00   3.1424201e+00   3.1406174e+00   3.1385765e+00   3.1363103e+00   3.1338513e+00   3.1312091e+00   3.1283751e+00   3.1254103e+00   3.1223400e+00   3.1191778e+00   3.1158874e+00   3.1125491e+00   3.1091740e+00   3.1057291e+00   3.1022453e+00   3.0987198e+00   3.0951698e+00   3.0915921e+00   3.0880125e+00   3.0844681e+00   3.0809314e+00   3.0774107e+00   3.0738947e+00   3.0703871e+00   3.0669746e+00   3.0636139e+00   3.0602798e+00   3.0569181e+00
   3.2365787e+00   3.2331896e+00   3.2297833e+00   3.2263651e+00   3.2229912e+00   3.2196214e+00   3.2162559e+00   3.2129147e+00   3.2096379e+00   3.2064335e+00   3.2032759e+00   3.2001779e+00   3.1971684e+00   3.1942730e+00   3.1915023e+00   3.1888361e+00   3.1863365e+00   3.1839848e+00   3.1817751e+00   3.1797040e+00   3.1777573e+00   3.1759536e+00   3.1742737e+00   3.1727047e+00   3.1712532e+00   3.1698513e+00   3.1685164e+00   3.1671865e+00   3.1658299e+00   3.1643231e+00   3.1626327e+00   3.1607010e+00   3.1585503e+00   3.1561673e+00   3.1535289e+00   3.1506271e+00   3.1475356e+00   3.1442928e+00   3.1409523e+00   3.1375487e+00   3.1340752e+00   3.1305439e+00   3.1270199e+00   3.1236591e+00   3.1205914e+00   3.1178961e+00   3.1155119e+00   3.1134453e+00   3.1117880e+00   3.1106253e+00   3.1100490e+00   3.1100786e+00   3.1106913e+00   3.1118488e+00   3.1135490e+00   3.1156714e+00   3.1182339e+00   3.1211956e+00   3.1245282e+00   3.1282165e+00   3.1321414e+00   3.1361637e+00   3.1401339e+00   3.1438572e+00   3.1472161e+00   3.1500628e+00   3.1522846e+00   3.1538494e+00   3.1547604e+00   3.1550686e+00   3.1548827e+00   3.1542332e+00   3.1531842e+00   3.1517932e+00   3.1501071e+00   3.1481438e+00   3.1459353e+00   3.1435149e+00   3.1409037e+00   3.1381447e+00   3.1352499e+00   3.1322448e+00   3.1291296e+00   3.1259077e+00   3.1226261e+00   3.1192949e+00   3.1159003e+00   3.1124756e+00   3.1090562e+00   3.1056058e+00   3.1021349e+00   3.0986631e+00   3.0952320e+00   3.0918481e+00   3.0884714e+00   3.0851841e+00   3.0819464e+00   3.0787079e+00   3.0754325e+00   3.0721560e+00
   3.2675819e+00   3.2637997e+00   3.2600012e+00   3.2561438e+00   3.2523506e+00   3.2485459e+00   3.2448282e+00   3.2411478e+00   3.2374973e+00   3.2339194e+00   3.2304332e+00   3.2270615e+00   3.2238119e+00   3.2206314e+00   3.2175798e+00   3.2146685e+00   3.2119434e+00   3.2093952e+00   3.2069991e+00   3.2047813e+00   3.2027333e+00   3.2008228e+00   3.1990960e+00   3.1975014e+00   3.1960280e+00   3.1946332e+00   3.1932888e+00   3.1919706e+00   3.1906273e+00   3.1891830e+00   3.1875598e+00   3.1856825e+00   3.1834671e+00   3.1809158e+00   3.1780472e+00   3.1749251e+00   3.1715400e+00   3.1679342e+00   3.1641653e+00   3.1603253e+00   3.1564963e+00   3.1526270e+00   3.1487310e+00   3.1449273e+00   3.1413658e+00   3.1382294e+00   3.1355054e+00   3.1331537e+00   3.1312339e+00   3.1298435e+00   3.1291268e+00   3.1291103e+00   3.1297684e+00   3.1311138e+00   3.1330483e+00   3.1354694e+00   3.1383362e+00   3.1416037e+00   3.1452684e+00   3.1492932e+00   3.1535842e+00   3.1580002e+00   3.1623573e+00   3.1664867e+00   3.1702213e+00   3.1733940e+00   3.1758347e+00   3.1775122e+00   3.1784661e+00   3.1787741e+00   3.1784699e+00   3.1775970e+00   3.1762676e+00   3.1745436e+00   3.1724813e+00   3.1700847e+00   3.1673791e+00   3.1644690e+00   3.1613388e+00   3.1580575e+00   3.1546223e+00   3.1510012e+00   3.1472466e+00   3.1433563e+00   3.1393824e+00   3.1353130e+00   3.1311569e+00   3.1269855e+00   3.1228077e+00   3.1185887e+00   3.1143339e+00   3.1100674e+00   3.1058204e+00   3.1015995e+00   3.0974004e+00   3.0932648e+00   3.0892010e+00   3.0852230e+00   3.0812905e+00   3.0773764e+00
   2.9577925e+00   2.9550254e+00   2.9522307e+00   2.9494534e+00   2.9467049e+00   2.9439533e+00   2.9411676e+00   2.9384010e+00   2.9356546e+00   2.9329584e+00   2.9302988e+00   2.9276993e+00   2.9251728e+00   2.9226933e+00   2.9202650e+00   2.9179068e+00   2.9156332e+00   2.9134941e+00   2.9114993e+00   2.9096396e+00   2.9078693e+00   2.9061663e+00   2.9045553e+00   2.9030221e+00   2.9015687e+00   2.9001606e+00   2.8988094e+00   2.8975008e+00   2.8961360e+00   2.8946831e+00   2.8930976e+00   2.8913431e+00   2.8894179e+00   2.8873014e+00   2.8850117e+00   2.8825607e+00   2.8799419e+00   2.8772061e+00   2.8744056e+00   2.8715754e+00   2.8687069e+00   2.8658121e+00   2.8629367e+00   2.8601761e+00   2.8576171e+00   2.8553162e+00   2.8532884e+00   2.8514884e+00   2.8499515e+00   2.8487740e+00   2.8480732e+00   2.8478425e+00   2.8480604e+00   2.8487022e+00   2.8497581e+00   2.8511808e+00   2.8528996e+00   2.8549149e+00   2.8572481e+00   2.8598511e+00   2.8626471e+00   2.8655250e+00   2.8683598e+00   2.8710358e+00   2.8734109e+00   2.8753996e+00   2.8769352e+00   2.8779876e+00   2.8784878e+00   2.8784969e+00   2.8781021e+00   2.8773549e+00   2.8763077e+00   2.8749743e+00   2.8734093e+00   2.8716314e+00   2.8696489e+00   2.8675272e+00   2.8652666e+00   2.8628933e+00   2.8604023e+00   2.8578377e+00   2.8551846e+00   2.8524358e+00   2.8496151e+00   2.8467827e+00   2.8439548e+00   2.8410761e+00   2.8381770e+00   2.8352740e+00   2.8323567e+00   2.8294046e+00   2.8264759e+00   2.8236110e+00   2.8207893e+00   2.8180001e+00   2.8152478e+00   2.8125362e+00   2.8098183e+00   2.8070896e+00
   3.1204898e+00   3.1174316e+00   3.1143339e+00   3.1112013e+00   3.1080828e+00   3.1049576e+00   3.1018574e+00   3.0987425e+00   3.0956104e+00   3.0925150e+00   3.0894611e+00   3.0864525e+00   3.0835183e+00   3.0806491e+00   3.0778921e+00   3.0752189e+00   3.0726297e+00   3.0701294e+00   3.0677302e+00   3.0654821e+00   3.0633552e+00   3.0613568e+00   3.0594530e+00   3.0576258e+00   3.0558479e+00   3.0540953e+00   3.0523803e+00   3.0507219e+00   3.0490608e+00   3.0473158e+00   3.0454025e+00   3.0433180e+00   3.0410519e+00   3.0385869e+00   3.0359428e+00   3.0330820e+00   3.0300858e+00   3.0270185e+00   3.0239122e+00   3.0207863e+00   3.0175905e+00   3.0142920e+00   3.0109613e+00   3.0077658e+00   3.0048752e+00   3.0023391e+00   3.0000775e+00   2.9980481e+00   2.9962819e+00   2.9949138e+00   2.9940214e+00   2.9936354e+00   2.9937477e+00   2.9943430e+00   2.9953527e+00   2.9967444e+00   2.9984500e+00   3.0004673e+00   3.0027697e+00   3.0053513e+00   3.0081351e+00   3.0110168e+00   3.0138845e+00   3.0165846e+00   3.0189998e+00   3.0210037e+00   3.0224950e+00   3.0234630e+00   3.0239365e+00   3.0239429e+00   3.0235193e+00   3.0227082e+00   3.0215580e+00   3.0201061e+00   3.0184176e+00   3.0165253e+00   3.0144379e+00   3.0121765e+00   3.0097702e+00   3.0072670e+00   3.0046399e+00   3.0019162e+00   2.9990835e+00   2.9961674e+00   2.9932232e+00   2.9902675e+00   2.9872913e+00   2.9842653e+00   2.9811926e+00   2.9780896e+00   2.9749973e+00   2.9719245e+00   2.9688938e+00   2.9659054e+00   2.9629405e+00   2.9600258e+00   2.9571640e+00   2.9543111e+00   2.9514434e+00   2.9485543e+00
   3.2615039e+00   3.2577419e+00   3.2539930e+00   3.2502258e+00   3.2464590e+00   3.2427180e+00   3.2389982e+00   3.2353032e+00   3.2316878e+00   3.2281206e+00   3.2246163e+00   3.2211778e+00   3.2178071e+00   3.2145748e+00   3.2114723e+00   3.2084868e+00   3.2056606e+00   3.2029469e+00   3.2003934e+00   3.1979921e+00   3.1957524e+00   3.1936562e+00   3.1916854e+00   3.1898575e+00   3.1881330e+00   3.1864340e+00   3.1847594e+00   3.1831086e+00   3.1814272e+00   3.1796420e+00   3.1776574e+00   3.1754513e+00   3.1729927e+00   3.1702888e+00   3.1673176e+00   3.1640713e+00   3.1605785e+00   3.1569366e+00   3.1532135e+00   3.1494658e+00   3.1456730e+00   3.1418369e+00   3.1380475e+00   3.1343915e+00   3.1309929e+00   3.1279411e+00   3.1252363e+00   3.1228969e+00   3.1209478e+00   3.1195526e+00   3.1187718e+00   3.1186235e+00   3.1190012e+00   3.1199367e+00   3.1214454e+00   3.1234539e+00   3.1258924e+00   3.1286690e+00   3.1318080e+00   3.1352746e+00   3.1389751e+00   3.1427879e+00   3.1464965e+00   3.1499622e+00   3.1530397e+00   3.1555989e+00   3.1575584e+00   3.1588061e+00   3.1593673e+00   3.1593406e+00   3.1588135e+00   3.1578476e+00   3.1564543e+00   3.1546710e+00   3.1525853e+00   3.1502447e+00   3.1476581e+00   3.1448333e+00   3.1417811e+00   3.1385968e+00   3.1352947e+00   3.1319077e+00   3.1283910e+00   3.1247561e+00   3.1210184e+00   3.1172192e+00   3.1134303e+00   3.1095774e+00   3.1057198e+00   3.1018229e+00   3.0979364e+00   3.0940769e+00   3.0902107e+00   3.0863798e+00   3.0825787e+00   3.0788734e+00   3.0752366e+00   3.0716312e+00   3.0680141e+00   3.0644176e+00
   3.2152455e+00   3.2117407e+00   3.2082138e+00   3.2046554e+00   3.2010982e+00   3.1975472e+00   3.1939452e+00   3.1903369e+00   3.1867073e+00   3.1831400e+00   3.1795962e+00   3.1761014e+00   3.1726694e+00   3.1693020e+00   3.1659844e+00   3.1627953e+00   3.1597044e+00   3.1567128e+00   3.1538372e+00   3.1511030e+00   3.1485240e+00   3.1460288e+00   3.1435919e+00   3.1412573e+00   3.1390152e+00   3.1368463e+00   3.1347086e+00   3.1325808e+00   3.1304367e+00   3.1281898e+00   3.1257877e+00   3.1232269e+00   3.1204746e+00   3.1175127e+00   3.1143532e+00   3.1110294e+00   3.1076000e+00   3.1040585e+00   3.1004276e+00   3.0967934e+00   3.0931492e+00   3.0894880e+00   3.0858104e+00   3.0822175e+00   3.0788765e+00   3.0758598e+00   3.0731583e+00   3.0707214e+00   3.0685635e+00   3.0667922e+00   3.0654848e+00   3.0646822e+00   3.0643685e+00   3.0644999e+00   3.0650170e+00   3.0658710e+00   3.0670707e+00   3.0685492e+00   3.0703022e+00   3.0722873e+00   3.0744445e+00   3.0766604e+00   3.0788357e+00   3.0808609e+00   3.0825939e+00   3.0839412e+00   3.0848243e+00   3.0852478e+00   3.0851996e+00   3.0847218e+00   3.0838611e+00   3.0826547e+00   3.0811598e+00   3.0794134e+00   3.0774403e+00   3.0752754e+00   3.0729687e+00   3.0705109e+00   3.0679123e+00   3.0652027e+00   3.0623968e+00   3.0595000e+00   3.0565269e+00   3.0534809e+00   3.0503743e+00   3.0472152e+00   3.0440235e+00   3.0408227e+00   3.0376141e+00   3.0343647e+00   3.0310876e+00   3.0278044e+00   3.0245342e+00   3.0213425e+00   3.0181820e+00   3.0150375e+00   3.0119178e+00   3.0088253e+00   3.0057614e+00   3.0026720e+00
   3.4510229e+00   3.4474041e+00   3.4437659e+00   3.4400733e+00   3.4364183e+00   3.4327536e+00   3.4290559e+00   3.4254229e+00   3.4218261e+00   3.4182930e+00   3.4148190e+00   3.4113426e+00   3.4079533e+00   3.4047194e+00   3.4016383e+00   3.3986654e+00   3.3957424e+00   3.3929825e+00   3.3904121e+00   3.3880060e+00   3.3856876e+00   3.3834963e+00   3.3814430e+00   3.3795555e+00   3.3777297e+00   3.3759677e+00   3.3742599e+00   3.3726065e+00   3.3709018e+00   3.3690367e+00   3.3670027e+00   3.3647702e+00   3.3622980e+00   3.3595307e+00   3.3564460e+00   3.3531036e+00   3.3495300e+00   3.3458235e+00   3.3420436e+00   3.3381703e+00   3.3342257e+00   3.3302414e+00   3.3263237e+00   3.3225739e+00   3.3190708e+00   3.3159409e+00   3.3131924e+00   3.3107955e+00   3.3087752e+00   3.3072774e+00   3.3063774e+00   3.3061321e+00   3.3064716e+00   3.3074272e+00   3.3088853e+00   3.3107939e+00   3.3130620e+00   3.3157303e+00   3.3187482e+00   3.3220463e+00   3.3255341e+00   3.3290341e+00   3.3324559e+00   3.3356371e+00   3.3384235e+00   3.3407509e+00   3.3424826e+00   3.3435686e+00   3.3440158e+00   3.3438942e+00   3.3432491e+00   3.3421955e+00   3.3407533e+00   3.3390150e+00   3.3369658e+00   3.3346386e+00   3.3320949e+00   3.3293355e+00   3.3264198e+00   3.3233528e+00   3.3201692e+00   3.3168662e+00   3.3134758e+00   3.3100007e+00   3.3064587e+00   3.3028452e+00   3.2991962e+00   3.2955284e+00   3.2917938e+00   3.2880156e+00   3.2842729e+00   3.2805691e+00   3.2768786e+00   3.2731705e+00   3.2695093e+00   3.2659209e+00   3.2623835e+00   3.2589271e+00   3.2554448e+00   3.2519305e+00
   3.3658359e+00   3.3621194e+00   3.3584049e+00   3.3546798e+00   3.3509409e+00   3.3471422e+00   3.3433421e+00   3.3395882e+00   3.3358824e+00   3.3321788e+00   3.3285348e+00   3.3249569e+00   3.3214417e+00   3.3179753e+00   3.3146248e+00   3.3114173e+00   3.3083470e+00   3.3054106e+00   3.3026278e+00   3.3000133e+00   3.2975254e+00   3.2951558e+00   3.2929192e+00   3.2908099e+00   3.2887657e+00   3.2867944e+00   3.2849200e+00   3.2830486e+00   3.2811441e+00   3.2791173e+00   3.2769334e+00   3.2745621e+00   3.2718985e+00   3.2689831e+00   3.2658110e+00   3.2623813e+00   3.2587626e+00   3.2549794e+00   3.2510998e+00   3.2471416e+00   3.2431896e+00   3.2392728e+00   3.2354171e+00   3.2316637e+00   3.2281017e+00   3.2248685e+00   3.2219751e+00   3.2194262e+00   3.2172546e+00   3.2155640e+00   3.2144406e+00   3.2139199e+00   3.2139466e+00   3.2145364e+00   3.2156324e+00   3.2171972e+00   3.2191973e+00   3.2215521e+00   3.2242882e+00   3.2273924e+00   3.2307236e+00   3.2341816e+00   3.2376089e+00   3.2408495e+00   3.2436993e+00   3.2460549e+00   3.2478635e+00   3.2490699e+00   3.2496412e+00   3.2495892e+00   3.2489891e+00   3.2479179e+00   3.2464731e+00   3.2447398e+00   3.2427161e+00   3.2403753e+00   3.2378037e+00   3.2350073e+00   3.2320149e+00   3.2289016e+00   3.2256186e+00   3.2221985e+00   3.2186882e+00   3.2150919e+00   3.2114093e+00   3.2076483e+00   3.2038400e+00   3.2000122e+00   3.1961267e+00   3.1922369e+00   3.1883733e+00   3.1844959e+00   3.1805944e+00   3.1767128e+00   3.1728830e+00   3.1691453e+00   3.1654453e+00   3.1618016e+00   3.1581676e+00   3.1545241e+00
   3.1278381e+00   3.1244557e+00   3.1210365e+00   3.1176169e+00   3.1142130e+00   3.1108875e+00   3.1075449e+00   3.1042225e+00   3.1009490e+00   3.0977433e+00   3.0945866e+00   3.0915077e+00   3.0884683e+00   3.0855663e+00   3.0827436e+00   3.0800388e+00   3.0774572e+00   3.0750096e+00   3.0726900e+00   3.0704997e+00   3.0684340e+00   3.0665216e+00   3.0647659e+00   3.0631039e+00   3.0614719e+00   3.0599020e+00   3.0583742e+00   3.0568969e+00   3.0553856e+00   3.0537827e+00   3.0520277e+00   3.0500574e+00   3.0478280e+00   3.0453365e+00   3.0426025e+00   3.0396602e+00   3.0365133e+00   3.0332525e+00   3.0299041e+00   3.0265353e+00   3.0231304e+00   3.0196779e+00   3.0161905e+00   3.0127866e+00   3.0096343e+00   3.0068538e+00   3.0044136e+00   3.0022671e+00   3.0004356e+00   2.9990542e+00   2.9982176e+00   2.9979382e+00   2.9981966e+00   2.9990032e+00   3.0002716e+00   3.0019562e+00   3.0039990e+00   3.0063517e+00   3.0090237e+00   3.0119879e+00   3.0152080e+00   3.0185478e+00   3.0218279e+00   3.0248973e+00   3.0276077e+00   3.0298350e+00   3.0314801e+00   3.0325480e+00   3.0330467e+00   3.0329990e+00   3.0324745e+00   3.0315025e+00   3.0301836e+00   3.0285623e+00   3.0266774e+00   3.0245497e+00   3.0221965e+00   3.0196469e+00   3.0169289e+00   3.0140679e+00   3.0111179e+00   3.0080507e+00   3.0048866e+00   3.0016263e+00   2.9982860e+00   2.9948750e+00   2.9914024e+00   2.9879186e+00   2.9843760e+00   2.9808214e+00   2.9772708e+00   2.9737587e+00   2.9702446e+00   2.9667244e+00   2.9632580e+00   2.9598653e+00   2.9565251e+00   2.9532287e+00   2.9499204e+00   2.9466197e+00
   3.1257284e+00   3.1224186e+00   3.1190548e+00   3.1156995e+00   3.1123512e+00   3.1090581e+00   3.1057625e+00   3.1025240e+00   3.0993469e+00   3.0962265e+00   3.0931425e+00   3.0900955e+00   3.0871336e+00   3.0842841e+00   3.0815499e+00   3.0789216e+00   3.0764301e+00   3.0740941e+00   3.0719147e+00   3.0698614e+00   3.0679550e+00   3.0661795e+00   3.0645227e+00   3.0629728e+00   3.0614815e+00   3.0600708e+00   3.0587063e+00   3.0573702e+00   3.0559886e+00   3.0545006e+00   3.0528240e+00   3.0509632e+00   3.0488722e+00   3.0465403e+00   3.0439358e+00   3.0410931e+00   3.0380466e+00   3.0348771e+00   3.0316546e+00   3.0284173e+00   3.0251763e+00   3.0218656e+00   3.0185063e+00   3.0151892e+00   3.0121536e+00   3.0095336e+00   3.0072937e+00   3.0053236e+00   3.0036716e+00   3.0024729e+00   3.0018575e+00   3.0018036e+00   3.0023005e+00   3.0033529e+00   3.0048904e+00   3.0068796e+00   3.0092294e+00   3.0119448e+00   3.0149670e+00   3.0182724e+00   3.0217860e+00   3.0254145e+00   3.0290012e+00   3.0323770e+00   3.0353787e+00   3.0378964e+00   3.0398262e+00   3.0411479e+00   3.0418551e+00   3.0419877e+00   3.0416267e+00   3.0408745e+00   3.0397670e+00   3.0383322e+00   3.0365832e+00   3.0345738e+00   3.0323246e+00   3.0298913e+00   3.0272901e+00   3.0245631e+00   3.0217264e+00   3.0187941e+00   3.0157156e+00   3.0125482e+00   3.0093067e+00   3.0060036e+00   3.0026557e+00   2.9992630e+00   2.9958982e+00   2.9924812e+00   2.9890547e+00   2.9856129e+00   2.9821770e+00   2.9787853e+00   2.9754503e+00   2.9721937e+00   2.9689550e+00   2.9657285e+00   2.9625123e+00   2.9592991e+00
   2.9886334e+00   2.9855778e+00   2.9825237e+00   2.9794855e+00   2.9764125e+00   2.9733136e+00   2.9702065e+00   2.9671209e+00   2.9640319e+00   2.9609439e+00   2.9578745e+00   2.9548428e+00   2.9518702e+00   2.9489439e+00   2.9460895e+00   2.9432976e+00   2.9406130e+00   2.9380138e+00   2.9355221e+00   2.9331253e+00   2.9308422e+00   2.9286697e+00   2.9265661e+00   2.9245307e+00   2.9225914e+00   2.9207478e+00   2.9189713e+00   2.9171951e+00   2.9153759e+00   2.9134998e+00   2.9115074e+00   2.9093628e+00   2.9070587e+00   2.9045961e+00   2.9019654e+00   2.8991439e+00   2.8961489e+00   2.8930748e+00   2.8899486e+00   2.8867872e+00   2.8835919e+00   2.8803844e+00   2.8772032e+00   2.8740890e+00   2.8711455e+00   2.8684590e+00   2.8660405e+00   2.8638437e+00   2.8618920e+00   2.8602791e+00   2.8590934e+00   2.8583181e+00   2.8579590e+00   2.8580320e+00   2.8584878e+00   2.8592653e+00   2.8603363e+00   2.8617127e+00   2.8633900e+00   2.8653142e+00   2.8674202e+00   2.8696163e+00   2.8718121e+00   2.8738868e+00   2.8757229e+00   2.8772337e+00   2.8783123e+00   2.8789499e+00   2.8791440e+00   2.8789527e+00   2.8783550e+00   2.8773880e+00   2.8761332e+00   2.8746357e+00   2.8729317e+00   2.8710239e+00   2.8689435e+00   2.8667176e+00   2.8643608e+00   2.8619020e+00   2.8593504e+00   2.8566992e+00   2.8539534e+00   2.8511200e+00   2.8482599e+00   2.8453753e+00   2.8424466e+00   2.8394568e+00   2.8364353e+00   2.8334177e+00   2.8303783e+00   2.8273246e+00   2.8242733e+00   2.8212497e+00   2.8182728e+00   2.8153267e+00   2.8124352e+00   2.8095467e+00   2.8066700e+00   2.8038368e+00
   3.1406898e+00   3.1367090e+00   3.1327477e+00   3.1288173e+00   3.1249237e+00   3.1210451e+00   3.1172230e+00   3.1134541e+00   3.1097591e+00   3.1061471e+00   3.1026137e+00   3.0991516e+00   3.0957954e+00   3.0925503e+00   3.0894630e+00   3.0865195e+00   3.0837288e+00   3.0811074e+00   3.0786555e+00   3.0763681e+00   3.0742378e+00   3.0722449e+00   3.0703926e+00   3.0686657e+00   3.0670364e+00   3.0655069e+00   3.0640268e+00   3.0625737e+00   3.0610878e+00   3.0594854e+00   3.0576775e+00   3.0556486e+00   3.0533626e+00   3.0507877e+00   3.0479667e+00   3.0449131e+00   3.0416710e+00   3.0382872e+00   3.0348113e+00   3.0313222e+00   3.0277984e+00   3.0242326e+00   3.0206101e+00   3.0170949e+00   3.0139103e+00   3.0111361e+00   3.0087471e+00   3.0066655e+00   3.0049522e+00   3.0037529e+00   3.0031474e+00   3.0031919e+00   3.0038469e+00   3.0051029e+00   3.0068791e+00   3.0091259e+00   3.0118237e+00   3.0148914e+00   3.0183251e+00   3.0221233e+00   3.0261726e+00   3.0303352e+00   3.0343945e+00   3.0382254e+00   3.0416420e+00   3.0445306e+00   3.0467956e+00   3.0483472e+00   3.0492451e+00   3.0495167e+00   3.0492485e+00   3.0485241e+00   3.0473671e+00   3.0458710e+00   3.0440457e+00   3.0419340e+00   3.0395706e+00   3.0369823e+00   3.0342643e+00   3.0313928e+00   3.0283725e+00   3.0251970e+00   3.0219328e+00   3.0185871e+00   3.0151656e+00   3.0116444e+00   3.0080993e+00   3.0045414e+00   3.0009730e+00   2.9973841e+00   2.9937611e+00   2.9901741e+00   2.9866083e+00   2.9830940e+00   2.9796391e+00   2.9762347e+00   2.9729054e+00   2.9696255e+00   2.9663696e+00   2.9631231e+00
   3.2736461e+00   3.2697604e+00   3.2659094e+00   3.2621744e+00   3.2584517e+00   3.2546847e+00   3.2508976e+00   3.2472532e+00   3.2437220e+00   3.2402456e+00   3.2367833e+00   3.2333953e+00   3.2301819e+00   3.2270985e+00   3.2241306e+00   3.2212417e+00   3.2185237e+00   3.2160187e+00   3.2137518e+00   3.2115924e+00   3.2095363e+00   3.2076328e+00   3.2059450e+00   3.2044017e+00   3.2028980e+00   3.2014372e+00   3.2000561e+00   3.1987379e+00   3.1973877e+00   3.1958942e+00   3.1941464e+00   3.1921432e+00   3.1899016e+00   3.1874192e+00   3.1846399e+00   3.1815078e+00   3.1780999e+00   3.1745985e+00   3.1711242e+00   3.1676388e+00   3.1640017e+00   3.1602147e+00   3.1564550e+00   3.1529086e+00   3.1497355e+00   3.1469696e+00   3.1445320e+00   3.1424084e+00   3.1407433e+00   3.1396894e+00   3.1392784e+00   3.1394479e+00   3.1402340e+00   3.1417408e+00   3.1438751e+00   3.1465015e+00   3.1494973e+00   3.1528742e+00   3.1566374e+00   3.1607666e+00   3.1651943e+00   3.1697690e+00   3.1742392e+00   3.1784315e+00   3.1822023e+00   3.1854305e+00   3.1879969e+00   3.1897469e+00   3.1907785e+00   3.1911736e+00   3.1910560e+00   3.1904404e+00   3.1893494e+00   3.1879017e+00   3.1861255e+00   3.1839960e+00   3.1815784e+00   3.1789474e+00   3.1761618e+00   3.1731884e+00   3.1700733e+00   3.1668136e+00   3.1634104e+00   3.1598580e+00   3.1562893e+00   3.1527441e+00   3.1491640e+00   3.1454694e+00   3.1417027e+00   3.1379669e+00   3.1342518e+00   3.1305306e+00   3.1268179e+00   3.1231775e+00   3.1196110e+00   3.1161454e+00   3.1126845e+00   3.1092107e+00   3.1057374e+00   3.1023586e+00
   3.1716115e+00   3.1684835e+00   3.1653185e+00   3.1621506e+00   3.1589372e+00   3.1556814e+00   3.1524208e+00   3.1492071e+00   3.1459906e+00   3.1428108e+00   3.1396906e+00   3.1366570e+00   3.1336613e+00   3.1306992e+00   3.1278076e+00   3.1250172e+00   3.1223450e+00   3.1197853e+00   3.1173363e+00   3.1150467e+00   3.1128654e+00   3.1107833e+00   3.1088238e+00   3.1069505e+00   3.1051931e+00   3.1034787e+00   3.1018116e+00   3.1001937e+00   3.0985501e+00   3.0968239e+00   3.0949867e+00   3.0929317e+00   3.0906858e+00   3.0882118e+00   3.0855086e+00   3.0825489e+00   3.0793896e+00   3.0760634e+00   3.0726249e+00   3.0691245e+00   3.0655820e+00   3.0620406e+00   3.0585203e+00   3.0550804e+00   3.0518475e+00   3.0488470e+00   3.0461578e+00   3.0437601e+00   3.0416906e+00   3.0400393e+00   3.0389016e+00   3.0383189e+00   3.0382700e+00   3.0387490e+00   3.0396881e+00   3.0410185e+00   3.0426769e+00   3.0446751e+00   3.0470188e+00   3.0496635e+00   3.0525405e+00   3.0555818e+00   3.0586329e+00   3.0615330e+00   3.0641129e+00   3.0662708e+00   3.0679486e+00   3.0690467e+00   3.0695400e+00   3.0694892e+00   3.0689476e+00   3.0679750e+00   3.0666113e+00   3.0649264e+00   3.0629816e+00   3.0607727e+00   3.0583236e+00   3.0556738e+00   3.0528183e+00   3.0497892e+00   3.0465956e+00   3.0433197e+00   3.0399659e+00   3.0365391e+00   3.0330076e+00   3.0294225e+00   3.0257804e+00   3.0220883e+00   3.0183594e+00   3.0145867e+00   3.0107901e+00   3.0069954e+00   3.0032632e+00   2.9995649e+00   2.9958665e+00   2.9921901e+00   2.9885480e+00   2.9849443e+00   2.9813836e+00   2.9778335e+00
   3.2570493e+00   3.2531226e+00   3.2492230e+00   3.2452936e+00   3.2414038e+00   3.2375572e+00   3.2337697e+00   3.2300484e+00   3.2264032e+00   3.2228248e+00   3.2193477e+00   3.2159357e+00   3.2126446e+00   3.2095060e+00   3.2065365e+00   3.2037098e+00   3.2010319e+00   3.1985397e+00   3.1962745e+00   3.1941640e+00   3.1922426e+00   3.1904719e+00   3.1888607e+00   3.1874034e+00   3.1860354e+00   3.1847918e+00   3.1836395e+00   3.1824610e+00   3.1812465e+00   3.1799049e+00   3.1783314e+00   3.1764889e+00   3.1743400e+00   3.1718872e+00   3.1691177e+00   3.1660416e+00   3.1627209e+00   3.1591995e+00   3.1555183e+00   3.1517885e+00   3.1480503e+00   3.1442883e+00   3.1405287e+00   3.1368859e+00   3.1335573e+00   3.1306670e+00   3.1281693e+00   3.1260359e+00   3.1243322e+00   3.1231906e+00   3.1227658e+00   3.1230924e+00   3.1241436e+00   3.1258562e+00   3.1281521e+00   3.1309655e+00   3.1342671e+00   3.1380446e+00   3.1422701e+00   3.1468756e+00   3.1517370e+00   3.1567564e+00   3.1617022e+00   3.1663668e+00   3.1705492e+00   3.1741016e+00   3.1769397e+00   3.1789649e+00   3.1801939e+00   3.1807048e+00   3.1805563e+00   3.1798337e+00   3.1786356e+00   3.1770382e+00   3.1750658e+00   3.1727629e+00   3.1701832e+00   3.1673419e+00   3.1642778e+00   3.1609917e+00   3.1575363e+00   3.1539173e+00   3.1502025e+00   3.1463947e+00   3.1424701e+00   3.1384642e+00   3.1343849e+00   3.1302674e+00   3.1261055e+00   3.1219137e+00   3.1177151e+00   3.1135232e+00   3.1093826e+00   3.1052988e+00   3.1012433e+00   3.0972421e+00   3.0933101e+00   3.0894501e+00   3.0856202e+00   3.0817821e+00
   3.3572617e+00   3.3534229e+00   3.3494871e+00   3.3455827e+00   3.3416998e+00   3.3378122e+00   3.3338900e+00   3.3299849e+00   3.3261554e+00   3.3224154e+00   3.3187065e+00   3.3150442e+00   3.3114536e+00   3.3079212e+00   3.3044927e+00   3.3012161e+00   3.2980721e+00   3.2950706e+00   3.2922084e+00   3.2895012e+00   3.2870152e+00   3.2846572e+00   3.2824183e+00   3.2802694e+00   3.2781801e+00   3.2762039e+00   3.2742951e+00   3.2724142e+00   3.2704935e+00   3.2684238e+00   3.2662036e+00   3.2637784e+00   3.2611189e+00   3.2581584e+00   3.2548931e+00   3.2513850e+00   3.2476814e+00   3.2438602e+00   3.2399366e+00   3.2359467e+00   3.2318764e+00   3.2278223e+00   3.2238362e+00   3.2199938e+00   3.2164087e+00   3.2131426e+00   3.2102396e+00   3.2076797e+00   3.2054787e+00   3.2038009e+00   3.2026966e+00   3.2022228e+00   3.2023480e+00   3.2030861e+00   3.2043564e+00   3.2061241e+00   3.2082632e+00   3.2108257e+00   3.2137489e+00   3.2169878e+00   3.2204437e+00   3.2240193e+00   3.2275665e+00   3.2308977e+00   3.2338436e+00   3.2362854e+00   3.2381651e+00   3.2393739e+00   3.2399013e+00   3.2398450e+00   3.2392499e+00   3.2381885e+00   3.2367451e+00   3.2349288e+00   3.2328119e+00   3.2304237e+00   3.2278087e+00   3.2250068e+00   3.2220154e+00   3.2188480e+00   3.2155380e+00   3.2120697e+00   3.2085264e+00   3.2048798e+00   3.2011726e+00   3.1973712e+00   3.1935189e+00   3.1896355e+00   3.1857293e+00   3.1818225e+00   3.1779039e+00   3.1740034e+00   3.1700890e+00   3.1662228e+00   3.1623938e+00   3.1586056e+00   3.1548767e+00   3.1511822e+00   3.1475399e+00   3.1439092e+00
   3.2120483e+00   3.2084067e+00   3.2047474e+00   3.2011518e+00   3.1975482e+00   3.1939039e+00   3.1902626e+00   3.1867046e+00   3.1832483e+00   3.1798065e+00   3.1763468e+00   3.1729729e+00   3.1697562e+00   3.1666620e+00   3.1636608e+00   3.1607478e+00   3.1579759e+00   3.1553485e+00   3.1528835e+00   3.1505845e+00   3.1484253e+00   3.1463907e+00   3.1444590e+00   3.1426365e+00   3.1409407e+00   3.1393006e+00   3.1377017e+00   3.1361275e+00   3.1345253e+00   3.1328371e+00   3.1309283e+00   3.1288040e+00   3.1264260e+00   3.1238048e+00   3.1209354e+00   3.1178296e+00   3.1145172e+00   3.1110744e+00   3.1075580e+00   3.1040308e+00   3.1004217e+00   3.0967004e+00   3.0929651e+00   3.0894315e+00   3.0862110e+00   3.0833266e+00   3.0807636e+00   3.0785081e+00   3.0766351e+00   3.0752513e+00   3.0744412e+00   3.0742531e+00   3.0746272e+00   3.0755770e+00   3.0770619e+00   3.0789833e+00   3.0812664e+00   3.0838842e+00   3.0868604e+00   3.0901909e+00   3.0937307e+00   3.0973616e+00   3.1009073e+00   3.1042347e+00   3.1071770e+00   3.1096554e+00   3.1115837e+00   3.1128824e+00   3.1135256e+00   3.1136000e+00   3.1132543e+00   3.1124871e+00   3.1113396e+00   3.1098063e+00   3.1079881e+00   3.1059735e+00   3.1037264e+00   3.1012633e+00   3.0985925e+00   3.0958042e+00   3.0929472e+00   3.0899658e+00   3.0868664e+00   3.0836277e+00   3.0803204e+00   3.0770042e+00   3.0736656e+00   3.0702763e+00   3.0667851e+00   3.0632935e+00   3.0598481e+00   3.0564289e+00   3.0530140e+00   3.0496101e+00   3.0462644e+00   3.0429697e+00   3.0397584e+00   3.0365629e+00   3.0333271e+00   3.0300941e+00
   3.3221195e+00   3.3184321e+00   3.3147566e+00   3.3111351e+00   3.3075733e+00   3.3040180e+00   3.3005123e+00   3.2970676e+00   3.2936974e+00   3.2903655e+00   3.2870781e+00   3.2838800e+00   3.2808621e+00   3.2779512e+00   3.2751625e+00   3.2725027e+00   3.2699738e+00   3.2676258e+00   3.2654715e+00   3.2635212e+00   3.2617552e+00   3.2600782e+00   3.2585287e+00   3.2571251e+00   3.2558110e+00   3.2546313e+00   3.2535183e+00   3.2524116e+00   3.2512500e+00   3.2499545e+00   3.2484562e+00   3.2466557e+00   3.2445104e+00   3.2420418e+00   3.2393010e+00   3.2362854e+00   3.2330391e+00   3.2295961e+00   3.2260487e+00   3.2224045e+00   3.2187061e+00   3.2149951e+00   3.2113247e+00   3.2077332e+00   3.2044418e+00   3.2015731e+00   3.1991222e+00   3.1970170e+00   3.1952965e+00   3.1941385e+00   3.1936607e+00   3.1938086e+00   3.1946170e+00   3.1960990e+00   3.1981575e+00   3.2007263e+00   3.2037251e+00   3.2071965e+00   3.2111065e+00   3.2154052e+00   3.2199774e+00   3.2246387e+00   3.2292225e+00   3.2334967e+00   3.2373323e+00   3.2405579e+00   3.2430694e+00   3.2448308e+00   3.2458627e+00   3.2461977e+00   3.2459452e+00   3.2452004e+00   3.2440112e+00   3.2424057e+00   3.2404423e+00   3.2381659e+00   3.2356761e+00   3.2329655e+00   3.2300465e+00   3.2269394e+00   3.2236879e+00   3.2203162e+00   3.2168043e+00   3.2131913e+00   3.2094953e+00   3.2057400e+00   3.2019320e+00   3.1980612e+00   3.1941698e+00   3.1902292e+00   3.1862640e+00   3.1823606e+00   3.1785002e+00   3.1746476e+00   3.1708543e+00   3.1671181e+00   3.1634700e+00   3.1598120e+00   3.1562197e+00   3.1526902e+00
   2.7706563e+00   2.7682745e+00   2.7658575e+00   2.7633936e+00   2.7609100e+00   2.7584350e+00   2.7560101e+00   2.7535753e+00   2.7511475e+00   2.7487373e+00   2.7463787e+00   2.7440612e+00   2.7417336e+00   2.7394352e+00   2.7372038e+00   2.7350483e+00   2.7329931e+00   2.7310016e+00   2.7291224e+00   2.7273436e+00   2.7256482e+00   2.7240598e+00   2.7225511e+00   2.7211139e+00   2.7197416e+00   2.7184150e+00   2.7171352e+00   2.7159233e+00   2.7147341e+00   2.7135279e+00   2.7122438e+00   2.7108192e+00   2.7091999e+00   2.7074001e+00   2.7054074e+00   2.7032750e+00   2.7009947e+00   2.6985333e+00   2.6959388e+00   2.6933072e+00   2.6907003e+00   2.6881282e+00   2.6855469e+00   2.6829717e+00   2.6804485e+00   2.6781185e+00   2.6760273e+00   2.6741703e+00   2.6725175e+00   2.6710999e+00   2.6700287e+00   2.6693451e+00   2.6690772e+00   2.6692111e+00   2.6696861e+00   2.6704628e+00   2.6715019e+00   2.6727867e+00   2.6743205e+00   2.6760743e+00   2.6780336e+00   2.6801310e+00   2.6822751e+00   2.6843536e+00   2.6862247e+00   2.6877916e+00   2.6889980e+00   2.6897900e+00   2.6901653e+00   2.6901138e+00   2.6896694e+00   2.6889029e+00   2.6878490e+00   2.6865656e+00   2.6850688e+00   2.6833735e+00   2.6814792e+00   2.6794319e+00   2.6772358e+00   2.6749191e+00   2.6725023e+00   2.6700084e+00   2.6674347e+00   2.6647589e+00   2.6620271e+00   2.6592379e+00   2.6563871e+00   2.6534872e+00   2.6505392e+00   2.6475685e+00   2.6445589e+00   2.6415391e+00   2.6385539e+00   2.6355696e+00   2.6326199e+00   2.6296566e+00   2.6267107e+00   2.6238286e+00   2.6209786e+00   2.6181850e+00
   3.1191177e+00   3.1155922e+00   3.1120818e+00   3.1085746e+00   3.1050498e+00   3.1015542e+00   3.0981057e+00   3.0947154e+00   3.0913689e+00   3.0880973e+00   3.0848913e+00   3.0817721e+00   3.0787201e+00   3.0757751e+00   3.0729830e+00   3.0703318e+00   3.0678132e+00   3.0654383e+00   3.0631974e+00   3.0611057e+00   3.0591469e+00   3.0573273e+00   3.0556533e+00   3.0540993e+00   3.0526149e+00   3.0511825e+00   3.0497971e+00   3.0484450e+00   3.0470631e+00   3.0455635e+00   3.0438735e+00   3.0419719e+00   3.0398347e+00   3.0374615e+00   3.0348599e+00   3.0320194e+00   3.0289609e+00   3.0257766e+00   3.0225732e+00   3.0193577e+00   3.0161216e+00   3.0128059e+00   3.0094364e+00   3.0062039e+00   3.0032854e+00   3.0007722e+00   2.9986026e+00   2.9966822e+00   2.9950979e+00   2.9940121e+00   2.9935091e+00   2.9935961e+00   2.9942248e+00   2.9953978e+00   2.9970770e+00   2.9991953e+00   3.0017083e+00   3.0045803e+00   3.0077984e+00   3.0113323e+00   3.0150712e+00   3.0189273e+00   3.0226831e+00   3.0262415e+00   3.0294468e+00   3.0321617e+00   3.0342636e+00   3.0356705e+00   3.0364525e+00   3.0366809e+00   3.0364113e+00   3.0357370e+00   3.0346680e+00   3.0332539e+00   3.0315087e+00   3.0295200e+00   3.0273304e+00   3.0249128e+00   3.0223207e+00   3.0195904e+00   3.0167668e+00   3.0138099e+00   3.0107384e+00   3.0075829e+00   3.0043468e+00   3.0010631e+00   2.9977643e+00   2.9944506e+00   2.9910996e+00   2.9877205e+00   2.9843304e+00   2.9809618e+00   2.9776399e+00   2.9743574e+00   2.9711177e+00   2.9679511e+00   2.9648647e+00   2.9618046e+00   2.9587290e+00   2.9556684e+00
   3.1929989e+00   3.1894271e+00   3.1858063e+00   3.1822484e+00   3.1787140e+00   3.1752288e+00   3.1717632e+00   3.1683407e+00   3.1649466e+00   3.1616085e+00   3.1583135e+00   3.1551082e+00   3.1519918e+00   3.1490059e+00   3.1461270e+00   3.1433780e+00   3.1407614e+00   3.1382837e+00   3.1359501e+00   3.1338112e+00   3.1318285e+00   3.1300061e+00   3.1282909e+00   3.1266587e+00   3.1251068e+00   3.1236355e+00   3.1222293e+00   3.1208887e+00   3.1195221e+00   3.1180179e+00   3.1163075e+00   3.1143587e+00   3.1121233e+00   3.1096456e+00   3.1068966e+00   3.1039381e+00   3.1007907e+00   3.0975189e+00   3.0941236e+00   3.0906703e+00   3.0871737e+00   3.0836604e+00   3.0801361e+00   3.0767069e+00   3.0735490e+00   3.0708025e+00   3.0684435e+00   3.0663593e+00   3.0646503e+00   3.0634375e+00   3.0628510e+00   3.0628994e+00   3.0635633e+00   3.0648110e+00   3.0665808e+00   3.0687988e+00   3.0713823e+00   3.0743568e+00   3.0777180e+00   3.0814238e+00   3.0853603e+00   3.0893800e+00   3.0933778e+00   3.0971394e+00   3.1004629e+00   3.1032188e+00   3.1053505e+00   3.1068404e+00   3.1076834e+00   3.1079016e+00   3.1075852e+00   3.1068096e+00   3.1056244e+00   3.1040442e+00   3.1021216e+00   3.0999603e+00   3.0975635e+00   3.0949600e+00   3.0921428e+00   3.0891809e+00   3.0860643e+00   3.0828125e+00   3.0794430e+00   3.0759614e+00   3.0724068e+00   3.0687993e+00   3.0651608e+00   3.0614707e+00   3.0577281e+00   3.0539513e+00   3.0501585e+00   3.0463841e+00   3.0426528e+00   3.0389633e+00   3.0353272e+00   3.0317376e+00   3.0281944e+00   3.0246840e+00   3.0212135e+00   3.0177772e+00
   3.0703471e+00   3.0672445e+00   3.0641501e+00   3.0610383e+00   3.0579536e+00   3.0548460e+00   3.0517437e+00   3.0486414e+00   3.0455799e+00   3.0425587e+00   3.0395801e+00   3.0366509e+00   3.0337896e+00   3.0309689e+00   3.0282295e+00   3.0255635e+00   3.0230134e+00   3.0205920e+00   3.0182803e+00   3.0160580e+00   3.0139301e+00   3.0118873e+00   3.0099924e+00   3.0081789e+00   3.0064356e+00   3.0047388e+00   3.0030887e+00   3.0014865e+00   2.9998701e+00   2.9981544e+00   2.9962969e+00   2.9942939e+00   2.9920981e+00   2.9897146e+00   2.9871454e+00   2.9844198e+00   2.9815607e+00   2.9785624e+00   2.9754925e+00   2.9724178e+00   2.9693508e+00   2.9662297e+00   2.9630406e+00   2.9599130e+00   2.9570274e+00   2.9544723e+00   2.9521942e+00   2.9501314e+00   2.9483101e+00   2.9468632e+00   2.9458625e+00   2.9453354e+00   2.9452505e+00   2.9456005e+00   2.9463444e+00   2.9474347e+00   2.9488246e+00   2.9504879e+00   2.9524262e+00   2.9546216e+00   2.9570065e+00   2.9594920e+00   2.9619443e+00   2.9642546e+00   2.9663165e+00   2.9680119e+00   2.9692829e+00   2.9700859e+00   2.9704189e+00   2.9703219e+00   2.9698131e+00   2.9689522e+00   2.9677908e+00   2.9663620e+00   2.9646912e+00   2.9628341e+00   2.9608042e+00   2.9586284e+00   2.9563220e+00   2.9538829e+00   2.9513276e+00   2.9486487e+00   2.9459057e+00   2.9430964e+00   2.9402390e+00   2.9373529e+00   2.9344237e+00   2.9314606e+00   2.9284451e+00   2.9254081e+00   2.9223740e+00   2.9193265e+00   2.9162951e+00   2.9132955e+00   2.9103737e+00   2.9074755e+00   2.9045894e+00   2.9017229e+00   2.8988574e+00   2.8959999e+00
   3.1247218e+00   3.1213634e+00   3.1180117e+00   3.1147289e+00   3.1114891e+00   3.1082771e+00   3.1050920e+00   3.1019535e+00   3.0988925e+00   3.0959256e+00   3.0930386e+00   3.0902469e+00   3.0875409e+00   3.0849869e+00   3.0825622e+00   3.0802782e+00   3.0781517e+00   3.0762155e+00   3.0744705e+00   3.0728881e+00   3.0714595e+00   3.0701888e+00   3.0690415e+00   3.0679982e+00   3.0670497e+00   3.0661719e+00   3.0653515e+00   3.0645583e+00   3.0637305e+00   3.0627697e+00   3.0615380e+00   3.0600348e+00   3.0582581e+00   3.0562069e+00   3.0538795e+00   3.0512688e+00   3.0484354e+00   3.0454283e+00   3.0423143e+00   3.0391712e+00   3.0360022e+00   3.0327940e+00   3.0295410e+00   3.0264118e+00   3.0235987e+00   3.0212271e+00   3.0192568e+00   3.0175965e+00   3.0163205e+00   3.0156071e+00   3.0155296e+00   3.0161307e+00   3.0173779e+00   3.0192146e+00   3.0215957e+00   3.0244322e+00   3.0277109e+00   3.0314071e+00   3.0354776e+00   3.0399163e+00   3.0446217e+00   3.0494058e+00   3.0540879e+00   3.0584967e+00   3.0624244e+00   3.0657632e+00   3.0683823e+00   3.0702877e+00   3.0715168e+00   3.0721037e+00   3.0721312e+00   3.0716619e+00   3.0707471e+00   3.0694611e+00   3.0678225e+00   3.0659215e+00   3.0637665e+00   3.0613937e+00   3.0588276e+00   3.0560923e+00   3.0532312e+00   3.0501907e+00   3.0470355e+00   3.0438025e+00   3.0405025e+00   3.0371163e+00   3.0336630e+00   3.0302179e+00   3.0267448e+00   3.0232179e+00   3.0196688e+00   3.0161543e+00   3.0127029e+00   3.0092885e+00   3.0059388e+00   3.0026572e+00   2.9994423e+00   2.9962435e+00   2.9930468e+00   2.9898942e+00
   3.2912188e+00   3.2876141e+00   3.2839878e+00   3.2803252e+00   3.2766380e+00   3.2729971e+00   3.2694275e+00   3.2658780e+00   3.2623684e+00   3.2588654e+00   3.2554150e+00   3.2520235e+00   3.2487099e+00   3.2455108e+00   3.2424061e+00   3.2394187e+00   3.2365789e+00   3.2338419e+00   3.2312386e+00   3.2287967e+00   3.2265060e+00   3.2244253e+00   3.2224362e+00   3.2205322e+00   3.2187121e+00   3.2169745e+00   3.2153180e+00   3.2136831e+00   3.2120256e+00   3.2102757e+00   3.2083762e+00   3.2062502e+00   3.2038422e+00   3.2011690e+00   3.1982126e+00   3.1950343e+00   3.1916151e+00   3.1880333e+00   3.1843288e+00   3.1805699e+00   3.1767969e+00   3.1729870e+00   3.1691945e+00   3.1655433e+00   3.1621320e+00   3.1590853e+00   3.1563823e+00   3.1540034e+00   3.1519949e+00   3.1504309e+00   3.1494663e+00   3.1491137e+00   3.1493847e+00   3.1502521e+00   3.1516304e+00   3.1534359e+00   3.1556263e+00   3.1581790e+00   3.1610901e+00   3.1643207e+00   3.1678140e+00   3.1714220e+00   3.1749926e+00   3.1783679e+00   3.1813717e+00   3.1838658e+00   3.1857283e+00   3.1869621e+00   3.1875622e+00   3.1875741e+00   3.1870573e+00   3.1860693e+00   3.1846855e+00   3.1829727e+00   3.1809747e+00   3.1787043e+00   3.1761856e+00   3.1735179e+00   3.1706762e+00   3.1676807e+00   3.1645079e+00   3.1612198e+00   3.1578743e+00   3.1544111e+00   3.1508703e+00   3.1472254e+00   3.1435480e+00   3.1398017e+00   3.1360054e+00   3.1322186e+00   3.1284230e+00   3.1246233e+00   3.1208403e+00   3.1170914e+00   3.1133890e+00   3.1097040e+00   3.1060798e+00   3.1025188e+00   3.0989678e+00   3.0954440e+00
   3.1791055e+00   3.1760118e+00   3.1728878e+00   3.1697338e+00   3.1665623e+00   3.1633968e+00   3.1602733e+00   3.1571705e+00   3.1540811e+00   3.1509874e+00   3.1478987e+00   3.1448867e+00   3.1419811e+00   3.1391869e+00   3.1364353e+00   3.1337881e+00   3.1312363e+00   3.1288204e+00   3.1265328e+00   3.1243470e+00   3.1222961e+00   3.1203680e+00   3.1185396e+00   3.1167879e+00   3.1151354e+00   3.1135213e+00   3.1119468e+00   3.1103723e+00   3.1087725e+00   3.1071062e+00   3.1053212e+00   3.1033466e+00   3.1011355e+00   3.0986719e+00   3.0960042e+00   3.0931635e+00   3.0901699e+00   3.0870450e+00   3.0838506e+00   3.0805902e+00   3.0772493e+00   3.0738137e+00   3.0703843e+00   3.0671108e+00   3.0640953e+00   3.0614212e+00   3.0590382e+00   3.0569088e+00   3.0550869e+00   3.0536840e+00   3.0528116e+00   3.0524762e+00   3.0526984e+00   3.0534382e+00   3.0545957e+00   3.0561388e+00   3.0580413e+00   3.0602868e+00   3.0628512e+00   3.0657036e+00   3.0687649e+00   3.0719383e+00   3.0750494e+00   3.0779774e+00   3.0805624e+00   3.0827081e+00   3.0843525e+00   3.0854394e+00   3.0859852e+00   3.0860088e+00   3.0856082e+00   3.0847845e+00   3.0836136e+00   3.0821543e+00   3.0804453e+00   3.0785170e+00   3.0763912e+00   3.0740881e+00   3.0716248e+00   3.0690355e+00   3.0663166e+00   3.0635254e+00   3.0606260e+00   3.0576479e+00   3.0545924e+00   3.0514898e+00   3.0483782e+00   3.0452290e+00   3.0420439e+00   3.0388134e+00   3.0356023e+00   3.0324152e+00   3.0292890e+00   3.0261784e+00   3.0230725e+00   3.0199835e+00   3.0169404e+00   3.0139649e+00   3.0109787e+00   3.0080349e+00
   2.9253881e+00   2.9227817e+00   2.9201634e+00   2.9175262e+00   2.9148457e+00   2.9121616e+00   2.9094865e+00   2.9068348e+00   2.9042168e+00   2.9016263e+00   2.8990669e+00   2.8965142e+00   2.8939781e+00   2.8914967e+00   2.8890989e+00   2.8867788e+00   2.8845556e+00   2.8824303e+00   2.8804262e+00   2.8785288e+00   2.8766899e+00   2.8749163e+00   2.8732097e+00   2.8715782e+00   2.8700669e+00   2.8686078e+00   2.8671930e+00   2.8657634e+00   2.8642845e+00   2.8627326e+00   2.8611062e+00   2.8593705e+00   2.8574924e+00   2.8554652e+00   2.8532715e+00   2.8509185e+00   2.8484418e+00   2.8458548e+00   2.8432295e+00   2.8406200e+00   2.8380039e+00   2.8353720e+00   2.8326728e+00   2.8299837e+00   2.8274581e+00   2.8252022e+00   2.8232305e+00   2.8214891e+00   2.8199749e+00   2.8187397e+00   2.8178585e+00   2.8173387e+00   2.8172207e+00   2.8174880e+00   2.8181303e+00   2.8190982e+00   2.8203573e+00   2.8218982e+00   2.8236856e+00   2.8256779e+00   2.8278465e+00   2.8301191e+00   2.8324277e+00   2.8346539e+00   2.8366740e+00   2.8383772e+00   2.8396854e+00   2.8405457e+00   2.8409624e+00   2.8409615e+00   2.8406010e+00   2.8399475e+00   2.8390262e+00   2.8378417e+00   2.8364303e+00   2.8348284e+00   2.8330529e+00   2.8311069e+00   2.8290224e+00   2.8268611e+00   2.8246107e+00   2.8222668e+00   2.8198128e+00   2.8172653e+00   2.8146675e+00   2.8120482e+00   2.8093951e+00   2.8067200e+00   2.8040254e+00   2.8013160e+00   2.7986088e+00   2.7958765e+00   2.7931430e+00   2.7904167e+00   2.7877190e+00   2.7850912e+00   2.7824924e+00   2.7798951e+00   2.7772801e+00   2.7746780e+00
   3.1888561e+00   3.1852176e+00   3.1815984e+00   3.1779881e+00   3.1744006e+00   3.1708462e+00   3.1673315e+00   3.1638489e+00   3.1604464e+00   3.1571219e+00   3.1538880e+00   3.1507661e+00   3.1477044e+00   3.1447403e+00   3.1418712e+00   3.1391342e+00   3.1365509e+00   3.1341074e+00   3.1318557e+00   3.1297848e+00   3.1278517e+00   3.1260464e+00   3.1243460e+00   3.1227553e+00   3.1212699e+00   3.1198845e+00   3.1185811e+00   3.1172850e+00   3.1159346e+00   3.1144688e+00   3.1128237e+00   3.1109638e+00   3.1088467e+00   3.1064968e+00   3.1039200e+00   3.1011190e+00   3.0980775e+00   3.0948851e+00   3.0915749e+00   3.0882652e+00   3.0849609e+00   3.0816488e+00   3.0782959e+00   3.0749705e+00   3.0719087e+00   3.0692053e+00   3.0668850e+00   3.0648577e+00   3.0631731e+00   3.0619926e+00   3.0614083e+00   3.0614014e+00   3.0619609e+00   3.0630653e+00   3.0646553e+00   3.0666893e+00   3.0691187e+00   3.0719607e+00   3.0751560e+00   3.0786688e+00   3.0824077e+00   3.0862818e+00   3.0901363e+00   3.0937703e+00   3.0970736e+00   3.0998974e+00   3.1021454e+00   3.1037300e+00   3.1046712e+00   3.1050179e+00   3.1048391e+00   3.1042025e+00   3.1031868e+00   3.1018152e+00   3.1001141e+00   3.0981381e+00   3.0959175e+00   3.0934925e+00   3.0908468e+00   3.0880566e+00   3.0851479e+00   3.0821486e+00   3.0790346e+00   3.0757914e+00   3.0724621e+00   3.0690353e+00   3.0655444e+00   3.0620406e+00   3.0585411e+00   3.0550349e+00   3.0515144e+00   3.0479743e+00   3.0444403e+00   3.0409238e+00   3.0374498e+00   3.0340874e+00   3.0308015e+00   3.0275497e+00   3.0243006e+00   3.0210371e+00
   2.9023609e+00   2.8990495e+00   2.8957405e+00   2.8924201e+00   2.8891242e+00   2.8858778e+00   2.8826544e+00   2.8794358e+00   2.8762400e+00   2.8731296e+00   2.8701029e+00   2.8671532e+00   2.8642900e+00   2.8614817e+00   2.8587482e+00   2.8561218e+00   2.8536055e+00   2.8512723e+00   2.8490856e+00   2.8470581e+00   2.8451688e+00   2.8433716e+00   2.8416584e+00   2.8400199e+00   2.8384688e+00   2.8370180e+00   2.8356485e+00   2.8343399e+00   2.8330014e+00   2.8315828e+00   2.8300016e+00   2.8282044e+00   2.8261769e+00   2.8239367e+00   2.8215017e+00   2.8188708e+00   2.8160717e+00   2.8131456e+00   2.8101351e+00   2.8070824e+00   2.8040059e+00   2.8009014e+00   2.7977769e+00   2.7947285e+00   2.7919283e+00   2.7894757e+00   2.7873485e+00   2.7854722e+00   2.7838585e+00   2.7826469e+00   2.7819574e+00   2.7818365e+00   2.7822611e+00   2.7832050e+00   2.7845891e+00   2.7863503e+00   2.7884586e+00   2.7909298e+00   2.7937603e+00   2.7968986e+00   2.8002765e+00   2.8037996e+00   2.8073328e+00   2.8106861e+00   2.8136952e+00   2.8162625e+00   2.8183029e+00   2.8197782e+00   2.8206589e+00   2.8210058e+00   2.8208668e+00   2.8202941e+00   2.8193185e+00   2.8180144e+00   2.8164103e+00   2.8145497e+00   2.8124628e+00   2.8101909e+00   2.8077714e+00   2.8051975e+00   2.8024731e+00   2.7995851e+00   2.7966166e+00   2.7935905e+00   2.7905066e+00   2.7873611e+00   2.7841532e+00   2.7809141e+00   2.7776458e+00   2.7743404e+00   2.7710247e+00   2.7677228e+00   2.7644947e+00   2.7613218e+00   2.7581537e+00   2.7549946e+00   2.7519054e+00   2.7488906e+00   2.7458804e+00   2.7428725e+00
   3.3627322e+00   3.3594968e+00   3.3562577e+00   3.3530271e+00   3.3497241e+00   3.3463738e+00   3.3430736e+00   3.3398197e+00   3.3365571e+00   3.3332539e+00   3.3299778e+00   3.3268449e+00   3.3237927e+00   3.3208282e+00   3.3178833e+00   3.3150933e+00   3.3124764e+00   3.3099737e+00   3.3075988e+00   3.3053496e+00   3.3032246e+00   3.3012493e+00   3.2993438e+00   3.2975280e+00   3.2957904e+00   3.2941160e+00   3.2925060e+00   3.2908630e+00   3.2891552e+00   3.2873013e+00   3.2852869e+00   3.2830842e+00   3.2806499e+00   3.2779849e+00   3.2750914e+00   3.2719753e+00   3.2687013e+00   3.2653320e+00   3.2619190e+00   3.2584209e+00   3.2548351e+00   3.2511969e+00   3.2476122e+00   3.2442265e+00   3.2411530e+00   3.2384422e+00   3.2360687e+00   3.2339818e+00   3.2322547e+00   3.2310307e+00   3.2303536e+00   3.2302408e+00   3.2307131e+00   3.2317226e+00   3.2331688e+00   3.2350044e+00   3.2372437e+00   3.2398388e+00   3.2427666e+00   3.2459526e+00   3.2493351e+00   3.2527883e+00   3.2561264e+00   3.2592299e+00   3.2619572e+00   3.2642174e+00   3.2659132e+00   3.2669790e+00   3.2675111e+00   3.2675648e+00   3.2671254e+00   3.2662513e+00   3.2650101e+00   3.2634983e+00   3.2617264e+00   3.2596796e+00   3.2574394e+00   3.2550306e+00   3.2524960e+00   3.2498300e+00   3.2470200e+00   3.2440989e+00   3.2410157e+00   3.2378938e+00   3.2347376e+00   3.2315671e+00   3.2283843e+00   3.2251596e+00   3.2219312e+00   3.2186539e+00   3.2153523e+00   3.2121012e+00   3.2088900e+00   3.2057838e+00   3.2026980e+00   3.1996377e+00   3.1965826e+00   3.1935413e+00   3.1905591e+00   3.1876059e+00
   3.2755606e+00   3.2726185e+00   3.2696018e+00   3.2665493e+00   3.2634926e+00   3.2604227e+00   3.2573586e+00   3.2542858e+00   3.2511978e+00   3.2481251e+00   3.2450783e+00   3.2420862e+00   3.2391737e+00   3.2363284e+00   3.2335396e+00   3.2308686e+00   3.2283084e+00   3.2258341e+00   3.2234411e+00   3.2211607e+00   3.2190077e+00   3.2169495e+00   3.2149398e+00   3.2130318e+00   3.2112129e+00   3.2094595e+00   3.2077227e+00   3.2059793e+00   3.2042077e+00   3.2023661e+00   3.2003660e+00   3.1982098e+00   3.1958458e+00   3.1933069e+00   3.1905720e+00   3.1876497e+00   3.1846092e+00   3.1814926e+00   3.1783249e+00   3.1750710e+00   3.1717436e+00   3.1683228e+00   3.1649606e+00   3.1617782e+00   3.1589062e+00   3.1562870e+00   3.1539333e+00   3.1518204e+00   3.1500409e+00   3.1486704e+00   3.1477394e+00   3.1473129e+00   3.1473649e+00   3.1478779e+00   3.1487713e+00   3.1500149e+00   3.1515982e+00   3.1534767e+00   3.1555860e+00   3.1579463e+00   3.1604984e+00   3.1631534e+00   3.1657007e+00   3.1680219e+00   3.1700313e+00   3.1716449e+00   3.1728041e+00   3.1734762e+00   3.1736724e+00   3.1734393e+00   3.1727841e+00   3.1718302e+00   3.1705978e+00   3.1691322e+00   3.1674330e+00   3.1655099e+00   3.1634359e+00   3.1612065e+00   3.1588771e+00   3.1564493e+00   3.1539173e+00   3.1512823e+00   3.1485531e+00   3.1457732e+00   3.1429284e+00   3.1401093e+00   3.1372912e+00   3.1344519e+00   3.1315677e+00   3.1286602e+00   3.1257761e+00   3.1228974e+00   3.1200526e+00   3.1172755e+00   3.1145260e+00   3.1117733e+00   3.1090548e+00   3.1063712e+00   3.1036823e+00   3.1009305e+00
   3.3011208e+00   3.2977667e+00   3.2943413e+00   3.2908471e+00   3.2873554e+00   3.2839162e+00   3.2805560e+00   3.2771933e+00   3.2738206e+00   3.2705059e+00   3.2672651e+00   3.2640884e+00   3.2609692e+00   3.2579582e+00   3.2551100e+00   3.2524083e+00   3.2498391e+00   3.2474184e+00   3.2451513e+00   3.2430437e+00   3.2410688e+00   3.2392757e+00   3.2376366e+00   3.2361317e+00   3.2347059e+00   3.2333286e+00   3.2319679e+00   3.2306118e+00   3.2292547e+00   3.2277889e+00   3.2261436e+00   3.2242692e+00   3.2220614e+00   3.2195556e+00   3.2167356e+00   3.2136462e+00   3.2103570e+00   3.2068799e+00   3.2032859e+00   3.1996167e+00   3.1958580e+00   3.1920471e+00   3.1882772e+00   3.1846359e+00   3.1812818e+00   3.1782932e+00   3.1757166e+00   3.1734991e+00   3.1716509e+00   3.1703186e+00   3.1696072e+00   3.1695232e+00   3.1700842e+00   3.1712666e+00   3.1730340e+00   3.1752512e+00   3.1778259e+00   3.1807640e+00   3.1840394e+00   3.1876400e+00   3.1914303e+00   3.1953259e+00   3.1991959e+00   3.2028358e+00   3.2060699e+00   3.2087669e+00   3.2108514e+00   3.2122800e+00   3.2130196e+00   3.2131672e+00   3.2128112e+00   3.2119915e+00   3.2107351e+00   3.2091389e+00   3.2072394e+00   3.2050593e+00   3.2026310e+00   3.2000082e+00   3.1972151e+00   3.1942570e+00   3.1911469e+00   3.1878855e+00   3.1844904e+00   3.1810124e+00   3.1774786e+00   3.1738746e+00   3.1702042e+00   3.1664646e+00   3.1627228e+00   3.1589277e+00   3.1551228e+00   3.1512644e+00   3.1474240e+00   3.1436751e+00   3.1399832e+00   3.1363728e+00   3.1327562e+00   3.1291902e+00   3.1256039e+00   3.1220310e+00
   3.2822723e+00   3.2790022e+00   3.2756624e+00   3.2722166e+00   3.2687914e+00   3.2654216e+00   3.2620752e+00   3.2587233e+00   3.2553711e+00   3.2520683e+00   3.2488556e+00   3.2457097e+00   3.2426319e+00   3.2396481e+00   3.2367268e+00   3.2339497e+00   3.2313070e+00   3.2288215e+00   3.2264729e+00   3.2242327e+00   3.2221282e+00   3.2201786e+00   3.2183411e+00   3.2165966e+00   3.2149212e+00   3.2133257e+00   3.2117996e+00   3.2102277e+00   3.2086003e+00   3.2068644e+00   3.2049675e+00   3.2028687e+00   3.2005005e+00   3.1978900e+00   3.1950283e+00   3.1919565e+00   3.1886981e+00   3.1852970e+00   3.1817915e+00   3.1782429e+00   3.1746759e+00   3.1711271e+00   3.1676090e+00   3.1641989e+00   3.1609981e+00   3.1581280e+00   3.1556063e+00   3.1533861e+00   3.1515319e+00   3.1501138e+00   3.1492290e+00   3.1489487e+00   3.1492279e+00   3.1500833e+00   3.1513922e+00   3.1531022e+00   3.1551664e+00   3.1575859e+00   3.1603730e+00   3.1634247e+00   3.1666858e+00   3.1700447e+00   3.1733949e+00   3.1765306e+00   3.1792994e+00   3.1815662e+00   3.1832697e+00   3.1843517e+00   3.1848042e+00   3.1847191e+00   3.1841538e+00   3.1831539e+00   3.1817539e+00   3.1800277e+00   3.1779947e+00   3.1757228e+00   3.1732385e+00   3.1705711e+00   3.1677485e+00   3.1647482e+00   3.1616323e+00   3.1584034e+00   3.1550481e+00   3.1515834e+00   3.1480341e+00   3.1444352e+00   3.1407974e+00   3.1371310e+00   3.1333990e+00   3.1296356e+00   3.1258843e+00   3.1221492e+00   3.1184185e+00   3.1146841e+00   3.1110222e+00   3.1074154e+00   3.1038549e+00   3.1003530e+00   3.0968902e+00   3.0934021e+00
   2.8783147e+00   2.8756206e+00   2.8728809e+00   2.8701382e+00   2.8673925e+00   2.8646648e+00   2.8619320e+00   2.8592346e+00   2.8565481e+00   2.8538697e+00   2.8512096e+00   2.8485711e+00   2.8459675e+00   2.8434207e+00   2.8409493e+00   2.8385727e+00   2.8362792e+00   2.8340645e+00   2.8319199e+00   2.8298490e+00   2.8278611e+00   2.8259814e+00   2.8242080e+00   2.8225019e+00   2.8208435e+00   2.8192155e+00   2.8176148e+00   2.8160353e+00   2.8144321e+00   2.8127823e+00   2.8110516e+00   2.8091986e+00   2.8072159e+00   2.8050740e+00   2.8027866e+00   2.8003600e+00   2.7978144e+00   2.7951982e+00   2.7925568e+00   2.7899425e+00   2.7873371e+00   2.7846985e+00   2.7819746e+00   2.7792521e+00   2.7767112e+00   2.7744701e+00   2.7724946e+00   2.7706926e+00   2.7690618e+00   2.7677181e+00   2.7667449e+00   2.7661593e+00   2.7659054e+00   2.7659733e+00   2.7663791e+00   2.7670813e+00   2.7680521e+00   2.7692652e+00   2.7707150e+00   2.7723768e+00   2.7742167e+00   2.7761662e+00   2.7781265e+00   2.7799838e+00   2.7816346e+00   2.7830055e+00   2.7840302e+00   2.7846382e+00   2.7848351e+00   2.7846558e+00   2.7841675e+00   2.7834110e+00   2.7824032e+00   2.7811682e+00   2.7797358e+00   2.7781210e+00   2.7763164e+00   2.7743809e+00   2.7723262e+00   2.7701943e+00   2.7680073e+00   2.7657421e+00   2.7633979e+00   2.7609825e+00   2.7585099e+00   2.7560005e+00   2.7534351e+00   2.7508488e+00   2.7482383e+00   2.7456310e+00   2.7430274e+00   2.7404172e+00   2.7378132e+00   2.7352171e+00   2.7326419e+00   2.7301064e+00   2.7276230e+00   2.7251484e+00   2.7226417e+00   2.7200956e+00
   3.2214787e+00   3.2177155e+00   3.2139471e+00   3.2102108e+00   3.2064657e+00   3.2027595e+00   3.1991036e+00   3.1954677e+00   3.1918697e+00   3.1883371e+00   3.1848886e+00   3.1815441e+00   3.1782959e+00   3.1751499e+00   3.1721156e+00   3.1691968e+00   3.1664531e+00   3.1638906e+00   3.1615145e+00   3.1592786e+00   3.1572139e+00   3.1553490e+00   3.1536133e+00   3.1519661e+00   3.1503811e+00   3.1488762e+00   3.1474540e+00   3.1460240e+00   3.1445780e+00   3.1430271e+00   3.1412756e+00   3.1392612e+00   3.1369591e+00   3.1343887e+00   3.1315525e+00   3.1284454e+00   3.1251285e+00   3.1216667e+00   3.1180990e+00   3.1144869e+00   3.1108570e+00   3.1071718e+00   3.1034882e+00   3.0999591e+00   3.0967605e+00   3.0939863e+00   3.0915604e+00   3.0894611e+00   3.0877578e+00   3.0865815e+00   3.0860417e+00   3.0861568e+00   3.0869343e+00   3.0883405e+00   3.0902941e+00   3.0927250e+00   3.0955451e+00   3.0987933e+00   3.1024539e+00   3.1064827e+00   3.1108284e+00   3.1152742e+00   3.1196654e+00   3.1237748e+00   3.1274796e+00   3.1306417e+00   3.1331615e+00   3.1349812e+00   3.1361046e+00   3.1365919e+00   3.1364925e+00   3.1358738e+00   3.1348288e+00   3.1334083e+00   3.1316624e+00   3.1296132e+00   3.1273048e+00   3.1247494e+00   3.1219575e+00   3.1190088e+00   3.1159375e+00   3.1127293e+00   3.1093626e+00   3.1059277e+00   3.1024170e+00   3.0988712e+00   3.0952361e+00   3.0915401e+00   3.0878093e+00   3.0840931e+00   3.0804126e+00   3.0766962e+00   3.0729916e+00   3.0693188e+00   3.0657082e+00   3.0621650e+00   3.0587246e+00   3.0553370e+00   3.0519874e+00   3.0486250e+00
   3.2000844e+00   3.1964741e+00   3.1928184e+00   3.1891544e+00   3.1855118e+00   3.1819146e+00   3.1783924e+00   3.1748884e+00   3.1714118e+00   3.1679666e+00   3.1645796e+00   3.1612682e+00   3.1580350e+00   3.1549141e+00   3.1519356e+00   3.1490562e+00   3.1462805e+00   3.1436388e+00   3.1411726e+00   3.1388741e+00   3.1367121e+00   3.1346924e+00   3.1328232e+00   3.1310587e+00   3.1293781e+00   3.1277664e+00   3.1262424e+00   3.1247501e+00   3.1232173e+00   3.1215847e+00   3.1197746e+00   3.1177330e+00   3.1154149e+00   3.1128206e+00   3.1099722e+00   3.1068764e+00   3.1035750e+00   3.1001198e+00   3.0965459e+00   3.0929089e+00   3.0892372e+00   3.0855300e+00   3.0818510e+00   3.0782654e+00   3.0749207e+00   3.0719414e+00   3.0693190e+00   3.0670083e+00   3.0650718e+00   3.0635917e+00   3.0626891e+00   3.0623674e+00   3.0626781e+00   3.0635824e+00   3.0650070e+00   3.0668848e+00   3.0692158e+00   3.0719688e+00   3.0751507e+00   3.0786769e+00   3.0825016e+00   3.0864847e+00   3.0904272e+00   3.0941670e+00   3.0975134e+00   3.1003673e+00   3.1025784e+00   3.1041095e+00   3.1049709e+00   3.1052134e+00   3.1049163e+00   3.1041172e+00   3.1029005e+00   3.1013043e+00   3.0993717e+00   3.0971642e+00   3.0946951e+00   3.0920153e+00   3.0891209e+00   3.0860379e+00   3.0828235e+00   3.0794628e+00   3.0759926e+00   3.0724697e+00   3.0688484e+00   3.0651567e+00   3.0613728e+00   3.0575454e+00   3.0536995e+00   3.0498149e+00   3.0459726e+00   3.0421209e+00   3.0382798e+00   3.0344512e+00   3.0306785e+00   3.0269825e+00   3.0233328e+00   3.0197303e+00   3.0162103e+00   3.0127084e+00
   3.2714875e+00   3.2680550e+00   3.2645752e+00   3.2610767e+00   3.2575324e+00   3.2539949e+00   3.2504437e+00   3.2469244e+00   3.2434568e+00   3.2400210e+00   3.2366180e+00   3.2332265e+00   3.2298639e+00   3.2265828e+00   3.2234228e+00   3.2203875e+00   3.2174733e+00   3.2146804e+00   3.2120292e+00   3.2094676e+00   3.2070315e+00   3.2047131e+00   3.2025301e+00   3.2004573e+00   3.1984727e+00   3.1965668e+00   3.1947186e+00   3.1928723e+00   3.1910012e+00   3.1890678e+00   3.1869783e+00   3.1846726e+00   3.1821575e+00   3.1794250e+00   3.1764748e+00   3.1732719e+00   3.1698380e+00   3.1662998e+00   3.1626937e+00   3.1590693e+00   3.1554163e+00   3.1517189e+00   3.1480319e+00   3.1444416e+00   3.1410866e+00   3.1380510e+00   3.1353064e+00   3.1328564e+00   3.1307859e+00   3.1291401e+00   3.1280127e+00   3.1273835e+00   3.1273079e+00   3.1278017e+00   3.1287434e+00   3.1300981e+00   3.1318018e+00   3.1338646e+00   3.1362488e+00   3.1388733e+00   3.1417005e+00   3.1446512e+00   3.1475837e+00   3.1503575e+00   3.1528409e+00   3.1549404e+00   3.1564877e+00   3.1574242e+00   3.1577978e+00   3.1576614e+00   3.1570988e+00   3.1561069e+00   3.1547387e+00   3.1530578e+00   3.1510963e+00   3.1489441e+00   3.1465385e+00   3.1439323e+00   3.1412065e+00   3.1383359e+00   3.1353562e+00   3.1322777e+00   3.1291111e+00   3.1258621e+00   3.1224859e+00   3.1190870e+00   3.1156495e+00   3.1121504e+00   3.1086531e+00   3.1051128e+00   3.1015937e+00   3.0980549e+00   3.0944808e+00   3.0909412e+00   3.0874445e+00   3.0840595e+00   3.0807202e+00   3.0773818e+00   3.0740263e+00   3.0706778e+00
   3.3462341e+00   3.3424690e+00   3.3386497e+00   3.3348351e+00   3.3309972e+00   3.3271277e+00   3.3232458e+00   3.3193886e+00   3.3156044e+00   3.3119278e+00   3.3082848e+00   3.3046722e+00   3.3011014e+00   3.2976592e+00   3.2943459e+00   3.2911215e+00   3.2880170e+00   3.2850466e+00   3.2822564e+00   3.2796161e+00   3.2771389e+00   3.2747974e+00   3.2725494e+00   3.2704155e+00   3.2683973e+00   3.2664938e+00   3.2646430e+00   3.2627652e+00   3.2608535e+00   3.2588832e+00   3.2567441e+00   3.2543957e+00   3.2517633e+00   3.2488844e+00   3.2457132e+00   3.2422674e+00   3.2386312e+00   3.2348366e+00   3.2308958e+00   3.2268841e+00   3.2228668e+00   3.2188997e+00   3.2149570e+00   3.2110717e+00   3.2073650e+00   3.2040131e+00   3.2010286e+00   3.1984174e+00   3.1961634e+00   3.1944044e+00   3.1932116e+00   3.1926329e+00   3.1926625e+00   3.1932595e+00   3.1943715e+00   3.1959183e+00   3.1978390e+00   3.2001362e+00   3.2027814e+00   3.2057302e+00   3.2088661e+00   3.2121143e+00   3.2153504e+00   3.2184191e+00   3.2211390e+00   3.2233546e+00   3.2250068e+00   3.2260475e+00   3.2264578e+00   3.2262590e+00   3.2255497e+00   3.2243598e+00   3.2227869e+00   3.2209101e+00   3.2187433e+00   3.2163026e+00   3.2136118e+00   3.2107029e+00   3.2075994e+00   3.2043486e+00   3.2009881e+00   3.1975133e+00   3.1939132e+00   3.1902092e+00   3.1864073e+00   3.1825180e+00   3.1785831e+00   3.1745968e+00   3.1706064e+00   3.1665866e+00   3.1625595e+00   3.1585166e+00   3.1544864e+00   3.1505184e+00   3.1465261e+00   3.1425745e+00   3.1386902e+00   3.1348898e+00   3.1311023e+00   3.1273000e+00
   3.4082019e+00   3.4044008e+00   3.4006565e+00   3.3969698e+00   3.3932555e+00   3.3895466e+00   3.3858459e+00   3.3822343e+00   3.3786600e+00   3.3751516e+00   3.3717194e+00   3.3683674e+00   3.3651152e+00   3.3620102e+00   3.3590539e+00   3.3562336e+00   3.3535624e+00   3.3510997e+00   3.3487899e+00   3.3466008e+00   3.3445499e+00   3.3426907e+00   3.3410289e+00   3.3395202e+00   3.3380744e+00   3.3367214e+00   3.3354254e+00   3.3341153e+00   3.3327491e+00   3.3312314e+00   3.3295009e+00   3.3275309e+00   3.3252823e+00   3.3227165e+00   3.3198414e+00   3.3166363e+00   3.3132162e+00   3.3096626e+00   3.3059921e+00   3.3022366e+00   3.2984231e+00   3.2945824e+00   3.2907650e+00   3.2870400e+00   3.2835939e+00   3.2806273e+00   3.2780943e+00   3.2759495e+00   3.2742112e+00   3.2730491e+00   3.2725410e+00   3.2727087e+00   3.2735713e+00   3.2751195e+00   3.2772415e+00   3.2798898e+00   3.2829933e+00   3.2865651e+00   3.2905147e+00   3.2947919e+00   3.2992871e+00   3.3039477e+00   3.3085258e+00   3.3128526e+00   3.3167179e+00   3.3199914e+00   3.3225749e+00   3.3243744e+00   3.3253899e+00   3.3257411e+00   3.3254998e+00   3.3247073e+00   3.3235016e+00   3.3218765e+00   3.3198836e+00   3.3175869e+00   3.3150043e+00   3.3121979e+00   3.3092005e+00   3.3060372e+00   3.3027439e+00   3.2992573e+00   3.2956321e+00   3.2918634e+00   3.2880151e+00   3.2841320e+00   3.2801895e+00   3.2762203e+00   3.2722168e+00   3.2682178e+00   3.2641857e+00   3.2601259e+00   3.2560873e+00   3.2520790e+00   3.2481632e+00   3.2443039e+00   3.2405312e+00   3.2367649e+00   3.2329814e+00   3.2292082e+00
   2.9934838e+00   2.9906242e+00   2.9877822e+00   2.9849558e+00   2.9820919e+00   2.9791753e+00   2.9762485e+00   2.9733808e+00   2.9705818e+00   2.9678519e+00   2.9651849e+00   2.9625692e+00   2.9599855e+00   2.9574091e+00   2.9549077e+00   2.9525292e+00   2.9502983e+00   2.9482162e+00   2.9462948e+00   2.9444702e+00   2.9427073e+00   2.9409873e+00   2.9393616e+00   2.9378538e+00   2.9364698e+00   2.9351656e+00   2.9339485e+00   2.9327228e+00   2.9314024e+00   2.9299443e+00   2.9283459e+00   2.9265957e+00   2.9246662e+00   2.9225950e+00   2.9203603e+00   2.9179409e+00   2.9153197e+00   2.9125035e+00   2.9096034e+00   2.9066865e+00   2.9037707e+00   2.9008694e+00   2.8979702e+00   2.8951232e+00   2.8924463e+00   2.8900492e+00   2.8879473e+00   2.8860798e+00   2.8844950e+00   2.8833311e+00   2.8826616e+00   2.8824415e+00   2.8826323e+00   2.8832591e+00   2.8843050e+00   2.8857453e+00   2.8875637e+00   2.8897841e+00   2.8923604e+00   2.8952143e+00   2.8982375e+00   2.9013498e+00   2.9044645e+00   2.9074748e+00   2.9102333e+00   2.9126155e+00   2.9145088e+00   2.9158413e+00   2.9165576e+00   2.9167395e+00   2.9164584e+00   2.9158318e+00   2.9149437e+00   2.9138095e+00   2.9124463e+00   2.9108055e+00   2.9088974e+00   2.9067643e+00   2.9044707e+00   2.9020808e+00   2.8996437e+00   2.8971574e+00   2.8946068e+00   2.8919184e+00   2.8890877e+00   2.8861618e+00   2.8832004e+00   2.8802769e+00   2.8774002e+00   2.8745525e+00   2.8716943e+00   2.8687792e+00   2.8658249e+00   2.8628795e+00   2.8599827e+00   2.8572094e+00   2.8545790e+00   2.8519890e+00   2.8493812e+00   2.8466918e+00
   3.1813443e+00   3.1781452e+00   3.1748903e+00   3.1715899e+00   3.1683185e+00   3.1650600e+00   3.1618001e+00   3.1585386e+00   3.1552765e+00   3.1520369e+00   3.1488235e+00   3.1456463e+00   3.1425107e+00   3.1394489e+00   3.1364834e+00   3.1336315e+00   3.1308632e+00   3.1281803e+00   3.1256020e+00   3.1231585e+00   3.1208413e+00   3.1186111e+00   3.1164382e+00   3.1143801e+00   3.1124265e+00   3.1105213e+00   3.1086547e+00   3.1067874e+00   3.1049216e+00   3.1029842e+00   3.1008947e+00   3.0986376e+00   3.0961907e+00   3.0935309e+00   3.0906799e+00   3.0876713e+00   3.0845289e+00   3.0812633e+00   3.0779116e+00   3.0745027e+00   3.0710783e+00   3.0676060e+00   3.0641587e+00   3.0608318e+00   3.0577099e+00   3.0548661e+00   3.0522852e+00   3.0499790e+00   3.0479839e+00   3.0463686e+00   3.0452015e+00   3.0445092e+00   3.0442588e+00   3.0444686e+00   3.0451298e+00   3.0462024e+00   3.0476463e+00   3.0494242e+00   3.0515187e+00   3.0538952e+00   3.0564964e+00   3.0592382e+00   3.0619819e+00   3.0646095e+00   3.0669420e+00   3.0688689e+00   3.0703030e+00   3.0711987e+00   3.0715806e+00   3.0714705e+00   3.0709670e+00   3.0700915e+00   3.0688684e+00   3.0673201e+00   3.0655251e+00   3.0635478e+00   3.0613575e+00   3.0589917e+00   3.0564702e+00   3.0538051e+00   3.0510547e+00   3.0482185e+00   3.0452976e+00   3.0422747e+00   3.0391796e+00   3.0360696e+00   3.0329425e+00   3.0297706e+00   3.0265741e+00   3.0233421e+00   3.0201046e+00   3.0168934e+00   3.0137436e+00   3.0106280e+00   3.0075111e+00   3.0044444e+00   3.0014417e+00   2.9984939e+00   2.9955599e+00   2.9926252e+00
   3.2008171e+00   3.1972599e+00   3.1936710e+00   3.1900623e+00   3.1864731e+00   3.1828930e+00   3.1793470e+00   3.1758387e+00   3.1723766e+00   3.1689231e+00   3.1655242e+00   3.1621907e+00   3.1589487e+00   3.1558177e+00   3.1527803e+00   3.1498604e+00   3.1470463e+00   3.1443746e+00   3.1418602e+00   3.1394675e+00   3.1372442e+00   3.1351426e+00   3.1331663e+00   3.1312912e+00   3.1294906e+00   3.1277578e+00   3.1261051e+00   3.1244619e+00   3.1228006e+00   3.1210337e+00   3.1190765e+00   3.1169207e+00   3.1145298e+00   3.1118820e+00   3.1089756e+00   3.1057930e+00   3.1024349e+00   3.0989201e+00   3.0952969e+00   3.0916431e+00   3.0879757e+00   3.0843070e+00   3.0806236e+00   3.0770419e+00   3.0737054e+00   3.0707216e+00   3.0680830e+00   3.0657632e+00   3.0637820e+00   3.0622690e+00   3.0613086e+00   3.0609367e+00   3.0611579e+00   3.0619335e+00   3.0631969e+00   3.0648830e+00   3.0669467e+00   3.0693915e+00   3.0721819e+00   3.0752716e+00   3.0786030e+00   3.0820236e+00   3.0854080e+00   3.0886180e+00   3.0914714e+00   3.0938387e+00   3.0956490e+00   3.0968723e+00   3.0974970e+00   3.0975142e+00   3.0970364e+00   3.0961154e+00   3.0947864e+00   3.0931017e+00   3.0911171e+00   3.0888827e+00   3.0864191e+00   3.0837862e+00   3.0809872e+00   3.0780056e+00   3.0748730e+00   3.0716488e+00   3.0683384e+00   3.0648785e+00   3.0613396e+00   3.0577400e+00   3.0541115e+00   3.0504513e+00   3.0467045e+00   3.0429490e+00   3.0391843e+00   3.0354364e+00   3.0316832e+00   3.0279334e+00   3.0242567e+00   3.0206308e+00   3.0170467e+00   3.0134659e+00   3.0099447e+00   3.0064526e+00
   3.1699579e+00   3.1663201e+00   3.1626494e+00   3.1589794e+00   3.1552973e+00   3.1515961e+00   3.1478834e+00   3.1442144e+00   3.1405480e+00   3.1369207e+00   3.1333458e+00   3.1298447e+00   3.1264274e+00   3.1230519e+00   3.1197329e+00   3.1165075e+00   3.1134059e+00   3.1104631e+00   3.1076689e+00   3.1049950e+00   3.1024246e+00   3.0999641e+00   3.0976236e+00   3.0953426e+00   3.0931492e+00   3.0910053e+00   3.0889378e+00   3.0869567e+00   3.0849152e+00   3.0827684e+00   3.0804462e+00   3.0779378e+00   3.0752633e+00   3.0723686e+00   3.0692751e+00   3.0659659e+00   3.0624993e+00   3.0589168e+00   3.0552771e+00   3.0516269e+00   3.0479591e+00   3.0442774e+00   3.0405991e+00   3.0370295e+00   3.0336637e+00   3.0306072e+00   3.0278809e+00   3.0254266e+00   3.0232906e+00   3.0215390e+00   3.0202742e+00   3.0195606e+00   3.0193670e+00   3.0196533e+00   3.0203698e+00   3.0214360e+00   3.0228720e+00   3.0246518e+00   3.0267324e+00   3.0291016e+00   3.0316722e+00   3.0343559e+00   3.0369999e+00   3.0394790e+00   3.0416839e+00   3.0434654e+00   3.0447114e+00   3.0454400e+00   3.0456579e+00   3.0453866e+00   3.0446587e+00   3.0435429e+00   3.0420964e+00   3.0403461e+00   3.0383184e+00   3.0361040e+00   3.0336735e+00   3.0310571e+00   3.0282953e+00   3.0253766e+00   3.0223496e+00   3.0192146e+00   3.0160208e+00   3.0127571e+00   3.0094116e+00   3.0060072e+00   3.0025351e+00   2.9990032e+00   2.9954555e+00   2.9919255e+00   2.9884102e+00   2.9848795e+00   2.9813435e+00   2.9778721e+00   2.9744408e+00   2.9710548e+00   2.9677060e+00   2.9644051e+00   2.9611161e+00   2.9578161e+00
   3.1669438e+00   3.1638544e+00   3.1607208e+00   3.1575673e+00   3.1543911e+00   3.1512334e+00   3.1480696e+00   3.1449521e+00   3.1418390e+00   3.1387260e+00   3.1356704e+00   3.1326532e+00   3.1297076e+00   3.1268528e+00   3.1240718e+00   3.1214116e+00   3.1188896e+00   3.1164668e+00   3.1141822e+00   3.1119812e+00   3.1099136e+00   3.1079912e+00   3.1061890e+00   3.1044703e+00   3.1028261e+00   3.1012142e+00   3.0996733e+00   3.0981350e+00   3.0965881e+00   3.0949280e+00   3.0931180e+00   3.0911276e+00   3.0888994e+00   3.0864074e+00   3.0836713e+00   3.0807266e+00   3.0775979e+00   3.0743306e+00   3.0709908e+00   3.0676317e+00   3.0642693e+00   3.0608680e+00   3.0574610e+00   3.0541384e+00   3.0510404e+00   3.0483124e+00   3.0459144e+00   3.0437825e+00   3.0419648e+00   3.0405824e+00   3.0397415e+00   3.0394490e+00   3.0396888e+00   3.0404398e+00   3.0416529e+00   3.0432587e+00   3.0452232e+00   3.0475051e+00   3.0500824e+00   3.0529382e+00   3.0560329e+00   3.0592635e+00   3.0624838e+00   3.0655317e+00   3.0682476e+00   3.0704834e+00   3.0721619e+00   3.0732605e+00   3.0737915e+00   3.0738106e+00   3.0733764e+00   3.0725148e+00   3.0713141e+00   3.0697711e+00   3.0679474e+00   3.0658371e+00   3.0635364e+00   3.0610676e+00   3.0584533e+00   3.0556934e+00   3.0528145e+00   3.0498288e+00   3.0467050e+00   3.0434897e+00   3.0402153e+00   3.0369122e+00   3.0335457e+00   3.0301349e+00   3.0266960e+00   3.0232315e+00   3.0197289e+00   3.0162151e+00   3.0127459e+00   3.0093338e+00   3.0059559e+00   3.0026417e+00   2.9993699e+00   2.9961092e+00   2.9928284e+00   2.9895666e+00
   3.3475997e+00   3.3436649e+00   3.3397055e+00   3.3357399e+00   3.3317769e+00   3.3278656e+00   3.3240108e+00   3.3202524e+00   3.3165152e+00   3.3128183e+00   3.3092072e+00   3.3056381e+00   3.3022077e+00   3.2988825e+00   3.2956979e+00   3.2926579e+00   3.2897530e+00   3.2870462e+00   3.2845278e+00   3.2821934e+00   3.2800000e+00   3.2779465e+00   3.2760403e+00   3.2742634e+00   3.2726018e+00   3.2710311e+00   3.2695100e+00   3.2679775e+00   3.2663882e+00   3.2646973e+00   3.2628276e+00   3.2607040e+00   3.2582996e+00   3.2555621e+00   3.2525170e+00   3.2491703e+00   3.2455909e+00   3.2418911e+00   3.2381017e+00   3.2342148e+00   3.2303097e+00   3.2263927e+00   3.2225330e+00   3.2188070e+00   3.2153301e+00   3.2122524e+00   3.2095702e+00   3.2072599e+00   3.2053897e+00   3.2040491e+00   3.2033718e+00   3.2033417e+00   3.2039683e+00   3.2052586e+00   3.2071402e+00   3.2095215e+00   3.2123594e+00   3.2156639e+00   3.2193892e+00   3.2234545e+00   3.2277825e+00   3.2322388e+00   3.2366326e+00   3.2407515e+00   3.2444355e+00   3.2475617e+00   3.2499485e+00   3.2515476e+00   3.2524107e+00   3.2526388e+00   3.2523239e+00   3.2514741e+00   3.2502077e+00   3.2485273e+00   3.2464716e+00   3.2441170e+00   3.2415123e+00   3.2386885e+00   3.2356579e+00   3.2324307e+00   3.2290990e+00   3.2256269e+00   3.2220414e+00   3.2183132e+00   3.2144849e+00   3.2106216e+00   3.2066915e+00   3.2027600e+00   3.1987836e+00   3.1947830e+00   3.1907504e+00   3.1867456e+00   3.1827900e+00   3.1788514e+00   3.1749649e+00   3.1711586e+00   3.1674156e+00   3.1636970e+00   3.1600373e+00   3.1563714e+00
   3.2862289e+00   3.2826579e+00   3.2790592e+00   3.2754695e+00   3.2718704e+00   3.2682669e+00   3.2646835e+00   3.2611821e+00   3.2577531e+00   3.2543480e+00   3.2509768e+00   3.2476285e+00   3.2443950e+00   3.2412980e+00   3.2383149e+00   3.2354679e+00   3.2327566e+00   3.2302039e+00   3.2278011e+00   3.2255144e+00   3.2233505e+00   3.2213280e+00   3.2194707e+00   3.2177484e+00   3.2161167e+00   3.2145348e+00   3.2130096e+00   3.2114928e+00   3.2099116e+00   3.2082157e+00   3.2063797e+00   3.2043512e+00   3.2020729e+00   3.1994870e+00   3.1966660e+00   3.1936321e+00   3.1903732e+00   3.1869910e+00   3.1835060e+00   3.1799920e+00   3.1764688e+00   3.1728735e+00   3.1692333e+00   3.1657355e+00   3.1625128e+00   3.1596940e+00   3.1572435e+00   3.1550808e+00   3.1532917e+00   3.1520193e+00   3.1513081e+00   3.1512177e+00   3.1517384e+00   3.1528368e+00   3.1544621e+00   3.1565306e+00   3.1589785e+00   3.1618683e+00   3.1651285e+00   3.1687238e+00   3.1725314e+00   3.1764514e+00   3.1803524e+00   3.1840413e+00   3.1873474e+00   3.1901219e+00   3.1922801e+00   3.1937625e+00   3.1945915e+00   3.1948364e+00   3.1945646e+00   3.1938181e+00   3.1926463e+00   3.1911008e+00   3.1892557e+00   3.1871204e+00   3.1847327e+00   3.1821473e+00   3.1793721e+00   3.1764143e+00   3.1733100e+00   3.1701040e+00   3.1667907e+00   3.1633549e+00   3.1598387e+00   3.1562774e+00   3.1526890e+00   3.1490691e+00   3.1453998e+00   3.1416893e+00   3.1379490e+00   3.1342590e+00   3.1306076e+00   3.1269963e+00   3.1234493e+00   3.1199372e+00   3.1164844e+00   3.1130333e+00   3.1095688e+00   3.1061094e+00
   3.0318787e+00   3.0290558e+00   3.0262358e+00   3.0234082e+00   3.0205739e+00   3.0176837e+00   3.0148106e+00   3.0119464e+00   3.0091209e+00   3.0063276e+00   3.0035756e+00   3.0008895e+00   2.9982207e+00   2.9955800e+00   2.9930115e+00   2.9905131e+00   2.9881318e+00   2.9858398e+00   2.9836705e+00   2.9816186e+00   2.9796598e+00   2.9777603e+00   2.9759417e+00   2.9742069e+00   2.9725647e+00   2.9710033e+00   2.9694827e+00   2.9679787e+00   2.9664192e+00   2.9647713e+00   2.9630013e+00   2.9610882e+00   2.9590092e+00   2.9567626e+00   2.9543269e+00   2.9517176e+00   2.9489334e+00   2.9460068e+00   2.9430134e+00   2.9400206e+00   2.9370191e+00   2.9340236e+00   2.9310513e+00   2.9281285e+00   2.9253438e+00   2.9227960e+00   2.9205353e+00   2.9185355e+00   2.9167917e+00   2.9153919e+00   2.9144337e+00   2.9139118e+00   2.9138260e+00   2.9141510e+00   2.9148731e+00   2.9159858e+00   2.9174459e+00   2.9192276e+00   2.9213192e+00   2.9236820e+00   2.9262998e+00   2.9290259e+00   2.9317377e+00   2.9343166e+00   2.9366553e+00   2.9386475e+00   2.9401677e+00   2.9411526e+00   2.9416277e+00   2.9415939e+00   2.9411783e+00   2.9403903e+00   2.9392767e+00   2.9378834e+00   2.9362278e+00   2.9343460e+00   2.9322493e+00   2.9299767e+00   2.9275434e+00   2.9250031e+00   2.9223669e+00   2.9196510e+00   2.9168451e+00   2.9139462e+00   2.9109554e+00   2.9078865e+00   2.9047687e+00   2.9016304e+00   2.8984988e+00   2.8953762e+00   2.8922482e+00   2.8890808e+00   2.8859303e+00   2.8828113e+00   2.8797359e+00   2.8766949e+00   2.8737087e+00   2.8707745e+00   2.8678486e+00   2.8649130e+00
   3.4148390e+00   3.4108124e+00   3.4068024e+00   3.4028137e+00   3.3987503e+00   3.3946717e+00   3.3906333e+00   3.3866627e+00   3.3826854e+00   3.3787622e+00   3.3749111e+00   3.3711483e+00   3.3674996e+00   3.3639708e+00   3.3605394e+00   3.3572216e+00   3.3540547e+00   3.3510702e+00   3.3482702e+00   3.3456433e+00   3.3431311e+00   3.3407869e+00   3.3385780e+00   3.3364770e+00   3.3344920e+00   3.3325765e+00   3.3307190e+00   3.3288882e+00   3.3270090e+00   3.3250234e+00   3.3228028e+00   3.3203757e+00   3.3177230e+00   3.3148108e+00   3.3116152e+00   3.3081338e+00   3.3044980e+00   3.3007061e+00   3.2967808e+00   3.2928078e+00   3.2887948e+00   3.2848005e+00   3.2808192e+00   3.2769697e+00   3.2734354e+00   3.2702372e+00   3.2674186e+00   3.2649267e+00   3.2628410e+00   3.2613142e+00   3.2603700e+00   3.2600689e+00   3.2603674e+00   3.2612598e+00   3.2626765e+00   3.2645509e+00   3.2668450e+00   3.2695191e+00   3.2725542e+00   3.2759113e+00   3.2795084e+00   3.2831638e+00   3.2867699e+00   3.2901554e+00   3.2931616e+00   3.2956460e+00   3.2975481e+00   3.2987769e+00   3.2993414e+00   3.2993343e+00   3.2987945e+00   3.2978208e+00   3.2964628e+00   3.2947547e+00   3.2927258e+00   3.2904005e+00   3.2878621e+00   3.2851324e+00   3.2822130e+00   3.2791424e+00   3.2759345e+00   3.2726004e+00   3.2691290e+00   3.2655697e+00   3.2619476e+00   3.2582734e+00   3.2545815e+00   3.2508380e+00   3.2470596e+00   3.2432325e+00   3.2394302e+00   3.2356625e+00   3.2318838e+00   3.2281291e+00   3.2244320e+00   3.2207978e+00   3.2172058e+00   3.2136555e+00   3.2101231e+00   3.2066028e+00
   3.2536519e+00   3.2504838e+00   3.2473328e+00   3.2441921e+00   3.2409737e+00   3.2377262e+00   3.2344539e+00   3.2312276e+00   3.2280090e+00   3.2248039e+00   3.2216606e+00   3.2185676e+00   3.2155149e+00   3.2125101e+00   3.2095833e+00   3.2067559e+00   3.2040293e+00   3.2013886e+00   3.1989129e+00   3.1965790e+00   3.1943505e+00   3.1921988e+00   3.1901324e+00   3.1881654e+00   3.1862824e+00   3.1844518e+00   3.1826878e+00   3.1809437e+00   3.1791618e+00   3.1772773e+00   3.1752119e+00   3.1729975e+00   3.1705906e+00   3.1679585e+00   3.1651218e+00   3.1620681e+00   3.1588585e+00   3.1555450e+00   3.1521437e+00   3.1486657e+00   3.1451428e+00   3.1416035e+00   3.1381242e+00   3.1347542e+00   3.1315975e+00   3.1287639e+00   3.1262276e+00   3.1239598e+00   3.1219959e+00   3.1204491e+00   3.1194265e+00   3.1189001e+00   3.1188529e+00   3.1192808e+00   3.1201220e+00   3.1213500e+00   3.1229188e+00   3.1248257e+00   3.1270494e+00   3.1295235e+00   3.1321821e+00   3.1349239e+00   3.1376059e+00   3.1400993e+00   3.1422937e+00   3.1441114e+00   3.1454470e+00   3.1462409e+00   3.1465149e+00   3.1463206e+00   3.1456497e+00   3.1445630e+00   3.1431792e+00   3.1415701e+00   3.1396952e+00   3.1376059e+00   3.1352818e+00   3.1327868e+00   3.1301301e+00   3.1273139e+00   3.1244040e+00   3.1213999e+00   3.1183367e+00   3.1151867e+00   3.1119468e+00   3.1086705e+00   3.1053667e+00   3.1019945e+00   3.0986001e+00   3.0952175e+00   3.0918531e+00   3.0884666e+00   3.0850639e+00   3.0817029e+00   3.0783627e+00   3.0750477e+00   3.0718079e+00   3.0686035e+00   3.0654221e+00   3.0622456e+00
   2.9521236e+00   2.9494092e+00   2.9466600e+00   2.9438832e+00   2.9411271e+00   2.9383838e+00   2.9356499e+00   2.9329472e+00   2.9302762e+00   2.9276123e+00   2.9249852e+00   2.9223750e+00   2.9198315e+00   2.9173594e+00   2.9149845e+00   2.9126961e+00   2.9105327e+00   2.9084275e+00   2.9064312e+00   2.9045649e+00   2.9028018e+00   2.9011452e+00   2.8995669e+00   2.8980553e+00   2.8966112e+00   2.8952014e+00   2.8938179e+00   2.8924644e+00   2.8910942e+00   2.8896465e+00   2.8880970e+00   2.8863976e+00   2.8845155e+00   2.8824379e+00   2.8801849e+00   2.8777888e+00   2.8752835e+00   2.8727043e+00   2.8700912e+00   2.8674698e+00   2.8647747e+00   2.8619854e+00   2.8591795e+00   2.8564804e+00   2.8540440e+00   2.8519146e+00   2.8500195e+00   2.8483222e+00   2.8468592e+00   2.8457375e+00   2.8450520e+00   2.8448098e+00   2.8449805e+00   2.8455613e+00   2.8465426e+00   2.8478720e+00   2.8495071e+00   2.8514283e+00   2.8536351e+00   2.8561084e+00   2.8587761e+00   2.8615615e+00   2.8643301e+00   2.8669796e+00   2.8693485e+00   2.8713217e+00   2.8728645e+00   2.8739364e+00   2.8745337e+00   2.8747187e+00   2.8745186e+00   2.8739872e+00   2.8731358e+00   2.8719828e+00   2.8706129e+00   2.8690512e+00   2.8673155e+00   2.8654404e+00   2.8634293e+00   2.8613026e+00   2.8590515e+00   2.8567193e+00   2.8543189e+00   2.8518374e+00   2.8492935e+00   2.8467293e+00   2.8441346e+00   2.8414803e+00   2.8388166e+00   2.8361518e+00   2.8334932e+00   2.8308420e+00   2.8282077e+00   2.8256016e+00   2.8230298e+00   2.8204899e+00   2.8179893e+00   2.8155086e+00   2.8130369e+00   2.8105738e+00
   3.1140645e+00   3.1103051e+00   3.1065416e+00   3.1027870e+00   3.0990479e+00   3.0953417e+00   3.0916836e+00   3.0880516e+00   3.0844986e+00   3.0810249e+00   3.0775940e+00   3.0742195e+00   3.0709536e+00   3.0677922e+00   3.0647659e+00   3.0618584e+00   3.0590909e+00   3.0564859e+00   3.0540297e+00   3.0517013e+00   3.0495412e+00   3.0475371e+00   3.0457218e+00   3.0440118e+00   3.0423868e+00   3.0408049e+00   3.0392647e+00   3.0377371e+00   3.0361929e+00   3.0345478e+00   3.0327709e+00   3.0307913e+00   3.0285690e+00   3.0260639e+00   3.0232651e+00   3.0202296e+00   3.0169981e+00   3.0136254e+00   3.0101688e+00   3.0067222e+00   3.0032909e+00   2.9998665e+00   2.9963830e+00   2.9929187e+00   2.9896886e+00   2.9868748e+00   2.9844501e+00   2.9823492e+00   2.9805679e+00   2.9792635e+00   2.9785097e+00   2.9783008e+00   2.9786568e+00   2.9795780e+00   2.9810486e+00   2.9829729e+00   2.9852998e+00   2.9880192e+00   2.9910500e+00   2.9943607e+00   2.9978759e+00   3.0015163e+00   3.0051641e+00   3.0086708e+00   3.0118439e+00   3.0145075e+00   3.0165713e+00   3.0179875e+00   3.0187721e+00   3.0189679e+00   3.0186520e+00   3.0179269e+00   3.0168297e+00   3.0153761e+00   3.0135791e+00   3.0114782e+00   3.0091479e+00   3.0066264e+00   3.0039463e+00   3.0011227e+00   2.9981995e+00   2.9951394e+00   2.9919703e+00   2.9886754e+00   2.9852734e+00   2.9818003e+00   2.9782712e+00   2.9747438e+00   2.9712009e+00   2.9676492e+00   2.9640388e+00   2.9604187e+00   2.9568005e+00   2.9532375e+00   2.9497411e+00   2.9463036e+00   2.9429576e+00   2.9396372e+00   2.9363146e+00   2.9329531e+00
   3.1478846e+00   3.1445472e+00   3.1411898e+00   3.1378365e+00   3.1345022e+00   3.1311677e+00   3.1278448e+00   3.1245298e+00   3.1212442e+00   3.1179941e+00   3.1147988e+00   3.1116498e+00   3.1085608e+00   3.1055801e+00   3.1026933e+00   3.0999062e+00   3.0972378e+00   3.0946865e+00   3.0922840e+00   3.0899975e+00   3.0878239e+00   3.0857761e+00   3.0838344e+00   3.0819714e+00   3.0801620e+00   3.0784197e+00   3.0767262e+00   3.0750725e+00   3.0733662e+00   3.0715637e+00   3.0695784e+00   3.0674007e+00   3.0650361e+00   3.0624797e+00   3.0597496e+00   3.0568187e+00   3.0537159e+00   3.0505779e+00   3.0473750e+00   3.0441439e+00   3.0408490e+00   3.0374706e+00   3.0341024e+00   3.0308831e+00   3.0279429e+00   3.0253475e+00   3.0230360e+00   3.0209639e+00   3.0192249e+00   3.0178983e+00   3.0170622e+00   3.0167272e+00   3.0168917e+00   3.0175323e+00   3.0185978e+00   3.0200710e+00   3.0219252e+00   3.0241082e+00   3.0265911e+00   3.0293429e+00   3.0323219e+00   3.0354106e+00   3.0384414e+00   3.0412905e+00   3.0438092e+00   3.0459063e+00   3.0475061e+00   3.0485599e+00   3.0490904e+00   3.0491407e+00   3.0487521e+00   3.0479715e+00   3.0468552e+00   3.0454521e+00   3.0438261e+00   3.0419464e+00   3.0398824e+00   3.0376251e+00   3.0352447e+00   3.0327368e+00   3.0301237e+00   3.0274103e+00   3.0245831e+00   3.0216930e+00   3.0187504e+00   3.0157936e+00   3.0128200e+00   3.0098054e+00   3.0067835e+00   3.0037467e+00   3.0007029e+00   2.9976623e+00   2.9946544e+00   2.9916999e+00   2.9888027e+00   2.9859457e+00   2.9831221e+00   2.9803417e+00   2.9775631e+00   2.9747741e+00
   2.8517587e+00   2.8493767e+00   2.8469906e+00   2.8445880e+00   2.8421783e+00   2.8397853e+00   2.8373909e+00   2.8350289e+00   2.8326972e+00   2.8303978e+00   2.8281429e+00   2.8259249e+00   2.8237503e+00   2.8216467e+00   2.8196075e+00   2.8176725e+00   2.8158362e+00   2.8140738e+00   2.8124111e+00   2.8108444e+00   2.8093946e+00   2.8080378e+00   2.8067429e+00   2.8055143e+00   2.8043420e+00   2.8032153e+00   2.8021202e+00   2.8010213e+00   2.7999051e+00   2.7986927e+00   2.7973287e+00   2.7958105e+00   2.7941544e+00   2.7923310e+00   2.7903509e+00   2.7882264e+00   2.7859888e+00   2.7836742e+00   2.7813253e+00   2.7789719e+00   2.7765961e+00   2.7741621e+00   2.7716999e+00   2.7693081e+00   2.7671432e+00   2.7652705e+00   2.7636521e+00   2.7622242e+00   2.7609932e+00   2.7601030e+00   2.7596266e+00   2.7595403e+00   2.7598517e+00   2.7605202e+00   2.7615480e+00   2.7629004e+00   2.7645295e+00   2.7664595e+00   2.7686644e+00   2.7711165e+00   2.7737658e+00   2.7764823e+00   2.7791660e+00   2.7816992e+00   2.7839706e+00   2.7858849e+00   2.7873726e+00   2.7884133e+00   2.7890284e+00   2.7892306e+00   2.7890441e+00   2.7885540e+00   2.7878020e+00   2.7868154e+00   2.7855892e+00   2.7841561e+00   2.7825727e+00   2.7808626e+00   2.7790573e+00   2.7771552e+00   2.7751703e+00   2.7730706e+00   2.7708962e+00   2.7686443e+00   2.7663288e+00   2.7639809e+00   2.7615955e+00   2.7592170e+00   2.7568054e+00   2.7543876e+00   2.7519634e+00   2.7495403e+00   2.7471468e+00   2.7447996e+00   2.7424901e+00   2.7402036e+00   2.7379482e+00   2.7357063e+00   2.7334843e+00   2.7312582e+00
   3.2586634e+00   3.2546337e+00   3.2506037e+00   3.2465804e+00   3.2425852e+00   3.2386405e+00   3.2347515e+00   3.2309411e+00   3.2271411e+00   3.2233877e+00   3.2196598e+00   3.2160110e+00   3.2124665e+00   3.2090828e+00   3.2058661e+00   3.2028105e+00   3.1998777e+00   3.1970870e+00   3.1944788e+00   3.1920292e+00   3.1897535e+00   3.1876345e+00   3.1856530e+00   3.1838233e+00   3.1820810e+00   3.1804016e+00   3.1787846e+00   3.1771843e+00   3.1755497e+00   3.1737957e+00   3.1718347e+00   3.1696537e+00   3.1671560e+00   3.1643581e+00   3.1612480e+00   3.1579149e+00   3.1543932e+00   3.1507092e+00   3.1469328e+00   3.1431420e+00   3.1393235e+00   3.1354401e+00   3.1314945e+00   3.1276398e+00   3.1241074e+00   3.1210470e+00   3.1184194e+00   3.1161308e+00   3.1142209e+00   3.1128209e+00   3.1120098e+00   3.1118367e+00   3.1123087e+00   3.1134684e+00   3.1152065e+00   3.1174002e+00   3.1200180e+00   3.1230376e+00   3.1264064e+00   3.1300774e+00   3.1339858e+00   3.1380379e+00   3.1420300e+00   3.1457548e+00   3.1490405e+00   3.1517851e+00   3.1538696e+00   3.1552286e+00   3.1559112e+00   3.1559935e+00   3.1555691e+00   3.1546733e+00   3.1533387e+00   3.1516037e+00   3.1495273e+00   3.1471741e+00   3.1445856e+00   3.1417580e+00   3.1387689e+00   3.1356838e+00   3.1324406e+00   3.1290081e+00   3.1254196e+00   3.1217594e+00   3.1180408e+00   3.1142254e+00   3.1103542e+00   3.1064312e+00   3.1025417e+00   3.0986083e+00   3.0946236e+00   3.0906308e+00   3.0866756e+00   3.0828106e+00   3.0789356e+00   3.0751324e+00   3.0714281e+00   3.0677879e+00   3.0640879e+00   3.0603650e+00
   2.9287751e+00   2.9261215e+00   2.9234707e+00   2.9208355e+00   2.9182265e+00   2.9155922e+00   2.9129753e+00   2.9104214e+00   2.9079001e+00   2.9054077e+00   2.9029055e+00   2.9004555e+00   2.8981113e+00   2.8958642e+00   2.8937018e+00   2.8915985e+00   2.8895962e+00   2.8877099e+00   2.8859434e+00   2.8842747e+00   2.8827040e+00   2.8812428e+00   2.8798730e+00   2.8785629e+00   2.8772955e+00   2.8760784e+00   2.8748949e+00   2.8737285e+00   2.8725369e+00   2.8712609e+00   2.8698246e+00   2.8682315e+00   2.8664646e+00   2.8645155e+00   2.8624170e+00   2.8601723e+00   2.8578062e+00   2.8553617e+00   2.8528595e+00   2.8503778e+00   2.8478711e+00   2.8452969e+00   2.8426502e+00   2.8400753e+00   2.8377507e+00   2.8357716e+00   2.8340738e+00   2.8325703e+00   2.8312902e+00   2.8303530e+00   2.8298569e+00   2.8298218e+00   2.8302195e+00   2.8310096e+00   2.8321438e+00   2.8336084e+00   2.8353806e+00   2.8374393e+00   2.8397510e+00   2.8423073e+00   2.8450716e+00   2.8479156e+00   2.8506901e+00   2.8532698e+00   2.8555696e+00   2.8575075e+00   2.8590024e+00   2.8600216e+00   2.8605776e+00   2.8607438e+00   2.8605375e+00   2.8600023e+00   2.8591578e+00   2.8580673e+00   2.8567657e+00   2.8552847e+00   2.8536408e+00   2.8518450e+00   2.8499458e+00   2.8479269e+00   2.8458271e+00   2.8436337e+00   2.8413532e+00   2.8389912e+00   2.8365824e+00   2.8341568e+00   2.8317165e+00   2.8292396e+00   2.8267448e+00   2.8242416e+00   2.8217421e+00   2.8192444e+00   2.8167820e+00   2.8143711e+00   2.8120110e+00   2.8096955e+00   2.8074048e+00   2.8051407e+00   2.8028500e+00   2.8005545e+00
   2.7003059e+00   2.6983244e+00   2.6962798e+00   2.6941891e+00   2.6920979e+00   2.6900542e+00   2.6880696e+00   2.6861267e+00   2.6841977e+00   2.6822557e+00   2.6802912e+00   2.6783266e+00   2.6764104e+00   2.6745837e+00   2.6728601e+00   2.6712315e+00   2.6696758e+00   2.6681585e+00   2.6666858e+00   2.6652982e+00   2.6640131e+00   2.6628511e+00   2.6617873e+00   2.6607854e+00   2.6598251e+00   2.6588533e+00   2.6578772e+00   2.6569130e+00   2.6559575e+00   2.6549795e+00   2.6539252e+00   2.6527388e+00   2.6513865e+00   2.6498399e+00   2.6481142e+00   2.6462727e+00   2.6443355e+00   2.6423495e+00   2.6403430e+00   2.6383495e+00   2.6363277e+00   2.6342249e+00   2.6320398e+00   2.6298921e+00   2.6279356e+00   2.6262743e+00   2.6248744e+00   2.6236503e+00   2.6225774e+00   2.6217377e+00   2.6212039e+00   2.6210485e+00   2.6212714e+00   2.6218822e+00   2.6228392e+00   2.6240695e+00   2.6255167e+00   2.6271660e+00   2.6290445e+00   2.6311483e+00   2.6334369e+00   2.6358469e+00   2.6382761e+00   2.6406057e+00   2.6426785e+00   2.6444290e+00   2.6458108e+00   2.6468096e+00   2.6474245e+00   2.6476853e+00   2.6476271e+00   2.6472623e+00   2.6466162e+00   2.6457129e+00   2.6446083e+00   2.6433327e+00   2.6419241e+00   2.6404150e+00   2.6387894e+00   2.6370363e+00   2.6351740e+00   2.6332109e+00   2.6311882e+00   2.6291182e+00   2.6270046e+00   2.6248701e+00   2.6226833e+00   2.6204617e+00   2.6182060e+00   2.6159194e+00   2.6136296e+00   2.6113603e+00   2.6091394e+00   2.6069367e+00   2.6047251e+00   2.6025162e+00   2.6003373e+00   2.5982027e+00   2.5960679e+00   2.5939407e+00
   3.0995572e+00   3.0960858e+00   3.0925853e+00   3.0891039e+00   3.0856454e+00   3.0822051e+00   3.0787888e+00   3.0754259e+00   3.0721080e+00   3.0688725e+00   3.0656967e+00   3.0625906e+00   3.0595684e+00   3.0566375e+00   3.0538037e+00   3.0510795e+00   3.0484610e+00   3.0460117e+00   3.0437438e+00   3.0416441e+00   3.0396531e+00   3.0377855e+00   3.0360506e+00   3.0344608e+00   3.0329638e+00   3.0315430e+00   3.0301912e+00   3.0288773e+00   3.0275095e+00   3.0260279e+00   3.0243752e+00   3.0225356e+00   3.0204477e+00   3.0180664e+00   3.0154207e+00   3.0125313e+00   3.0094292e+00   3.0061398e+00   3.0027525e+00   2.9993296e+00   2.9959164e+00   2.9925086e+00   2.9890816e+00   2.9857304e+00   2.9825790e+00   2.9797504e+00   2.9772949e+00   2.9751568e+00   2.9733665e+00   2.9720628e+00   2.9713106e+00   2.9711483e+00   2.9715271e+00   2.9724944e+00   2.9740093e+00   2.9759681e+00   2.9783103e+00   2.9810579e+00   2.9841728e+00   2.9876568e+00   2.9913902e+00   2.9952736e+00   2.9991341e+00   3.0028188e+00   3.0061815e+00   3.0090771e+00   3.0113821e+00   3.0130060e+00   3.0139549e+00   3.0142972e+00   3.0140798e+00   3.0133781e+00   3.0122483e+00   3.0107553e+00   3.0089500e+00   3.0068560e+00   3.0044975e+00   3.0018816e+00   2.9990723e+00   2.9961357e+00   2.9930694e+00   2.9898736e+00   2.9865425e+00   2.9830773e+00   2.9795105e+00   2.9758682e+00   2.9721870e+00   2.9684677e+00   2.9647090e+00   2.9609234e+00   2.9571352e+00   2.9533567e+00   2.9495869e+00   2.9458208e+00   2.9420948e+00   2.9384487e+00   2.9348745e+00   2.9313707e+00   2.9278972e+00   2.9244225e+00
   3.2693746e+00   3.2664292e+00   3.2634270e+00   3.2603893e+00   3.2572889e+00   3.2542152e+00   3.2511890e+00   3.2481782e+00   3.2451982e+00   3.2421837e+00   3.2391903e+00   3.2362444e+00   3.2333593e+00   3.2306087e+00   3.2279167e+00   3.2253320e+00   3.2228804e+00   3.2205536e+00   3.2183335e+00   3.2162037e+00   3.2141716e+00   3.2123463e+00   3.2106266e+00   3.2089875e+00   3.2074120e+00   3.2058809e+00   3.2044151e+00   3.2029192e+00   3.2013638e+00   3.1997204e+00   3.1979535e+00   3.1960247e+00   3.1938775e+00   3.1915138e+00   3.1888802e+00   3.1860294e+00   3.1829765e+00   3.1798294e+00   3.1766722e+00   3.1734953e+00   3.1702478e+00   3.1668921e+00   3.1634958e+00   3.1602345e+00   3.1572678e+00   3.1546443e+00   3.1523273e+00   3.1503105e+00   3.1486194e+00   3.1473331e+00   3.1465557e+00   3.1462729e+00   3.1465504e+00   3.1473913e+00   3.1487372e+00   3.1505430e+00   3.1526897e+00   3.1551797e+00   3.1579745e+00   3.1610520e+00   3.1643727e+00   3.1678209e+00   3.1712787e+00   3.1745656e+00   3.1775818e+00   3.1801612e+00   3.1821945e+00   3.1836312e+00   3.1844900e+00   3.1848538e+00   3.1847656e+00   3.1842382e+00   3.1833553e+00   3.1821530e+00   3.1806200e+00   3.1788161e+00   3.1767786e+00   3.1746056e+00   3.1723011e+00   3.1698811e+00   3.1673574e+00   3.1646576e+00   3.1617947e+00   3.1588228e+00   3.1558495e+00   3.1528594e+00   3.1497858e+00   3.1466916e+00   3.1435583e+00   3.1403894e+00   3.1371543e+00   3.1339388e+00   3.1307938e+00   3.1277115e+00   3.1246507e+00   3.1216214e+00   3.1186159e+00   3.1155596e+00   3.1125062e+00   3.1095295e+00
   3.3576603e+00   3.3544495e+00   3.3512247e+00   3.3479283e+00   3.3445637e+00   3.3411999e+00   3.3378754e+00   3.3345330e+00   3.3312066e+00   3.3279219e+00   3.3247044e+00   3.3215473e+00   3.3184578e+00   3.3154163e+00   3.3124552e+00   3.3096149e+00   3.3069260e+00   3.3043404e+00   3.3019092e+00   3.2996264e+00   3.2974555e+00   3.2954473e+00   3.2935059e+00   3.2916172e+00   3.2898169e+00   3.2880793e+00   3.2864296e+00   3.2847641e+00   3.2830353e+00   3.2812080e+00   3.2792332e+00   3.2770941e+00   3.2747180e+00   3.2721291e+00   3.2692945e+00   3.2662437e+00   3.2630675e+00   3.2598171e+00   3.2565260e+00   3.2531669e+00   3.2496955e+00   3.2461052e+00   3.2425396e+00   3.2392142e+00   3.2361772e+00   3.2334778e+00   3.2310600e+00   3.2289302e+00   3.2271430e+00   3.2258151e+00   3.2250373e+00   3.2248118e+00   3.2251265e+00   3.2259750e+00   3.2272847e+00   3.2289820e+00   3.2310054e+00   3.2333772e+00   3.2360585e+00   3.2390096e+00   3.2421367e+00   3.2453451e+00   3.2484734e+00   3.2514317e+00   3.2540600e+00   3.2562191e+00   3.2578251e+00   3.2588866e+00   3.2594309e+00   3.2594597e+00   3.2590342e+00   3.2582159e+00   3.2571032e+00   3.2557135e+00   3.2540560e+00   3.2521760e+00   3.2500963e+00   3.2478514e+00   3.2454536e+00   3.2429562e+00   3.2403157e+00   3.2375786e+00   3.2347691e+00   3.2318745e+00   3.2289362e+00   3.2258987e+00   3.2228692e+00   3.2198493e+00   3.2168179e+00   3.2137439e+00   3.2106340e+00   3.2075408e+00   3.2044897e+00   3.2014542e+00   3.1984644e+00   3.1955259e+00   3.1926453e+00   3.1897748e+00   3.1868808e+00   3.1839752e+00
   3.5020611e+00   3.4986851e+00   3.4952424e+00   3.4918034e+00   3.4884002e+00   3.4849260e+00   3.4813738e+00   3.4778433e+00   3.4743080e+00   3.4708364e+00   3.4673862e+00   3.4639928e+00   3.4606540e+00   3.4573948e+00   3.4542348e+00   3.4511559e+00   3.4482281e+00   3.4454737e+00   3.4428685e+00   3.4403727e+00   3.4379890e+00   3.4357493e+00   3.4336481e+00   3.4315875e+00   3.4296408e+00   3.4277508e+00   3.4259503e+00   3.4241142e+00   3.4221869e+00   3.4201450e+00   3.4179630e+00   3.4155457e+00   3.4128990e+00   3.4099810e+00   3.4068356e+00   3.4034498e+00   3.3998671e+00   3.3961804e+00   3.3924854e+00   3.3887589e+00   3.3849065e+00   3.3809471e+00   3.3770139e+00   3.3733139e+00   3.3699195e+00   3.3668854e+00   3.3641536e+00   3.3617375e+00   3.3597381e+00   3.3581924e+00   3.3572454e+00   3.3568599e+00   3.3570244e+00   3.3577080e+00   3.3588860e+00   3.3605330e+00   3.3625748e+00   3.3649406e+00   3.3676221e+00   3.3706019e+00   3.3737621e+00   3.3770161e+00   3.3801653e+00   3.3830903e+00   3.3856881e+00   3.3877671e+00   3.3893325e+00   3.3903160e+00   3.3907206e+00   3.3906181e+00   3.3900077e+00   3.3890200e+00   3.3876677e+00   3.3860035e+00   3.3841112e+00   3.3819189e+00   3.3795080e+00   3.3769295e+00   3.3742192e+00   3.3714130e+00   3.3684273e+00   3.3652999e+00   3.3620634e+00   3.3587208e+00   3.3553746e+00   3.3519523e+00   3.3485260e+00   3.3450286e+00   3.3414991e+00   3.3379393e+00   3.3343580e+00   3.3308437e+00   3.3273036e+00   3.3238137e+00   3.3203316e+00   3.3168771e+00   3.3134663e+00   3.3100834e+00   3.3067214e+00   3.3033488e+00
   3.0078554e+00   3.0049279e+00   3.0019910e+00   2.9989979e+00   2.9959822e+00   2.9930077e+00   2.9900446e+00   2.9870937e+00   2.9841549e+00   2.9811952e+00   2.9782784e+00   2.9754188e+00   2.9726055e+00   2.9698582e+00   2.9671834e+00   2.9645844e+00   2.9620922e+00   2.9596949e+00   2.9574111e+00   2.9552376e+00   2.9531791e+00   2.9511998e+00   2.9493058e+00   2.9474831e+00   2.9457321e+00   2.9440358e+00   2.9423702e+00   2.9407341e+00   2.9390781e+00   2.9373531e+00   2.9354966e+00   2.9334888e+00   2.9313004e+00   2.9289262e+00   2.9263887e+00   2.9236825e+00   2.9208372e+00   2.9179089e+00   2.9149196e+00   2.9119170e+00   2.9089205e+00   2.9058914e+00   2.9028461e+00   2.8998621e+00   2.8970549e+00   2.8945577e+00   2.8923817e+00   2.8904474e+00   2.8887529e+00   2.8873746e+00   2.8864300e+00   2.8859704e+00   2.8859739e+00   2.8864028e+00   2.8872139e+00   2.8883574e+00   2.8898208e+00   2.8916118e+00   2.8937006e+00   2.8960536e+00   2.8986032e+00   2.9012330e+00   2.9038675e+00   2.9063485e+00   2.9085846e+00   2.9104564e+00   2.9118521e+00   2.9127538e+00   2.9131453e+00   2.9131277e+00   2.9127035e+00   2.9118853e+00   2.9107502e+00   2.9093411e+00   2.9077122e+00   2.9058654e+00   2.9037857e+00   2.9015636e+00   2.8992054e+00   2.8967268e+00   2.8941467e+00   2.8914678e+00   2.8887188e+00   2.8858910e+00   2.8829765e+00   2.8800099e+00   2.8770008e+00   2.8739681e+00   2.8709335e+00   2.8678668e+00   2.8647854e+00   2.8617070e+00   2.8586476e+00   2.8556223e+00   2.8526218e+00   2.8496857e+00   2.8467662e+00   2.8438721e+00   2.8410110e+00   2.8381548e+00
   3.0804431e+00   3.0775900e+00   3.0747111e+00   3.0718524e+00   3.0689566e+00   3.0660646e+00   3.0631952e+00   3.0603275e+00   3.0574868e+00   3.0546825e+00   3.0519288e+00   3.0492246e+00   3.0465755e+00   3.0439885e+00   3.0414999e+00   3.0391331e+00   3.0368931e+00   3.0347843e+00   3.0327652e+00   3.0308387e+00   3.0290365e+00   3.0273097e+00   3.0256691e+00   3.0241139e+00   3.0226507e+00   3.0213039e+00   3.0199566e+00   3.0185909e+00   3.0171406e+00   3.0155957e+00   3.0139134e+00   3.0120685e+00   3.0100625e+00   3.0078599e+00   3.0054598e+00   3.0028925e+00   3.0001819e+00   2.9973819e+00   2.9945142e+00   2.9916365e+00   2.9887590e+00   2.9858367e+00   2.9829004e+00   2.9800718e+00   2.9774876e+00   2.9752176e+00   2.9732220e+00   2.9714880e+00   2.9700594e+00   2.9690611e+00   2.9685497e+00   2.9685266e+00   2.9689424e+00   2.9697998e+00   2.9710655e+00   2.9727211e+00   2.9746954e+00   2.9769895e+00   2.9796121e+00   2.9824898e+00   2.9855287e+00   2.9886217e+00   2.9916296e+00   2.9944694e+00   2.9969862e+00   2.9990885e+00   3.0006983e+00   3.0017793e+00   3.0023432e+00   3.0023873e+00   3.0020249e+00   3.0013072e+00   3.0002937e+00   2.9989996e+00   2.9974568e+00   2.9956875e+00   2.9937246e+00   2.9915783e+00   2.9893198e+00   2.9869773e+00   2.9845037e+00   2.9819469e+00   2.9792836e+00   2.9765539e+00   2.9737475e+00   2.9708827e+00   2.9680007e+00   2.9650898e+00   2.9621725e+00   2.9592602e+00   2.9563608e+00   2.9534509e+00   2.9505453e+00   2.9476655e+00   2.9448383e+00   2.9420490e+00   2.9393263e+00   2.9366550e+00   2.9339783e+00   2.9312928e+00
   3.2643955e+00   3.2612088e+00   3.2579539e+00   3.2546961e+00   3.2514369e+00   3.2481949e+00   3.2449360e+00   3.2417116e+00   3.2384779e+00   3.2352533e+00   3.2320414e+00   3.2288685e+00   3.2257702e+00   3.2227662e+00   3.2198334e+00   3.2170632e+00   3.2143462e+00   3.2117031e+00   3.2091682e+00   3.2067919e+00   3.2045519e+00   3.2023985e+00   3.2003241e+00   3.1983528e+00   3.1964769e+00   3.1946363e+00   3.1928396e+00   3.1910572e+00   3.1892474e+00   3.1873245e+00   3.1852391e+00   3.1829910e+00   3.1805508e+00   3.1778924e+00   3.1750622e+00   3.1720333e+00   3.1688414e+00   3.1655514e+00   3.1622066e+00   3.1588228e+00   3.1553767e+00   3.1519012e+00   3.1484692e+00   3.1451509e+00   3.1420314e+00   3.1392114e+00   3.1367028e+00   3.1344597e+00   3.1325314e+00   3.1310043e+00   3.1299274e+00   3.1293488e+00   3.1292617e+00   3.1297052e+00   3.1305656e+00   3.1317928e+00   3.1333549e+00   3.1352861e+00   3.1375425e+00   3.1400445e+00   3.1426907e+00   3.1454690e+00   3.1482534e+00   3.1508687e+00   3.1531594e+00   3.1550217e+00   3.1564102e+00   3.1572609e+00   3.1575749e+00   3.1574278e+00   3.1568515e+00   3.1558762e+00   3.1545594e+00   3.1529820e+00   3.1511700e+00   3.1491139e+00   3.1468451e+00   3.1444275e+00   3.1418705e+00   3.1391954e+00   3.1363938e+00   3.1334870e+00   3.1304691e+00   3.1273537e+00   3.1241968e+00   3.1210306e+00   3.1178446e+00   3.1146126e+00   3.1113479e+00   3.1080635e+00   3.1047666e+00   3.1014812e+00   3.0982151e+00   3.0950277e+00   3.0918720e+00   3.0887773e+00   3.0856743e+00   3.0825796e+00   3.0795212e+00   3.0764925e+00
   2.9727058e+00   2.9700148e+00   2.9672997e+00   2.9645195e+00   2.9617107e+00   2.9589183e+00   2.9561462e+00   2.9534605e+00   2.9508097e+00   2.9482021e+00   2.9455864e+00   2.9429553e+00   2.9403536e+00   2.9378452e+00   2.9354756e+00   2.9332173e+00   2.9310606e+00   2.9289818e+00   2.9269793e+00   2.9250977e+00   2.9233227e+00   2.9216702e+00   2.9201269e+00   2.9186866e+00   2.9173386e+00   2.9160163e+00   2.9146779e+00   2.9133446e+00   2.9120028e+00   2.9106162e+00   2.9091275e+00   2.9074695e+00   2.9056036e+00   2.9035063e+00   2.9011650e+00   2.8986351e+00   2.8959453e+00   2.8931468e+00   2.8902996e+00   2.8874409e+00   2.8845723e+00   2.8816643e+00   2.8786907e+00   2.8757713e+00   2.8730571e+00   2.8706591e+00   2.8685629e+00   2.8667252e+00   2.8651531e+00   2.8639240e+00   2.8630803e+00   2.8626831e+00   2.8627613e+00   2.8633425e+00   2.8643525e+00   2.8657162e+00   2.8673706e+00   2.8692932e+00   2.8714559e+00   2.8738682e+00   2.8764868e+00   2.8792419e+00   2.8820057e+00   2.8846359e+00   2.8870049e+00   2.8889720e+00   2.8904388e+00   2.8914080e+00   2.8918960e+00   2.8919518e+00   2.8916388e+00   2.8909657e+00   2.8899746e+00   2.8886528e+00   2.8870351e+00   2.8852167e+00   2.8832424e+00   2.8811302e+00   2.8788807e+00   2.8764868e+00   2.8739674e+00   2.8713272e+00   2.8685730e+00   2.8657653e+00   2.8628876e+00   2.8599675e+00   2.8569937e+00   2.8539784e+00   2.8509147e+00   2.8478041e+00   2.8446770e+00   2.8415759e+00   2.8385031e+00   2.8354671e+00   2.8324471e+00   2.8294497e+00   2.8264854e+00   2.8235328e+00   2.8206112e+00   2.8177111e+00
   3.2795227e+00   3.2754781e+00   3.2714188e+00   3.2673995e+00   3.2634194e+00   3.2594130e+00   3.2554083e+00   3.2514498e+00   3.2475960e+00   3.2438338e+00   3.2401159e+00   3.2364657e+00   3.2329309e+00   3.2295229e+00   3.2262363e+00   3.2230771e+00   3.2200716e+00   3.2172253e+00   3.2145488e+00   3.2120390e+00   3.2097099e+00   3.2075787e+00   3.2056110e+00   3.2037547e+00   3.2019994e+00   3.2003443e+00   3.1987789e+00   3.1972153e+00   3.1955869e+00   3.1937962e+00   3.1918375e+00   3.1896813e+00   3.1871932e+00   3.1843765e+00   3.1812699e+00   3.1778705e+00   3.1742260e+00   3.1703749e+00   3.1664422e+00   3.1625290e+00   3.1585877e+00   3.1546705e+00   3.1507747e+00   3.1469975e+00   3.1434596e+00   3.1403065e+00   3.1375496e+00   3.1351516e+00   3.1331813e+00   3.1317594e+00   3.1310015e+00   3.1309412e+00   3.1315126e+00   3.1327279e+00   3.1345208e+00   3.1368034e+00   3.1395214e+00   3.1426222e+00   3.1461246e+00   3.1499898e+00   3.1541271e+00   3.1583567e+00   3.1625359e+00   3.1664932e+00   3.1700621e+00   3.1730702e+00   3.1753476e+00   3.1768830e+00   3.1777141e+00   3.1778953e+00   3.1774342e+00   3.1764688e+00   3.1750705e+00   3.1733179e+00   3.1712074e+00   3.1687973e+00   3.1661336e+00   3.1632817e+00   3.1602366e+00   3.1569884e+00   3.1536133e+00   3.1501169e+00   3.1465130e+00   3.1427734e+00   3.1389039e+00   3.1349461e+00   3.1309042e+00   3.1268342e+00   3.1227503e+00   3.1186035e+00   3.1144187e+00   3.1102455e+00   3.1060917e+00   3.1019695e+00   3.0978756e+00   3.0938880e+00   3.0899732e+00   3.0860817e+00   3.0822041e+00   3.0783226e+00
   3.2681086e+00   3.2648151e+00   3.2614832e+00   3.2581322e+00   3.2547827e+00   3.2514560e+00   3.2481070e+00   3.2447596e+00   3.2414265e+00   3.2381897e+00   3.2350037e+00   3.2318642e+00   3.2287807e+00   3.2257650e+00   3.2228501e+00   3.2200348e+00   3.2173281e+00   3.2147856e+00   3.2123721e+00   3.2101147e+00   3.2079589e+00   3.2059124e+00   3.2039709e+00   3.2021129e+00   3.2003524e+00   3.1987019e+00   3.1971314e+00   3.1955492e+00   3.1939366e+00   3.1922598e+00   3.1904249e+00   3.1883833e+00   3.1861117e+00   3.1835797e+00   3.1807926e+00   3.1777871e+00   3.1745732e+00   3.1712368e+00   3.1678047e+00   3.1643028e+00   3.1607754e+00   3.1571953e+00   3.1536205e+00   3.1501324e+00   3.1468418e+00   3.1438808e+00   3.1412418e+00   3.1389496e+00   3.1369736e+00   3.1354256e+00   3.1343763e+00   3.1338959e+00   3.1340215e+00   3.1346905e+00   3.1358492e+00   3.1374156e+00   3.1393661e+00   3.1416771e+00   3.1443470e+00   3.1473131e+00   3.1505215e+00   3.1538553e+00   3.1572177e+00   3.1604517e+00   3.1633823e+00   3.1658785e+00   3.1678286e+00   3.1692181e+00   3.1699760e+00   3.1701584e+00   3.1698310e+00   3.1690490e+00   3.1678894e+00   3.1663997e+00   3.1645949e+00   3.1625431e+00   3.1602507e+00   3.1577542e+00   3.1551046e+00   3.1522882e+00   3.1493549e+00   3.1462791e+00   3.1430683e+00   3.1397526e+00   3.1363475e+00   3.1329033e+00   3.1293900e+00   3.1258438e+00   3.1222451e+00   3.1186006e+00   3.1149282e+00   3.1112502e+00   3.1076252e+00   3.1039846e+00   3.1003864e+00   3.0968087e+00   3.0932996e+00   3.0898464e+00   3.0864375e+00   3.0830352e+00
   3.2904882e+00   3.2870047e+00   3.2835104e+00   3.2799861e+00   3.2764289e+00   3.2728889e+00   3.2693517e+00   3.2658465e+00   3.2623222e+00   3.2588193e+00   3.2553689e+00   3.2519519e+00   3.2485874e+00   3.2452991e+00   3.2421105e+00   3.2390158e+00   3.2359991e+00   3.2330844e+00   3.2303562e+00   3.2277927e+00   3.2253544e+00   3.2229922e+00   3.2207251e+00   3.2185354e+00   3.2164414e+00   3.2144225e+00   3.2124739e+00   3.2105482e+00   3.2085469e+00   3.2064254e+00   3.2041762e+00   3.2017777e+00   3.1991589e+00   3.1963227e+00   3.1932690e+00   3.1900327e+00   3.1866310e+00   3.1830747e+00   3.1794856e+00   3.1758831e+00   3.1722214e+00   3.1685035e+00   3.1647987e+00   3.1612339e+00   3.1579249e+00   3.1549311e+00   3.1522465e+00   3.1498852e+00   3.1478539e+00   3.1462524e+00   3.1451550e+00   3.1445799e+00   3.1445153e+00   3.1449172e+00   3.1457710e+00   3.1470096e+00   3.1486261e+00   3.1505785e+00   3.1528308e+00   3.1553695e+00   3.1581085e+00   3.1609447e+00   3.1637297e+00   3.1663103e+00   3.1685927e+00   3.1704636e+00   3.1718447e+00   3.1726983e+00   3.1730251e+00   3.1728332e+00   3.1721656e+00   3.1711187e+00   3.1697700e+00   3.1681345e+00   3.1661842e+00   3.1640170e+00   3.1616535e+00   3.1591158e+00   3.1563962e+00   3.1535566e+00   3.1506321e+00   3.1475980e+00   3.1444557e+00   3.1412315e+00   3.1379521e+00   3.1346190e+00   3.1312399e+00   3.1278226e+00   3.1243715e+00   3.1209257e+00   3.1174660e+00   3.1140375e+00   3.1106493e+00   3.1072702e+00   3.1039288e+00   3.1005843e+00   3.0972922e+00   3.0940344e+00   3.0908139e+00   3.0876102e+00
   3.1669285e+00   3.1635311e+00   3.1601238e+00   3.1567354e+00   3.1533601e+00   3.1500425e+00   3.1467502e+00   3.1435080e+00   3.1403036e+00   3.1371539e+00   3.1340883e+00   3.1310968e+00   3.1282015e+00   3.1254261e+00   3.1228077e+00   3.1203239e+00   3.1179819e+00   3.1158056e+00   3.1137645e+00   3.1118920e+00   3.1102104e+00   3.1087084e+00   3.1073501e+00   3.1061001e+00   3.1049263e+00   3.1038439e+00   3.1028001e+00   3.1017525e+00   3.1006508e+00   3.0994568e+00   3.0980663e+00   3.0964062e+00   3.0944412e+00   3.0921364e+00   3.0895302e+00   3.0866373e+00   3.0835121e+00   3.0802624e+00   3.0769148e+00   3.0735090e+00   3.0700445e+00   3.0665493e+00   3.0630405e+00   3.0596440e+00   3.0565186e+00   3.0538189e+00   3.0515096e+00   3.0495460e+00   3.0479782e+00   3.0469248e+00   3.0465012e+00   3.0467222e+00   3.0475934e+00   3.0491302e+00   3.0512259e+00   3.0538166e+00   3.0568810e+00   3.0603530e+00   3.0642593e+00   3.0685308e+00   3.0730937e+00   3.0777855e+00   3.0823975e+00   3.0868275e+00   3.0908585e+00   3.0943177e+00   3.0970583e+00   3.0990562e+00   3.1003258e+00   3.1009130e+00   3.1008847e+00   3.1003463e+00   3.0993402e+00   3.0979140e+00   3.0961220e+00   3.0939770e+00   3.0915926e+00   3.0889595e+00   3.0861070e+00   3.0830386e+00   3.0798390e+00   3.0765569e+00   3.0730884e+00   3.0694816e+00   3.0657787e+00   3.0620186e+00   3.0581863e+00   3.0542634e+00   3.0503292e+00   3.0463877e+00   3.0424430e+00   3.0385153e+00   3.0345840e+00   3.0307074e+00   3.0268834e+00   3.0231369e+00   3.0194576e+00   3.0158234e+00   3.0121784e+00   3.0085382e+00
   3.0461452e+00   3.0429823e+00   3.0397806e+00   3.0365403e+00   3.0332711e+00   3.0300207e+00   3.0267665e+00   3.0235074e+00   3.0202425e+00   3.0169914e+00   3.0137863e+00   3.0106323e+00   3.0075271e+00   3.0044401e+00   3.0014303e+00   2.9985180e+00   2.9957056e+00   2.9929917e+00   2.9903567e+00   2.9878199e+00   2.9854116e+00   2.9830980e+00   2.9808712e+00   2.9787157e+00   2.9766300e+00   2.9746253e+00   2.9726632e+00   2.9707377e+00   2.9687946e+00   2.9667737e+00   2.9646292e+00   2.9623168e+00   2.9598105e+00   2.9571171e+00   2.9542465e+00   2.9512196e+00   2.9480400e+00   2.9447737e+00   2.9414368e+00   2.9380634e+00   2.9346695e+00   2.9312506e+00   2.9278955e+00   2.9246130e+00   2.9215100e+00   2.9186649e+00   2.9161141e+00   2.9138174e+00   2.9117737e+00   2.9100878e+00   2.9088318e+00   2.9080355e+00   2.9076908e+00   2.9077899e+00   2.9082842e+00   2.9091504e+00   2.9103174e+00   2.9117744e+00   2.9135244e+00   2.9155324e+00   2.9177482e+00   2.9200776e+00   2.9224064e+00   2.9246047e+00   2.9265320e+00   2.9280760e+00   2.9291580e+00   2.9297554e+00   2.9298601e+00   2.9295177e+00   2.9287860e+00   2.9276800e+00   2.9262669e+00   2.9245720e+00   2.9226568e+00   2.9205322e+00   2.9182236e+00   2.9157648e+00   2.9131544e+00   2.9104319e+00   2.9075868e+00   2.9046583e+00   2.9016619e+00   2.8986118e+00   2.8955071e+00   2.8923523e+00   2.8891544e+00   2.8859375e+00   2.8826969e+00   2.8794463e+00   2.8761942e+00   2.8729439e+00   2.8697331e+00   2.8665493e+00   2.8634121e+00   2.8602829e+00   2.8572063e+00   2.8541577e+00   2.8511345e+00   2.8481550e+00
   2.9025593e+00   2.8999779e+00   2.8973725e+00   2.8947401e+00   2.8921049e+00   2.8894703e+00   2.8868237e+00   2.8841801e+00   2.8815577e+00   2.8789752e+00   2.8764346e+00   2.8739111e+00   2.8714240e+00   2.8689773e+00   2.8666198e+00   2.8643577e+00   2.8622055e+00   2.8601227e+00   2.8581069e+00   2.8561985e+00   2.8544009e+00   2.8526747e+00   2.8510406e+00   2.8494689e+00   2.8479731e+00   2.8465307e+00   2.8450983e+00   2.8436806e+00   2.8422744e+00   2.8407860e+00   2.8391850e+00   2.8374031e+00   2.8354588e+00   2.8333423e+00   2.8310707e+00   2.8286440e+00   2.8261089e+00   2.8234680e+00   2.8207796e+00   2.8180952e+00   2.8154013e+00   2.8126564e+00   2.8098752e+00   2.8071692e+00   2.8046455e+00   2.8023837e+00   2.8003700e+00   2.7985680e+00   2.7969997e+00   2.7957418e+00   2.7948792e+00   2.7944272e+00   2.7943783e+00   2.7947149e+00   2.7954133e+00   2.7964451e+00   2.7977688e+00   2.7993829e+00   2.8012638e+00   2.8033831e+00   2.8056803e+00   2.8081014e+00   2.8105133e+00   2.8127928e+00   2.8148289e+00   2.8165166e+00   2.8177927e+00   2.8186054e+00   2.8189754e+00   2.8189259e+00   2.8185065e+00   2.8177745e+00   2.8167779e+00   2.8155365e+00   2.8140476e+00   2.8123665e+00   2.8105135e+00   2.8084962e+00   2.8063574e+00   2.8041341e+00   2.8018367e+00   2.7994330e+00   2.7969429e+00   2.7943881e+00   2.7917693e+00   2.7891064e+00   2.7864113e+00   2.7836885e+00   2.7809398e+00   2.7781875e+00   2.7754545e+00   2.7727013e+00   2.7699311e+00   2.7671907e+00   2.7645042e+00   2.7618685e+00   2.7592735e+00   2.7566798e+00   2.7540853e+00   2.7514632e+00
   3.3481026e+00   3.3443730e+00   3.3405838e+00   3.3367937e+00   3.3329637e+00   3.3291419e+00   3.3253696e+00   3.3215926e+00   3.3178575e+00   3.3141000e+00   3.3103669e+00   3.3066671e+00   3.3030624e+00   3.2995234e+00   3.2961400e+00   3.2928283e+00   3.2896278e+00   3.2865508e+00   3.2835884e+00   3.2808008e+00   3.2781296e+00   3.2755649e+00   3.2731564e+00   3.2708502e+00   3.2686436e+00   3.2664526e+00   3.2642803e+00   3.2621651e+00   3.2600791e+00   3.2579896e+00   3.2557399e+00   3.2532358e+00   3.2504857e+00   3.2474968e+00   3.2442648e+00   3.2407954e+00   3.2370899e+00   3.2333031e+00   3.2294643e+00   3.2255955e+00   3.2217016e+00   3.2177460e+00   3.2138033e+00   3.2099464e+00   3.2063093e+00   3.2030134e+00   3.2000697e+00   3.1974630e+00   3.1951408e+00   3.1932280e+00   3.1918628e+00   3.1910763e+00   3.1908958e+00   3.1912348e+00   3.1920812e+00   3.1933393e+00   3.1949642e+00   3.1969471e+00   3.1992476e+00   3.2018137e+00   3.2046325e+00   3.2076070e+00   3.2106245e+00   3.2134511e+00   3.2159603e+00   3.2180214e+00   3.2195475e+00   3.2204771e+00   3.2208471e+00   3.2207005e+00   3.2200680e+00   3.2190220e+00   3.2176073e+00   3.2158110e+00   3.2136810e+00   3.2112806e+00   3.2086995e+00   3.2059925e+00   3.2031186e+00   3.2000587e+00   3.1968384e+00   3.1934803e+00   3.1900246e+00   3.1865170e+00   3.1829402e+00   3.1792805e+00   3.1755457e+00   3.1717796e+00   3.1679847e+00   3.1641371e+00   3.1602542e+00   3.1563981e+00   3.1525590e+00   3.1487370e+00   3.1449566e+00   3.1411822e+00   3.1374760e+00   3.1337850e+00   3.1301441e+00   3.1265223e+00
   3.1488209e+00   3.1458657e+00   3.1428535e+00   3.1398385e+00   3.1367886e+00   3.1337223e+00   3.1306732e+00   3.1276562e+00   3.1246622e+00   3.1216748e+00   3.1187136e+00   3.1158326e+00   3.1129942e+00   3.1102114e+00   3.1074779e+00   3.1048470e+00   3.1023571e+00   3.0999632e+00   3.0976887e+00   3.0955534e+00   3.0935669e+00   3.0916779e+00   3.0898688e+00   3.0881469e+00   3.0865326e+00   3.0849903e+00   3.0834777e+00   3.0819712e+00   3.0804231e+00   3.0787928e+00   3.0770314e+00   3.0750649e+00   3.0729122e+00   3.0704901e+00   3.0678217e+00   3.0649490e+00   3.0618598e+00   3.0586202e+00   3.0553024e+00   3.0519645e+00   3.0486019e+00   3.0451891e+00   3.0418129e+00   3.0385425e+00   3.0354748e+00   3.0326920e+00   3.0301771e+00   3.0279586e+00   3.0260754e+00   3.0245857e+00   3.0235939e+00   3.0231259e+00   3.0231779e+00   3.0237169e+00   3.0247571e+00   3.0262039e+00   3.0279953e+00   3.0300996e+00   3.0325291e+00   3.0353012e+00   3.0382893e+00   3.0414031e+00   3.0445030e+00   3.0474584e+00   3.0501339e+00   3.0523584e+00   3.0540721e+00   3.0552206e+00   3.0557816e+00   3.0558012e+00   3.0553524e+00   3.0545015e+00   3.0532486e+00   3.0516672e+00   3.0498168e+00   3.0477383e+00   3.0454242e+00   3.0429037e+00   3.0402431e+00   3.0374391e+00   3.0345180e+00   3.0314548e+00   3.0283039e+00   3.0250549e+00   3.0217135e+00   3.0183229e+00   3.0148857e+00   3.0113766e+00   3.0077679e+00   3.0041580e+00   3.0005786e+00   2.9970102e+00   2.9934103e+00   2.9898319e+00   2.9863069e+00   2.9828205e+00   2.9793842e+00   2.9759619e+00   2.9725792e+00   2.9692097e+00
   3.0989692e+00   3.0960121e+00   3.0930068e+00   3.0899708e+00   3.0869207e+00   3.0838163e+00   3.0806935e+00   3.0775986e+00   3.0745499e+00   3.0715601e+00   3.0685723e+00   3.0656135e+00   3.0626953e+00   3.0598030e+00   3.0570109e+00   3.0543077e+00   3.0517197e+00   3.0492516e+00   3.0468712e+00   3.0445955e+00   3.0424004e+00   3.0402896e+00   3.0382740e+00   3.0363710e+00   3.0345476e+00   3.0328007e+00   3.0310967e+00   3.0293999e+00   3.0276511e+00   3.0258503e+00   3.0239432e+00   3.0219028e+00   3.0196598e+00   3.0172293e+00   3.0145979e+00   3.0117919e+00   3.0088036e+00   3.0056801e+00   3.0024679e+00   2.9992392e+00   2.9960105e+00   2.9927900e+00   2.9895420e+00   2.9863594e+00   2.9833176e+00   2.9805424e+00   2.9780636e+00   2.9758472e+00   2.9739277e+00   2.9723463e+00   2.9712212e+00   2.9705799e+00   2.9703922e+00   2.9706469e+00   2.9712934e+00   2.9722846e+00   2.9736052e+00   2.9752343e+00   2.9771948e+00   2.9794204e+00   2.9818594e+00   2.9844067e+00   2.9869182e+00   2.9893005e+00   2.9914217e+00   2.9931996e+00   2.9945402e+00   2.9953716e+00   2.9956932e+00   2.9955280e+00   2.9949405e+00   2.9939897e+00   2.9927185e+00   2.9911861e+00   2.9893980e+00   2.9874027e+00   2.9851913e+00   2.9827814e+00   2.9802151e+00   2.9775231e+00   2.9747269e+00   2.9718342e+00   2.9688771e+00   2.9658668e+00   2.9627771e+00   2.9596138e+00   2.9564011e+00   2.9531624e+00   2.9498894e+00   2.9465933e+00   2.9433081e+00   2.9400349e+00   2.9367507e+00   2.9334793e+00   2.9302454e+00   2.9270351e+00   2.9238605e+00   2.9207382e+00   2.9176667e+00   2.9146111e+00
   2.8494341e+00   2.8466976e+00   2.8439178e+00   2.8411140e+00   2.8383281e+00   2.8355672e+00   2.8328531e+00   2.8301671e+00   2.8274910e+00   2.8248310e+00   2.8222086e+00   2.8196239e+00   2.8171194e+00   2.8146846e+00   2.8123360e+00   2.8100870e+00   2.8079255e+00   2.8058605e+00   2.8038902e+00   2.8020308e+00   2.8002901e+00   2.7986622e+00   2.7971370e+00   2.7956798e+00   2.7943010e+00   2.7929714e+00   2.7916594e+00   2.7903757e+00   2.7890790e+00   2.7877274e+00   2.7862575e+00   2.7846191e+00   2.7828076e+00   2.7807930e+00   2.7785647e+00   2.7761686e+00   2.7736397e+00   2.7710106e+00   2.7683344e+00   2.7656364e+00   2.7629373e+00   2.7601986e+00   2.7574236e+00   2.7546947e+00   2.7521513e+00   2.7499077e+00   2.7479374e+00   2.7462103e+00   2.7447326e+00   2.7435963e+00   2.7428749e+00   2.7426159e+00   2.7428315e+00   2.7434685e+00   2.7444851e+00   2.7458394e+00   2.7475357e+00   2.7495544e+00   2.7518342e+00   2.7543681e+00   2.7571144e+00   2.7600098e+00   2.7629261e+00   2.7656734e+00   2.7681324e+00   2.7701995e+00   2.7718241e+00   2.7729542e+00   2.7735684e+00   2.7737210e+00   2.7734768e+00   2.7728703e+00   2.7719450e+00   2.7707183e+00   2.7692478e+00   2.7675583e+00   2.7656724e+00   2.7636299e+00   2.7614691e+00   2.7591927e+00   2.7568157e+00   2.7543232e+00   2.7517378e+00   2.7490587e+00   2.7463200e+00   2.7435420e+00   2.7407210e+00   2.7378566e+00   2.7349617e+00   2.7320640e+00   2.7291667e+00   2.7262657e+00   2.7233689e+00   2.7205076e+00   2.7176917e+00   2.7149055e+00   2.7121496e+00   2.7094390e+00   2.7067649e+00   2.7040904e+00
   3.0441120e+00   3.0413220e+00   3.0384874e+00   3.0355844e+00   3.0326736e+00   3.0297356e+00   3.0268135e+00   3.0238988e+00   3.0209649e+00   3.0180244e+00   3.0150883e+00   3.0121720e+00   3.0092976e+00   3.0064595e+00   3.0036566e+00   3.0009212e+00   2.9982347e+00   2.9956214e+00   2.9930699e+00   2.9906101e+00   2.9882271e+00   2.9859188e+00   2.9836719e+00   2.9815099e+00   2.9793847e+00   2.9772835e+00   2.9752071e+00   2.9731636e+00   2.9711378e+00   2.9690444e+00   2.9668610e+00   2.9645393e+00   2.9620688e+00   2.9594486e+00   2.9566772e+00   2.9537766e+00   2.9507515e+00   2.9476271e+00   2.9444425e+00   2.9412546e+00   2.9381123e+00   2.9349909e+00   2.9318578e+00   2.9287491e+00   2.9257669e+00   2.9230311e+00   2.9205542e+00   2.9183037e+00   2.9162588e+00   2.9144897e+00   2.9130538e+00   2.9119644e+00   2.9112499e+00   2.9109077e+00   2.9109106e+00   2.9112070e+00   2.9117880e+00   2.9126441e+00   2.9137552e+00   2.9151013e+00   2.9166155e+00   2.9182179e+00   2.9198148e+00   2.9213085e+00   2.9225731e+00   2.9235446e+00   2.9241478e+00   2.9243546e+00   2.9241650e+00   2.9236183e+00   2.9227524e+00   2.9215796e+00   2.9201326e+00   2.9184856e+00   2.9166596e+00   2.9146473e+00   2.9124565e+00   2.9101229e+00   2.9076614e+00   2.9051068e+00   2.9024732e+00   2.8997896e+00   2.8970330e+00   2.8942177e+00   2.8913260e+00   2.8883851e+00   2.8854249e+00   2.8824413e+00   2.8794606e+00   2.8764486e+00   2.8734376e+00   2.8704271e+00   2.8674250e+00   2.8644609e+00   2.8615217e+00   2.8586242e+00   2.8557522e+00   2.8528996e+00   2.8500850e+00   2.8472898e+00
   3.0502350e+00   3.0470991e+00   3.0439386e+00   3.0407715e+00   3.0375824e+00   3.0344274e+00   3.0312989e+00   3.0282347e+00   3.0252011e+00   3.0221844e+00   3.0191944e+00   3.0162742e+00   3.0134251e+00   3.0106709e+00   3.0080059e+00   3.0054524e+00   3.0030396e+00   3.0007532e+00   2.9985688e+00   2.9965038e+00   2.9945679e+00   2.9927502e+00   2.9910395e+00   2.9894266e+00   2.9878623e+00   2.9863529e+00   2.9849126e+00   2.9834750e+00   2.9820254e+00   2.9804773e+00   2.9787848e+00   2.9769125e+00   2.9748204e+00   2.9725189e+00   2.9700012e+00   2.9672744e+00   2.9643815e+00   2.9613698e+00   2.9582913e+00   2.9551809e+00   2.9520266e+00   2.9488347e+00   2.9456024e+00   2.9424458e+00   2.9395149e+00   2.9368942e+00   2.9346011e+00   2.9325962e+00   2.9308739e+00   2.9295626e+00   2.9287179e+00   2.9283950e+00   2.9285841e+00   2.9292734e+00   2.9304209e+00   2.9319394e+00   2.9338026e+00   2.9360008e+00   2.9385417e+00   2.9413788e+00   2.9444258e+00   2.9475968e+00   2.9507477e+00   2.9537284e+00   2.9564140e+00   2.9586856e+00   2.9604540e+00   2.9616520e+00   2.9622905e+00   2.9624398e+00   2.9621077e+00   2.9613507e+00   2.9602077e+00   2.9587667e+00   2.9570634e+00   2.9551208e+00   2.9529629e+00   2.9506254e+00   2.9481459e+00   2.9455335e+00   2.9427674e+00   2.9398651e+00   2.9368734e+00   2.9338119e+00   2.9306879e+00   2.9275019e+00   2.9242704e+00   2.9209926e+00   2.9177110e+00   2.9143970e+00   2.9110630e+00   2.9077218e+00   2.9044116e+00   2.9011354e+00   2.8979130e+00   2.8947380e+00   2.8916028e+00   2.8884814e+00   2.8853598e+00   2.8822668e+00
   3.1898434e+00   3.1866777e+00   3.1834371e+00   3.1802008e+00   3.1769648e+00   3.1736953e+00   3.1703908e+00   3.1671212e+00   3.1639023e+00   3.1607008e+00   3.1575077e+00   3.1543343e+00   3.1512463e+00   3.1482379e+00   3.1453350e+00   3.1425068e+00   3.1397703e+00   3.1371157e+00   3.1346157e+00   3.1322634e+00   3.1300240e+00   3.1278956e+00   3.1258743e+00   3.1239550e+00   3.1221237e+00   3.1203530e+00   3.1186206e+00   3.1169014e+00   3.1151302e+00   3.1132581e+00   3.1112516e+00   3.1090901e+00   3.1067426e+00   3.1041393e+00   3.1012766e+00   3.0981781e+00   3.0948935e+00   3.0914841e+00   3.0879838e+00   3.0844333e+00   3.0808752e+00   3.0772994e+00   3.0737560e+00   3.0703170e+00   3.0670531e+00   3.0640819e+00   3.0614383e+00   3.0591183e+00   3.0571442e+00   3.0555668e+00   3.0544987e+00   3.0539639e+00   3.0539446e+00   3.0544503e+00   3.0554283e+00   3.0568230e+00   3.0585651e+00   3.0606716e+00   3.0631056e+00   3.0658023e+00   3.0686986e+00   3.0717115e+00   3.0747082e+00   3.0775673e+00   3.0801284e+00   3.0822799e+00   3.0838864e+00   3.0848968e+00   3.0853424e+00   3.0852556e+00   3.0846930e+00   3.0837166e+00   3.0823686e+00   3.0807059e+00   3.0787971e+00   3.0766423e+00   3.0742638e+00   3.0716543e+00   3.0688775e+00   3.0659873e+00   3.0629508e+00   3.0598152e+00   3.0565836e+00   3.0532618e+00   3.0498226e+00   3.0463126e+00   3.0427859e+00   3.0392008e+00   3.0355623e+00   3.0318820e+00   3.0281847e+00   3.0244923e+00   3.0207922e+00   3.0171392e+00   3.0135195e+00   3.0099461e+00   3.0064039e+00   3.0028818e+00   2.9993820e+00   2.9958904e+00
   3.1120784e+00   3.1091268e+00   3.1061337e+00   3.1031597e+00   3.1001930e+00   3.0972369e+00   3.0942566e+00   3.0913115e+00   3.0883834e+00   3.0855000e+00   3.0826719e+00   3.0798912e+00   3.0771568e+00   3.0744932e+00   3.0719259e+00   3.0694826e+00   3.0671341e+00   3.0649083e+00   3.0628502e+00   3.0609322e+00   3.0591269e+00   3.0574114e+00   3.0558178e+00   3.0543327e+00   3.0529087e+00   3.0515280e+00   3.0502002e+00   3.0489171e+00   3.0476105e+00   3.0461931e+00   3.0446227e+00   3.0428286e+00   3.0407839e+00   3.0384972e+00   3.0359619e+00   3.0332177e+00   3.0302713e+00   3.0271912e+00   3.0240319e+00   3.0208237e+00   3.0175693e+00   3.0142822e+00   3.0109844e+00   3.0077579e+00   3.0047328e+00   3.0020368e+00   2.9997025e+00   2.9976833e+00   2.9959648e+00   2.9946597e+00   2.9938755e+00   2.9936292e+00   2.9939251e+00   2.9947484e+00   2.9960339e+00   2.9977558e+00   2.9998219e+00   3.0022175e+00   3.0049365e+00   3.0079248e+00   3.0111682e+00   3.0145295e+00   3.0178764e+00   3.0210540e+00   3.0238812e+00   3.0262702e+00   3.0281193e+00   3.0294075e+00   3.0301151e+00   3.0302868e+00   3.0299580e+00   3.0291998e+00   3.0280578e+00   3.0265942e+00   3.0248423e+00   3.0228300e+00   3.0205956e+00   3.0181904e+00   3.0156317e+00   3.0129395e+00   3.0101068e+00   3.0071418e+00   3.0040829e+00   3.0009048e+00   2.9976435e+00   2.9943321e+00   2.9909971e+00   2.9875984e+00   2.9841423e+00   2.9806697e+00   2.9771748e+00   2.9736683e+00   2.9701643e+00   2.9667222e+00   2.9633377e+00   2.9599876e+00   2.9566309e+00   2.9533141e+00   2.9500389e+00   2.9467895e+00
   3.0602043e+00   3.0570247e+00   3.0538170e+00   3.0506227e+00   3.0474274e+00   3.0441787e+00   3.0408924e+00   3.0376475e+00   3.0344543e+00   3.0312750e+00   3.0280926e+00   3.0249398e+00   3.0218537e+00   3.0188150e+00   3.0158184e+00   3.0129035e+00   3.0101197e+00   3.0074408e+00   3.0048535e+00   3.0023565e+00   2.9999588e+00   2.9976559e+00   2.9954407e+00   2.9932804e+00   2.9911880e+00   2.9891593e+00   2.9872000e+00   2.9852798e+00   2.9833367e+00   2.9812887e+00   2.9791362e+00   2.9768360e+00   2.9743595e+00   2.9717302e+00   2.9689467e+00   2.9660406e+00   2.9629676e+00   2.9597797e+00   2.9565217e+00   2.9532630e+00   2.9500103e+00   2.9467487e+00   2.9434664e+00   2.9402580e+00   2.9372377e+00   2.9345102e+00   2.9320498e+00   2.9297874e+00   2.9277556e+00   2.9260533e+00   2.9247839e+00   2.9239581e+00   2.9235744e+00   2.9236145e+00   2.9239948e+00   2.9246922e+00   2.9257057e+00   2.9270108e+00   2.9286375e+00   2.9305055e+00   2.9325612e+00   2.9347169e+00   2.9368734e+00   2.9389007e+00   2.9406645e+00   2.9420726e+00   2.9430742e+00   2.9436290e+00   2.9437001e+00   2.9433537e+00   2.9426281e+00   2.9415619e+00   2.9401901e+00   2.9385726e+00   2.9367266e+00   2.9346998e+00   2.9324791e+00   2.9301033e+00   2.9276106e+00   2.9249942e+00   2.9222705e+00   2.9194643e+00   2.9165928e+00   2.9136674e+00   2.9106696e+00   2.9076221e+00   2.9045372e+00   2.9014075e+00   2.8982441e+00   2.8950710e+00   2.8919041e+00   2.8887689e+00   2.8856375e+00   2.8825166e+00   2.8794162e+00   2.8763523e+00   2.8733504e+00   2.8703687e+00   2.8674171e+00   2.8644960e+00
   3.0957680e+00   3.0930414e+00   3.0902729e+00   3.0874465e+00   3.0845959e+00   3.0817232e+00   3.0788927e+00   3.0760908e+00   3.0732937e+00   3.0704939e+00   3.0677252e+00   3.0649841e+00   3.0623028e+00   3.0596850e+00   3.0571604e+00   3.0547259e+00   3.0523834e+00   3.0501149e+00   3.0479815e+00   3.0460045e+00   3.0441399e+00   3.0424016e+00   3.0407360e+00   3.0391700e+00   3.0376778e+00   3.0361931e+00   3.0347459e+00   3.0333481e+00   3.0319536e+00   3.0304964e+00   3.0288947e+00   3.0270846e+00   3.0250463e+00   3.0227356e+00   3.0202026e+00   3.0174723e+00   3.0145626e+00   3.0115178e+00   3.0084112e+00   3.0052807e+00   3.0021164e+00   2.9988995e+00   2.9956543e+00   2.9924934e+00   2.9895551e+00   2.9869263e+00   2.9846165e+00   2.9825709e+00   2.9808187e+00   2.9794655e+00   2.9786136e+00   2.9782813e+00   2.9784510e+00   2.9791048e+00   2.9802408e+00   2.9817791e+00   2.9836481e+00   2.9858274e+00   2.9882832e+00   2.9910183e+00   2.9939873e+00   2.9971046e+00   3.0002072e+00   3.0031567e+00   3.0057867e+00   3.0079565e+00   3.0096467e+00   3.0107720e+00   3.0113318e+00   3.0113795e+00   3.0109661e+00   3.0101922e+00   3.0090551e+00   3.0075943e+00   3.0058565e+00   3.0038693e+00   3.0016537e+00   2.9992316e+00   2.9966640e+00   2.9939966e+00   2.9912033e+00   2.9882724e+00   2.9852192e+00   2.9820836e+00   2.9788716e+00   2.9756043e+00   2.9722595e+00   2.9688864e+00   2.9654694e+00   2.9620287e+00   2.9585645e+00   2.9550912e+00   2.9516480e+00   2.9482472e+00   2.9449050e+00   2.9415910e+00   2.9382966e+00   2.9350102e+00   2.9317644e+00   2.9285109e+00
   3.1439543e+00   3.1406431e+00   3.1372998e+00   3.1339405e+00   3.1305656e+00   3.1272061e+00   3.1238718e+00   3.1205585e+00   3.1172678e+00   3.1140156e+00   3.1108024e+00   3.1076593e+00   3.1045551e+00   3.1015542e+00   3.0986404e+00   3.0958512e+00   3.0931664e+00   3.0905893e+00   3.0881388e+00   3.0858414e+00   3.0836818e+00   3.0816429e+00   3.0797367e+00   3.0779305e+00   3.0761929e+00   3.0745041e+00   3.0728893e+00   3.0713246e+00   3.0697505e+00   3.0680616e+00   3.0662060e+00   3.0641394e+00   3.0618660e+00   3.0593607e+00   3.0566006e+00   3.0536411e+00   3.0505342e+00   3.0472643e+00   3.0438776e+00   3.0403984e+00   3.0369112e+00   3.0334291e+00   3.0299690e+00   3.0266218e+00   3.0234725e+00   3.0206394e+00   3.0181208e+00   3.0159037e+00   3.0140190e+00   3.0125430e+00   3.0116055e+00   3.0112488e+00   3.0114539e+00   3.0122268e+00   3.0134828e+00   3.0151551e+00   3.0172069e+00   3.0196273e+00   3.0224187e+00   3.0255616e+00   3.0289834e+00   3.0325444e+00   3.0361195e+00   3.0395362e+00   3.0426490e+00   3.0453024e+00   3.0473642e+00   3.0488203e+00   3.0496829e+00   3.0499725e+00   3.0497167e+00   3.0489662e+00   3.0477989e+00   3.0463173e+00   3.0445232e+00   3.0424604e+00   3.0401447e+00   3.0376270e+00   3.0349433e+00   3.0320952e+00   3.0290940e+00   3.0259285e+00   3.0226333e+00   3.0192509e+00   3.0158246e+00   3.0123341e+00   3.0087569e+00   3.0051038e+00   3.0014076e+00   2.9976666e+00   2.9939053e+00   2.9901478e+00   2.9864190e+00   2.9827435e+00   2.9791129e+00   2.9755173e+00   2.9719467e+00   2.9684041e+00   2.9648964e+00   2.9614284e+00
   3.2150974e+00   3.2121055e+00   3.2090919e+00   3.2060483e+00   3.2029674e+00   3.1998537e+00   3.1967437e+00   3.1936624e+00   3.1906078e+00   3.1875694e+00   3.1845810e+00   3.1815987e+00   3.1786795e+00   3.1758521e+00   3.1731336e+00   3.1704681e+00   3.1678870e+00   3.1654141e+00   3.1630676e+00   3.1608632e+00   3.1587832e+00   3.1568213e+00   3.1549680e+00   3.1531887e+00   3.1514909e+00   3.1498690e+00   3.1482887e+00   3.1467769e+00   3.1452291e+00   3.1436059e+00   3.1418161e+00   3.1398296e+00   3.1375971e+00   3.1351185e+00   3.1323812e+00   3.1294582e+00   3.1263392e+00   3.1230526e+00   3.1196167e+00   3.1161129e+00   3.1126249e+00   3.1091576e+00   3.1057253e+00   3.1023576e+00   3.0991509e+00   3.0962114e+00   3.0935977e+00   3.0913184e+00   3.0893488e+00   3.0877616e+00   3.0866623e+00   3.0861130e+00   3.0861216e+00   3.0866940e+00   3.0877326e+00   3.0891998e+00   3.0910137e+00   3.0931911e+00   3.0957162e+00   3.0985286e+00   3.1015928e+00   3.1047878e+00   3.1079969e+00   3.1110427e+00   3.1137860e+00   3.1160891e+00   3.1178410e+00   3.1189826e+00   3.1195290e+00   3.1195240e+00   3.1190012e+00   3.1180286e+00   3.1166775e+00   3.1150062e+00   3.1130292e+00   3.1107852e+00   3.1083221e+00   3.1056478e+00   3.1027906e+00   3.0997517e+00   3.0966041e+00   3.0933485e+00   3.0899932e+00   3.0865211e+00   3.0829639e+00   3.0793588e+00   3.0756576e+00   3.0719070e+00   3.0680988e+00   3.0642731e+00   3.0604327e+00   3.0565662e+00   3.0527017e+00   3.0488865e+00   3.0451183e+00   3.0413635e+00   3.0376003e+00   3.0339088e+00   3.0302832e+00   3.0266650e+00
   2.9747305e+00   2.9722149e+00   2.9696512e+00   2.9670601e+00   2.9644539e+00   2.9617920e+00   2.9590662e+00   2.9563835e+00   2.9536970e+00   2.9510424e+00   2.9483719e+00   2.9456971e+00   2.9430647e+00   2.9404671e+00   2.9379177e+00   2.9354551e+00   2.9330368e+00   2.9306872e+00   2.9284372e+00   2.9262810e+00   2.9241817e+00   2.9221478e+00   2.9201992e+00   2.9183419e+00   2.9165676e+00   2.9148071e+00   2.9130633e+00   2.9113524e+00   2.9095993e+00   2.9077871e+00   2.9058647e+00   2.9038324e+00   2.9016783e+00   2.8993680e+00   2.8968594e+00   2.8941910e+00   2.8913708e+00   2.8884537e+00   2.8854811e+00   2.8825054e+00   2.8795817e+00   2.8767033e+00   2.8738186e+00   2.8709209e+00   2.8680894e+00   2.8654721e+00   2.8631430e+00   2.8610737e+00   2.8592339e+00   2.8576908e+00   2.8564970e+00   2.8556709e+00   2.8551979e+00   2.8550663e+00   2.8552837e+00   2.8558168e+00   2.8566291e+00   2.8577421e+00   2.8590920e+00   2.8606358e+00   2.8623199e+00   2.8640652e+00   2.8658731e+00   2.8675921e+00   2.8691061e+00   2.8703353e+00   2.8711967e+00   2.8716326e+00   2.8716421e+00   2.8712094e+00   2.8704331e+00   2.8693616e+00   2.8680677e+00   2.8665760e+00   2.8648641e+00   2.8629639e+00   2.8608711e+00   2.8586056e+00   2.8562062e+00   2.8537223e+00   2.8511999e+00   2.8485947e+00   2.8459187e+00   2.8431509e+00   2.8402803e+00   2.8373451e+00   2.8343675e+00   2.8313744e+00   2.8283484e+00   2.8252995e+00   2.8222847e+00   2.8192708e+00   2.8162210e+00   2.8131495e+00   2.8100994e+00   2.8071086e+00   2.8041518e+00   2.8012314e+00   2.7983367e+00   2.7954419e+00
   2.9773769e+00   2.9744511e+00   2.9715014e+00   2.9685688e+00   2.9656403e+00   2.9627507e+00   2.9598334e+00   2.9569550e+00   2.9541550e+00   2.9514034e+00   2.9486408e+00   2.9459343e+00   2.9432952e+00   2.9407623e+00   2.9383175e+00   2.9359848e+00   2.9337771e+00   2.9316578e+00   2.9296491e+00   2.9278033e+00   2.9260883e+00   2.9244785e+00   2.9229438e+00   2.9215014e+00   2.9201572e+00   2.9188702e+00   2.9176190e+00   2.9164264e+00   2.9151876e+00   2.9138517e+00   2.9123533e+00   2.9106867e+00   2.9088180e+00   2.9067030e+00   2.9044006e+00   2.9019330e+00   2.8992908e+00   2.8964977e+00   2.8936183e+00   2.8907528e+00   2.8878629e+00   2.8848917e+00   2.8818960e+00   2.8790262e+00   2.8764102e+00   2.8740699e+00   2.8719900e+00   2.8701794e+00   2.8686464e+00   2.8674891e+00   2.8668175e+00   2.8666961e+00   2.8670702e+00   2.8678758e+00   2.8691332e+00   2.8708103e+00   2.8728552e+00   2.8752301e+00   2.8779519e+00   2.8810246e+00   2.8843286e+00   2.8877385e+00   2.8911254e+00   2.8943832e+00   2.8973305e+00   2.8998146e+00   2.9017944e+00   2.9032338e+00   2.9040973e+00   2.9044144e+00   2.9042833e+00   2.9037774e+00   2.9028766e+00   2.9016354e+00   2.9001667e+00   2.8984756e+00   2.8965776e+00   2.8944690e+00   2.8922184e+00   2.8898304e+00   2.8873031e+00   2.8846729e+00   2.8819666e+00   2.8791668e+00   2.8762598e+00   2.8733034e+00   2.8703344e+00   2.8673191e+00   2.8642390e+00   2.8611662e+00   2.8581088e+00   2.8550262e+00   2.8519356e+00   2.8489103e+00   2.8459485e+00   2.8429995e+00   2.8400953e+00   2.8372471e+00   2.8343928e+00   2.8314941e+00
   3.1989257e+00   3.1953781e+00   3.1917849e+00   3.1882324e+00   3.1847334e+00   3.1812546e+00   3.1778381e+00   3.1744957e+00   3.1712105e+00   3.1679955e+00   3.1648147e+00   3.1616974e+00   3.1587231e+00   3.1558793e+00   3.1531868e+00   3.1506109e+00   3.1481545e+00   3.1458843e+00   3.1438506e+00   3.1419518e+00   3.1401956e+00   3.1385717e+00   3.1371443e+00   3.1358855e+00   3.1346939e+00   3.1335220e+00   3.1323977e+00   3.1313107e+00   3.1302016e+00   3.1289978e+00   3.1275756e+00   3.1258605e+00   3.1238167e+00   3.1214516e+00   3.1188276e+00   3.1159093e+00   3.1126897e+00   3.1092980e+00   3.1058128e+00   3.1023371e+00   3.0988257e+00   3.0952256e+00   3.0915730e+00   3.0880299e+00   3.0847900e+00   3.0819981e+00   3.0795927e+00   3.0775006e+00   3.0758030e+00   3.0746748e+00   3.0742245e+00   3.0744560e+00   3.0753002e+00   3.0767698e+00   3.0788782e+00   3.0815165e+00   3.0845745e+00   3.0879755e+00   3.0917652e+00   3.0959444e+00   3.1004248e+00   3.1050436e+00   3.1096289e+00   3.1139410e+00   3.1178043e+00   3.1210928e+00   3.1237535e+00   3.1256435e+00   3.1267207e+00   3.1270912e+00   3.1269245e+00   3.1262989e+00   3.1252067e+00   3.1236455e+00   3.1216841e+00   3.1194189e+00   3.1169136e+00   3.1142044e+00   3.1112804e+00   3.1081476e+00   3.1048338e+00   3.1014233e+00   3.0979078e+00   3.0942123e+00   3.0903447e+00   3.0864170e+00   3.0825393e+00   3.0786057e+00   3.0745347e+00   3.0703812e+00   3.0662477e+00   3.0621846e+00   3.0581291e+00   3.0540752e+00   3.0500488e+00   3.0460939e+00   3.0422440e+00   3.0384543e+00   3.0346587e+00   3.0308056e+00
   2.9866512e+00   2.9838150e+00   2.9809668e+00   2.9780891e+00   2.9751909e+00   2.9723060e+00   2.9694679e+00   2.9666512e+00   2.9638450e+00   2.9610691e+00   2.9583433e+00   2.9556458e+00   2.9530079e+00   2.9504251e+00   2.9479311e+00   2.9455280e+00   2.9432211e+00   2.9410341e+00   2.9389999e+00   2.9370601e+00   2.9352179e+00   2.9334934e+00   2.9318674e+00   2.9303598e+00   2.9289148e+00   2.9274893e+00   2.9261281e+00   2.9247906e+00   2.9234149e+00   2.9219484e+00   2.9203312e+00   2.9185126e+00   2.9164813e+00   2.9142101e+00   2.9117515e+00   2.9091303e+00   2.9063540e+00   2.9034641e+00   2.9005165e+00   2.8975146e+00   2.8944709e+00   2.8914089e+00   2.8883839e+00   2.8854694e+00   2.8827484e+00   2.8802960e+00   2.8781347e+00   2.8762341e+00   2.8746169e+00   2.8733587e+00   2.8725846e+00   2.8722937e+00   2.8724887e+00   2.8731594e+00   2.8742626e+00   2.8757322e+00   2.8775444e+00   2.8796914e+00   2.8821723e+00   2.8849561e+00   2.8879702e+00   2.8911312e+00   2.8942719e+00   2.8972416e+00   2.8999035e+00   2.9021370e+00   2.9038990e+00   2.9051082e+00   2.9057782e+00   2.9059429e+00   2.9056509e+00   2.9049752e+00   2.9039242e+00   2.9025605e+00   2.9009259e+00   2.8990605e+00   2.8970068e+00   2.8947933e+00   2.8924503e+00   2.8899615e+00   2.8873310e+00   2.8845742e+00   2.8817232e+00   2.8787813e+00   2.8757584e+00   2.8726845e+00   2.8695614e+00   2.8663971e+00   2.8631847e+00   2.8599653e+00   2.8567011e+00   2.8534353e+00   2.8501949e+00   2.8469894e+00   2.8438318e+00   2.8407004e+00   2.8376312e+00   2.8345795e+00   2.8315384e+00   2.8284988e+00
   3.1405385e+00   3.1375744e+00   3.1345317e+00   3.1314142e+00   3.1282747e+00   3.1251481e+00   3.1220026e+00   3.1188672e+00   3.1157229e+00   3.1125927e+00   3.1094601e+00   3.1063576e+00   3.1033027e+00   3.1002901e+00   3.0973387e+00   3.0944691e+00   3.0916862e+00   3.0890083e+00   3.0863886e+00   3.0838709e+00   3.0814621e+00   3.0791667e+00   3.0769575e+00   3.0748203e+00   3.0727530e+00   3.0707362e+00   3.0687554e+00   3.0667908e+00   3.0647981e+00   3.0627601e+00   3.0606167e+00   3.0583212e+00   3.0558319e+00   3.0531476e+00   3.0502846e+00   3.0472610e+00   3.0441055e+00   3.0408583e+00   3.0375125e+00   3.0341403e+00   3.0307465e+00   3.0273640e+00   3.0240619e+00   3.0208139e+00   3.0177243e+00   3.0148561e+00   3.0122426e+00   3.0098922e+00   3.0078011e+00   3.0060642e+00   3.0047333e+00   3.0038626e+00   3.0034549e+00   3.0034635e+00   3.0038357e+00   3.0045216e+00   3.0055563e+00   3.0069287e+00   3.0085709e+00   3.0104704e+00   3.0125873e+00   3.0148163e+00   3.0170405e+00   3.0191116e+00   3.0209553e+00   3.0224640e+00   3.0235279e+00   3.0241544e+00   3.0242977e+00   3.0239773e+00   3.0232105e+00   3.0221014e+00   3.0207264e+00   3.0190632e+00   3.0171783e+00   3.0150881e+00   3.0127983e+00   3.0103359e+00   3.0077209e+00   3.0050058e+00   3.0021713e+00   2.9992549e+00   2.9962730e+00   2.9932082e+00   2.9900684e+00   2.9868491e+00   2.9835865e+00   2.9802921e+00   2.9769564e+00   2.9735997e+00   2.9702389e+00   2.9668751e+00   2.9634953e+00   2.9601259e+00   2.9568031e+00   2.9535444e+00   2.9502945e+00   2.9470561e+00   2.9438498e+00   2.9406652e+00
   2.9422534e+00   2.9391778e+00   2.9360619e+00   2.9329274e+00   2.9298410e+00   2.9268010e+00   2.9237773e+00   2.9207790e+00   2.9177942e+00   2.9148884e+00   2.9120257e+00   2.9092033e+00   2.9064338e+00   2.9037387e+00   2.9011376e+00   2.8986301e+00   2.8962262e+00   2.8939400e+00   2.8917968e+00   2.8897717e+00   2.8878491e+00   2.8860137e+00   2.8842924e+00   2.8826678e+00   2.8811281e+00   2.8796341e+00   2.8781979e+00   2.8767941e+00   2.8753955e+00   2.8739293e+00   2.8723285e+00   2.8705566e+00   2.8685868e+00   2.8663960e+00   2.8640041e+00   2.8614454e+00   2.8587530e+00   2.8559468e+00   2.8530633e+00   2.8501399e+00   2.8472195e+00   2.8442938e+00   2.8413379e+00   2.8384221e+00   2.8356812e+00   2.8332698e+00   2.8311660e+00   2.8292942e+00   2.8276691e+00   2.8264179e+00   2.8256261e+00   2.8253167e+00   2.8254938e+00   2.8261173e+00   2.8271301e+00   2.8284829e+00   2.8301783e+00   2.8322115e+00   2.8345201e+00   2.8371143e+00   2.8399289e+00   2.8428786e+00   2.8458111e+00   2.8485734e+00   2.8510582e+00   2.8531692e+00   2.8548062e+00   2.8559198e+00   2.8565152e+00   2.8566353e+00   2.8563268e+00   2.8556328e+00   2.8545868e+00   2.8532531e+00   2.8516471e+00   2.8498356e+00   2.8478584e+00   2.8457193e+00   2.8434303e+00   2.8409979e+00   2.8384540e+00   2.8358266e+00   2.8331172e+00   2.8302891e+00   2.8273716e+00   2.8244097e+00   2.8214283e+00   2.8184068e+00   2.8153441e+00   2.8122501e+00   2.8091421e+00   2.8060434e+00   2.8029518e+00   2.7999182e+00   2.7969227e+00   2.7939558e+00   2.7910213e+00   2.7881081e+00   2.7852490e+00   2.7823811e+00
   3.0271041e+00   3.0235815e+00   3.0200443e+00   3.0164692e+00   3.0129194e+00   3.0094469e+00   3.0060253e+00   3.0026524e+00   2.9993260e+00   2.9960511e+00   2.9928601e+00   2.9897203e+00   2.9866431e+00   2.9836872e+00   2.9808540e+00   2.9781466e+00   2.9755676e+00   2.9731224e+00   2.9708576e+00   2.9687331e+00   2.9667377e+00   2.9648399e+00   2.9630783e+00   2.9614515e+00   2.9598999e+00   2.9584255e+00   2.9570119e+00   2.9556024e+00   2.9541504e+00   2.9525788e+00   2.9508648e+00   2.9489682e+00   2.9468210e+00   2.9444020e+00   2.9417374e+00   2.9388783e+00   2.9358504e+00   2.9326837e+00   2.9294198e+00   2.9261277e+00   2.9228497e+00   2.9195640e+00   2.9162486e+00   2.9130049e+00   2.9099941e+00   2.9073656e+00   2.9050713e+00   2.9030495e+00   2.9013469e+00   2.9001131e+00   2.8994153e+00   2.8992701e+00   2.8996613e+00   2.9006004e+00   2.9020317e+00   2.9038851e+00   2.9061291e+00   2.9087467e+00   2.9117270e+00   2.9150326e+00   2.9185903e+00   2.9222653e+00   2.9259117e+00   2.9293568e+00   2.9324381e+00   2.9350090e+00   2.9370229e+00   2.9384110e+00   2.9391778e+00   2.9393795e+00   2.9391022e+00   2.9383991e+00   2.9373143e+00   2.9358966e+00   2.9341679e+00   2.9321506e+00   2.9299002e+00   2.9274845e+00   2.9249260e+00   2.9222229e+00   2.9193745e+00   2.9164345e+00   2.9133918e+00   2.9102328e+00   2.9069793e+00   2.9036598e+00   2.9003239e+00   2.8969564e+00   2.8935630e+00   2.8901522e+00   2.8867302e+00   2.8833055e+00   2.8798845e+00   2.8765075e+00   2.8732016e+00   2.8699636e+00   2.8667872e+00   2.8636310e+00   2.8604887e+00   2.8573313e+00
   3.2139616e+00   3.2108262e+00   3.2076728e+00   3.2045183e+00   3.2013886e+00   3.1982276e+00   3.1950569e+00   3.1919193e+00   3.1888435e+00   3.1858320e+00   3.1828873e+00   3.1800091e+00   3.1772144e+00   3.1744957e+00   3.1718760e+00   3.1693830e+00   3.1670692e+00   3.1648979e+00   3.1628711e+00   3.1609848e+00   3.1592319e+00   3.1576195e+00   3.1561165e+00   3.1547232e+00   3.1534061e+00   3.1521378e+00   3.1509545e+00   3.1497614e+00   3.1485298e+00   3.1471679e+00   3.1456127e+00   3.1438303e+00   3.1417649e+00   3.1394284e+00   3.1368377e+00   3.1339846e+00   3.1309099e+00   3.1276665e+00   3.1243365e+00   3.1209669e+00   3.1175492e+00   3.1141155e+00   3.1106718e+00   3.1073291e+00   3.1042101e+00   3.1014881e+00   3.0991430e+00   3.0971146e+00   3.0954258e+00   3.0942113e+00   3.0936239e+00   3.0936615e+00   3.0942829e+00   3.0954573e+00   3.0971336e+00   3.0992615e+00   3.1017783e+00   3.1046829e+00   3.1079292e+00   3.1115341e+00   3.1153717e+00   3.1193278e+00   3.1232624e+00   3.1269791e+00   3.1303482e+00   3.1331682e+00   3.1353886e+00   3.1369362e+00   3.1378338e+00   3.1381454e+00   3.1379194e+00   3.1372392e+00   3.1361418e+00   3.1346934e+00   3.1329510e+00   3.1309338e+00   3.1286671e+00   3.1261542e+00   3.1234992e+00   3.1207101e+00   3.1177351e+00   3.1146476e+00   3.1114357e+00   3.1081665e+00   3.1047885e+00   3.1013076e+00   3.0978029e+00   3.0942402e+00   3.0906773e+00   3.0870564e+00   3.0834379e+00   3.0797980e+00   3.0762093e+00   3.0726635e+00   3.0691595e+00   3.0657284e+00   3.0623147e+00   3.0589368e+00   3.0555427e+00   3.0521815e+00
   2.9935915e+00   2.9903049e+00   2.9870186e+00   2.9837236e+00   2.9804461e+00   2.9771993e+00   2.9739769e+00   2.9707687e+00   2.9676161e+00   2.9644926e+00   2.9614182e+00   2.9584007e+00   2.9554589e+00   2.9526005e+00   2.9498501e+00   2.9471939e+00   2.9446487e+00   2.9422104e+00   2.9399214e+00   2.9377680e+00   2.9357431e+00   2.9338162e+00   2.9319878e+00   2.9302399e+00   2.9285614e+00   2.9269288e+00   2.9253569e+00   2.9238386e+00   2.9222863e+00   2.9206398e+00   2.9188259e+00   2.9168606e+00   2.9147091e+00   2.9123304e+00   2.9097555e+00   2.9070120e+00   2.9041564e+00   2.9011898e+00   2.8981521e+00   2.8951120e+00   2.8920453e+00   2.8889344e+00   2.8857939e+00   2.8827317e+00   2.8799284e+00   2.8774490e+00   2.8752697e+00   2.8733232e+00   2.8716574e+00   2.8703716e+00   2.8695543e+00   2.8692417e+00   2.8694432e+00   2.8701179e+00   2.8712132e+00   2.8726711e+00   2.8744745e+00   2.8766048e+00   2.8790295e+00   2.8817291e+00   2.8846645e+00   2.8877223e+00   2.8907416e+00   2.8935897e+00   2.8961322e+00   2.8982756e+00   2.8999083e+00   2.9010031e+00   2.9015751e+00   2.9016531e+00   2.9012871e+00   2.9005196e+00   2.8994277e+00   2.8980319e+00   2.8963959e+00   2.8945134e+00   2.8924439e+00   2.8902109e+00   2.8878345e+00   2.8853378e+00   2.8827274e+00   2.8800032e+00   2.8771839e+00   2.8742812e+00   2.8713169e+00   2.8683014e+00   2.8652699e+00   2.8622220e+00   2.8591471e+00   2.8560638e+00   2.8529606e+00   2.8498564e+00   2.8467767e+00   2.8437693e+00   2.8408072e+00   2.8378785e+00   2.8349838e+00   2.8321207e+00   2.8292677e+00   2.8264072e+00
   3.1696205e+00   3.1662760e+00   3.1629181e+00   3.1595700e+00   3.1562061e+00   3.1527984e+00   3.1493962e+00   3.1460006e+00   3.1426265e+00   3.1392643e+00   3.1359570e+00   3.1326849e+00   3.1294849e+00   3.1262925e+00   3.1231575e+00   3.1201019e+00   3.1172237e+00   3.1144698e+00   3.1118796e+00   3.1093857e+00   3.1069813e+00   3.1046588e+00   3.1024292e+00   3.1002815e+00   3.0982463e+00   3.0962918e+00   3.0944140e+00   3.0925720e+00   3.0906899e+00   3.0887241e+00   3.0866168e+00   3.0843334e+00   3.0818417e+00   3.0791657e+00   3.0762823e+00   3.0731831e+00   3.0699263e+00   3.0665486e+00   3.0631111e+00   3.0596294e+00   3.0561333e+00   3.0526421e+00   3.0491343e+00   3.0457046e+00   3.0424531e+00   3.0395091e+00   3.0369151e+00   3.0345898e+00   3.0325630e+00   3.0308850e+00   3.0296667e+00   3.0289612e+00   3.0287712e+00   3.0290518e+00   3.0297539e+00   3.0308173e+00   3.0322371e+00   3.0339682e+00   3.0359888e+00   3.0382626e+00   3.0407345e+00   3.0433476e+00   3.0459626e+00   3.0484383e+00   3.0506542e+00   3.0524771e+00   3.0538490e+00   3.0547054e+00   3.0550165e+00   3.0548441e+00   3.0542400e+00   3.0532942e+00   3.0520589e+00   3.0505216e+00   3.0487070e+00   3.0466487e+00   3.0444148e+00   3.0420167e+00   3.0394783e+00   3.0368469e+00   3.0340898e+00   3.0312188e+00   3.0282116e+00   3.0251350e+00   3.0219975e+00   3.0187902e+00   3.0155447e+00   3.0122736e+00   3.0090029e+00   3.0057089e+00   3.0023506e+00   2.9989614e+00   2.9956083e+00   2.9923060e+00   2.9890602e+00   2.9858463e+00   2.9826610e+00   2.9794874e+00   2.9762943e+00   2.9731343e+00
   3.3439703e+00   3.3404770e+00   3.3369353e+00   3.3333404e+00   3.3297837e+00   3.3262579e+00   3.3227794e+00   3.3193924e+00   3.3160017e+00   3.3126252e+00   3.3093452e+00   3.3061295e+00   3.3030031e+00   3.2999504e+00   3.2970383e+00   3.2942741e+00   3.2916729e+00   3.2891877e+00   3.2868874e+00   3.2847474e+00   3.2827408e+00   3.2808659e+00   3.2791061e+00   3.2774744e+00   3.2759771e+00   3.2745445e+00   3.2731476e+00   3.2717278e+00   3.2702205e+00   3.2686260e+00   3.2668505e+00   3.2647870e+00   3.2624321e+00   3.2597351e+00   3.2567894e+00   3.2535689e+00   3.2500839e+00   3.2464249e+00   3.2426643e+00   3.2388630e+00   3.2350552e+00   3.2311947e+00   3.2273664e+00   3.2236795e+00   3.2202387e+00   3.2171955e+00   3.2145233e+00   3.2122486e+00   3.2103834e+00   3.2090399e+00   3.2083385e+00   3.2082837e+00   3.2088728e+00   3.2100732e+00   3.2118156e+00   3.2140267e+00   3.2166519e+00   3.2196782e+00   3.2230484e+00   3.2266915e+00   3.2305319e+00   3.2344332e+00   3.2382786e+00   3.2418778e+00   3.2450793e+00   3.2477405e+00   3.2497606e+00   3.2510834e+00   3.2517090e+00   3.2516944e+00   3.2511470e+00   3.2501438e+00   3.2487240e+00   3.2469292e+00   3.2448318e+00   3.2425003e+00   3.2398975e+00   3.2370417e+00   3.2340286e+00   3.2308648e+00   3.2276096e+00   3.2241848e+00   3.2206447e+00   3.2170031e+00   3.2132313e+00   3.2094533e+00   3.2056437e+00   3.2017810e+00   3.1978161e+00   3.1937921e+00   3.1897972e+00   3.1858232e+00   3.1818612e+00   3.1779175e+00   3.1740143e+00   3.1701591e+00   3.1663783e+00   3.1626389e+00   3.1589203e+00   3.1551831e+00
   2.8496284e+00   2.8468916e+00   2.8441422e+00   2.8413970e+00   2.8386698e+00   2.8359792e+00   2.8333187e+00   2.8306992e+00   2.8280876e+00   2.8254976e+00   2.8229542e+00   2.8204587e+00   2.8180437e+00   2.8157005e+00   2.8134429e+00   2.8112705e+00   2.8091838e+00   2.8071976e+00   2.8053305e+00   2.8035717e+00   2.8019183e+00   2.8003471e+00   2.7988756e+00   2.7974699e+00   2.7961214e+00   2.7948186e+00   2.7935479e+00   2.7922907e+00   2.7910116e+00   2.7896564e+00   2.7881889e+00   2.7865849e+00   2.7848222e+00   2.7828848e+00   2.7808106e+00   2.7786019e+00   2.7762935e+00   2.7739153e+00   2.7715142e+00   2.7691290e+00   2.7667234e+00   2.7642128e+00   2.7616329e+00   2.7591352e+00   2.7569103e+00   2.7550328e+00   2.7534046e+00   2.7519398e+00   2.7506573e+00   2.7497025e+00   2.7491713e+00   2.7490616e+00   2.7493591e+00   2.7500203e+00   2.7510421e+00   2.7523868e+00   2.7540064e+00   2.7558868e+00   2.7580326e+00   2.7604415e+00   2.7630262e+00   2.7656715e+00   2.7682660e+00   2.7707291e+00   2.7729418e+00   2.7747917e+00   2.7762210e+00   2.7772224e+00   2.7778044e+00   2.7779725e+00   2.7777817e+00   2.7772772e+00   2.7765071e+00   2.7754757e+00   2.7742357e+00   2.7728188e+00   2.7712615e+00   2.7695782e+00   2.7677882e+00   2.7658913e+00   2.7639017e+00   2.7618132e+00   2.7596638e+00   2.7574522e+00   2.7551718e+00   2.7528896e+00   2.7506049e+00   2.7483027e+00   2.7459581e+00   2.7435951e+00   2.7412622e+00   2.7389328e+00   2.7366278e+00   2.7343690e+00   2.7321529e+00   2.7299688e+00   2.7277944e+00   2.7256651e+00   2.7235155e+00   2.7213609e+00
   3.1751096e+00   3.1718547e+00   3.1685741e+00   3.1652720e+00   3.1620057e+00   3.1587627e+00   3.1555216e+00   3.1522906e+00   3.1490576e+00   3.1458890e+00   3.1427491e+00   3.1396797e+00   3.1366813e+00   3.1337554e+00   3.1309388e+00   3.1282070e+00   3.1255577e+00   3.1230199e+00   3.1206198e+00   3.1183891e+00   3.1162984e+00   3.1143310e+00   3.1124752e+00   3.1106968e+00   3.1089666e+00   3.1073067e+00   3.1057274e+00   3.1041825e+00   3.1026039e+00   3.1009133e+00   3.0990770e+00   3.0970485e+00   3.0947793e+00   3.0922756e+00   3.0895531e+00   3.0866184e+00   3.0835249e+00   3.0803349e+00   3.0770962e+00   3.0738277e+00   3.0704982e+00   3.0671158e+00   3.0637529e+00   3.0605137e+00   3.0575390e+00   3.0548952e+00   3.0525935e+00   3.0505631e+00   3.0488386e+00   3.0475209e+00   3.0466931e+00   3.0464509e+00   3.0467451e+00   3.0475426e+00   3.0487888e+00   3.0504239e+00   3.0524166e+00   3.0547597e+00   3.0574219e+00   3.0603468e+00   3.0634720e+00   3.0667198e+00   3.0699956e+00   3.0730903e+00   3.0758305e+00   3.0780773e+00   3.0797970e+00   3.0810137e+00   3.0816677e+00   3.0817959e+00   3.0814514e+00   3.0806835e+00   3.0795658e+00   3.0781167e+00   3.0763962e+00   3.0744326e+00   3.0722587e+00   3.0699120e+00   3.0674150e+00   3.0647933e+00   3.0620050e+00   3.0591021e+00   3.0560691e+00   3.0529642e+00   3.0498240e+00   3.0466468e+00   3.0434239e+00   3.0401142e+00   3.0367568e+00   3.0333893e+00   3.0300095e+00   3.0266240e+00   3.0232608e+00   3.0199766e+00   3.0167627e+00   3.0135577e+00   3.0103714e+00   3.0072145e+00   3.0040970e+00   3.0009778e+00
   2.9124568e+00   2.9095676e+00   2.9066277e+00   2.9036329e+00   2.9006205e+00   2.8975894e+00   2.8945649e+00   2.8915443e+00   2.8884952e+00   2.8854382e+00   2.8823690e+00   2.8792851e+00   2.8762252e+00   2.8731968e+00   2.8702247e+00   2.8673069e+00   2.8644540e+00   2.8616631e+00   2.8589308e+00   2.8562708e+00   2.8536775e+00   2.8511658e+00   2.8487360e+00   2.8463709e+00   2.8440821e+00   2.8418272e+00   2.8395774e+00   2.8373630e+00   2.8351517e+00   2.8329155e+00   2.8305852e+00   2.8281353e+00   2.8255622e+00   2.8228579e+00   2.8200309e+00   2.8170767e+00   2.8140304e+00   2.8109500e+00   2.8078632e+00   2.8048050e+00   2.8017190e+00   2.7986138e+00   2.7955153e+00   2.7924702e+00   2.7895670e+00   2.7868757e+00   2.7844317e+00   2.7821877e+00   2.7801239e+00   2.7782872e+00   2.7767532e+00   2.7755451e+00   2.7746747e+00   2.7741222e+00   2.7738831e+00   2.7738874e+00   2.7741244e+00   2.7745416e+00   2.7751617e+00   2.7759683e+00   2.7769108e+00   2.7779560e+00   2.7790003e+00   2.7799749e+00   2.7807646e+00   2.7812788e+00   2.7814806e+00   2.7813461e+00   2.7808731e+00   2.7801304e+00   2.7791450e+00   2.7779505e+00   2.7765255e+00   2.7748795e+00   2.7730634e+00   2.7711039e+00   2.7690423e+00   2.7668865e+00   2.7646644e+00   2.7623856e+00   2.7600353e+00   2.7576036e+00   2.7550819e+00   2.7524822e+00   2.7498291e+00   2.7471626e+00   2.7444890e+00   2.7418022e+00   2.7390835e+00   2.7363329e+00   2.7335446e+00   2.7307513e+00   2.7279682e+00   2.7252152e+00   2.7225001e+00   2.7198200e+00   2.7171776e+00   2.7145174e+00   2.7118387e+00   2.7091491e+00
   3.0957937e+00   3.0928452e+00   3.0898402e+00   3.0868223e+00   3.0838330e+00   3.0808575e+00   3.0778952e+00   3.0749686e+00   3.0720508e+00   3.0691731e+00   3.0663273e+00   3.0635414e+00   3.0608606e+00   3.0582497e+00   3.0557396e+00   3.0533135e+00   3.0509956e+00   3.0488205e+00   3.0467794e+00   3.0448654e+00   3.0430901e+00   3.0414240e+00   3.0399113e+00   3.0384827e+00   3.0371132e+00   3.0358171e+00   3.0345774e+00   3.0333617e+00   3.0321007e+00   3.0307338e+00   3.0292289e+00   3.0275195e+00   3.0255411e+00   3.0233030e+00   3.0208127e+00   3.0180864e+00   3.0151691e+00   3.0121269e+00   3.0090034e+00   3.0058420e+00   3.0026369e+00   2.9994040e+00   2.9961367e+00   2.9929483e+00   2.9900067e+00   2.9874210e+00   2.9851558e+00   2.9831514e+00   2.9814537e+00   2.9801905e+00   2.9794483e+00   2.9792712e+00   2.9796231e+00   2.9805183e+00   2.9818723e+00   2.9836929e+00   2.9859030e+00   2.9884708e+00   2.9913633e+00   2.9945822e+00   2.9980671e+00   3.0016987e+00   3.0053461e+00   3.0088017e+00   3.0119240e+00   3.0145981e+00   3.0167017e+00   3.0182161e+00   3.0191023e+00   3.0194366e+00   3.0192668e+00   3.0186489e+00   3.0176525e+00   3.0163059e+00   3.0146496e+00   3.0127182e+00   3.0105441e+00   3.0081816e+00   3.0056603e+00   3.0029857e+00   3.0001571e+00   2.9971914e+00   2.9941273e+00   2.9909465e+00   2.9876842e+00   2.9843597e+00   2.9809875e+00   2.9775505e+00   2.9740715e+00   2.9706004e+00   2.9671185e+00   2.9636118e+00   2.9601209e+00   2.9566631e+00   2.9532688e+00   2.9499209e+00   2.9466114e+00   2.9433393e+00   2.9401028e+00   2.9368737e+00
   2.8910625e+00   2.8883677e+00   2.8856618e+00   2.8829300e+00   2.8801844e+00   2.8774385e+00   2.8747208e+00   2.8720407e+00   2.8693645e+00   2.8666661e+00   2.8639872e+00   2.8613622e+00   2.8587933e+00   2.8562775e+00   2.8538253e+00   2.8514578e+00   2.8491938e+00   2.8469951e+00   2.8448792e+00   2.8428600e+00   2.8409708e+00   2.8391712e+00   2.8374574e+00   2.8358145e+00   2.8342407e+00   2.8326938e+00   2.8311656e+00   2.8296614e+00   2.8281462e+00   2.8265626e+00   2.8248560e+00   2.8230209e+00   2.8210278e+00   2.8188741e+00   2.8165505e+00   2.8140926e+00   2.8115227e+00   2.8088706e+00   2.8061790e+00   2.8035018e+00   2.8007948e+00   2.7980225e+00   2.7951844e+00   2.7924232e+00   2.7898893e+00   2.7876503e+00   2.7856777e+00   2.7838924e+00   2.7823112e+00   2.7810316e+00   2.7801399e+00   2.7796717e+00   2.7795966e+00   2.7799053e+00   2.7805872e+00   2.7815800e+00   2.7828634e+00   2.7843940e+00   2.7861729e+00   2.7881918e+00   2.7904129e+00   2.7927256e+00   2.7950442e+00   2.7972260e+00   2.7991867e+00   2.8008144e+00   2.8020294e+00   2.8028097e+00   2.8031292e+00   2.8030632e+00   2.8026352e+00   2.8019001e+00   2.8009074e+00   2.7996368e+00   2.7981377e+00   2.7964563e+00   2.7946322e+00   2.7926581e+00   2.7905467e+00   2.7883480e+00   2.7860730e+00   2.7837036e+00   2.7812269e+00   2.7786942e+00   2.7761114e+00   2.7734950e+00   2.7708445e+00   2.7681782e+00   2.7654831e+00   2.7627594e+00   2.7600358e+00   2.7573307e+00   2.7546442e+00   2.7519729e+00   2.7493455e+00   2.7467496e+00   2.7441924e+00   2.7416627e+00   2.7391350e+00   2.7366126e+00
   3.3801067e+00   3.3768895e+00   3.3736937e+00   3.3705254e+00   3.3672950e+00   3.3640578e+00   3.3608410e+00   3.3576610e+00   3.3545558e+00   3.3514850e+00   3.3484278e+00   3.3454714e+00   3.3425729e+00   3.3397973e+00   3.3371346e+00   3.3345559e+00   3.3321273e+00   3.3298995e+00   3.3278620e+00   3.3259783e+00   3.3241837e+00   3.3225238e+00   3.3210049e+00   3.3196020e+00   3.3182516e+00   3.3169487e+00   3.3156817e+00   3.3144369e+00   3.3131411e+00   3.3116653e+00   3.3099737e+00   3.3080437e+00   3.3057911e+00   3.3032722e+00   3.3004525e+00   3.2974131e+00   3.2941816e+00   3.2908185e+00   3.2873793e+00   3.2838659e+00   3.2802455e+00   3.2766197e+00   3.2730665e+00   3.2697003e+00   3.2666509e+00   3.2639501e+00   3.2615788e+00   3.2595799e+00   3.2580435e+00   3.2570522e+00   3.2566473e+00   3.2568748e+00   3.2577579e+00   3.2592347e+00   3.2612412e+00   3.2636864e+00   3.2665958e+00   3.2698967e+00   3.2735965e+00   3.2776363e+00   3.2819211e+00   3.2862566e+00   3.2904444e+00   3.2943614e+00   3.2978795e+00   3.3008473e+00   3.3031120e+00   3.3046958e+00   3.3055742e+00   3.3058460e+00   3.3055375e+00   3.3047676e+00   3.3035648e+00   3.3019733e+00   3.3000603e+00   3.2978783e+00   3.2955000e+00   3.2928851e+00   3.2900474e+00   3.2870808e+00   3.2839725e+00   3.2807312e+00   3.2773533e+00   3.2738600e+00   3.2703438e+00   3.2667162e+00   3.2630684e+00   3.2593689e+00   3.2556496e+00   3.2518809e+00   3.2481182e+00   3.2444313e+00   3.2407589e+00   3.2371178e+00   3.2335141e+00   3.2300098e+00   3.2265053e+00   3.2230685e+00   3.2196932e+00   3.2162735e+00
   3.4348867e+00   3.4312038e+00   3.4275339e+00   3.4238491e+00   3.4201696e+00   3.4165144e+00   3.4129097e+00   3.4093168e+00   3.4057789e+00   3.4022567e+00   3.3988285e+00   3.3955002e+00   3.3922682e+00   3.3891115e+00   3.3860371e+00   3.3831160e+00   3.3804109e+00   3.3778145e+00   3.3753922e+00   3.3731651e+00   3.3710854e+00   3.3691800e+00   3.3673925e+00   3.3656962e+00   3.3640900e+00   3.3625133e+00   3.3610151e+00   3.3595617e+00   3.3579929e+00   3.3562768e+00   3.3543336e+00   3.3521349e+00   3.3496258e+00   3.3467846e+00   3.3436549e+00   3.3402846e+00   3.3366759e+00   3.3328946e+00   3.3290246e+00   3.3251331e+00   3.3212118e+00   3.3172750e+00   3.3133488e+00   3.3095973e+00   3.3061154e+00   3.3030665e+00   3.3004134e+00   3.2981493e+00   3.2962551e+00   3.2949562e+00   3.2943275e+00   3.2943728e+00   3.2950675e+00   3.2963762e+00   3.2982609e+00   3.3006020e+00   3.3033235e+00   3.3064568e+00   3.3100128e+00   3.3138876e+00   3.3179781e+00   3.3221171e+00   3.3261297e+00   3.3298156e+00   3.3330390e+00   3.3356171e+00   3.3374968e+00   3.3386431e+00   3.3391237e+00   3.3390341e+00   3.3383312e+00   3.3371279e+00   3.3355122e+00   3.3335602e+00   3.3312645e+00   3.3286870e+00   3.3258851e+00   3.3228922e+00   3.3197193e+00   3.3163750e+00   3.3128746e+00   3.3092661e+00   3.3055642e+00   3.3017924e+00   3.2979317e+00   3.2940018e+00   3.2900145e+00   3.2859995e+00   3.2819440e+00   3.2778752e+00   3.2738526e+00   3.2698460e+00   3.2658594e+00   3.2619116e+00   3.2580383e+00   3.2542160e+00   3.2504120e+00   3.2466393e+00   3.2428939e+00   3.2392197e+00
   3.2584512e+00   3.2551498e+00   3.2517767e+00   3.2484102e+00   3.2450626e+00   3.2417367e+00   3.2384243e+00   3.2351265e+00   3.2318676e+00   3.2287016e+00   3.2255452e+00   3.2224252e+00   3.2194068e+00   3.2164841e+00   3.2136633e+00   3.2109835e+00   3.2084224e+00   3.2060030e+00   3.2037697e+00   3.2016802e+00   3.1997178e+00   3.1978836e+00   3.1961768e+00   3.1946080e+00   3.1931331e+00   3.1916940e+00   3.1902685e+00   3.1888759e+00   3.1874578e+00   3.1859465e+00   3.1842587e+00   3.1822884e+00   3.1800442e+00   3.1775172e+00   3.1747274e+00   3.1717131e+00   3.1685026e+00   3.1651495e+00   3.1617119e+00   3.1582048e+00   3.1546361e+00   3.1510038e+00   3.1473961e+00   3.1440027e+00   3.1409066e+00   3.1381779e+00   3.1357403e+00   3.1336071e+00   3.1318703e+00   3.1306362e+00   3.1300223e+00   3.1300204e+00   3.1306069e+00   3.1318321e+00   3.1335239e+00   3.1356497e+00   3.1381576e+00   3.1410763e+00   3.1443748e+00   3.1479645e+00   3.1517725e+00   3.1557133e+00   3.1595716e+00   3.1631584e+00   3.1663697e+00   3.1691005e+00   3.1712284e+00   3.1726787e+00   3.1734846e+00   3.1737626e+00   3.1735194e+00   3.1727722e+00   3.1716373e+00   3.1701591e+00   3.1683877e+00   3.1663513e+00   3.1641083e+00   3.1616859e+00   3.1591094e+00   3.1563635e+00   3.1534805e+00   3.1504514e+00   3.1473110e+00   3.1440647e+00   3.1407576e+00   3.1374252e+00   3.1340559e+00   3.1306248e+00   3.1271503e+00   3.1236331e+00   3.1200702e+00   3.1165504e+00   3.1131094e+00   3.1096897e+00   3.1062620e+00   3.1028616e+00   3.0995655e+00   3.0963023e+00   3.0930042e+00   3.0897505e+00
   3.2401266e+00   3.2366848e+00   3.2331896e+00   3.2296836e+00   3.2261569e+00   3.2226431e+00   3.2191670e+00   3.2157619e+00   3.2123559e+00   3.2089443e+00   3.2055912e+00   3.2023039e+00   3.1990850e+00   3.1959703e+00   3.1929562e+00   3.1901150e+00   3.1874325e+00   3.1848590e+00   3.1824284e+00   3.1801136e+00   3.1779602e+00   3.1759517e+00   3.1740608e+00   3.1722801e+00   3.1706307e+00   3.1690605e+00   3.1675198e+00   3.1659768e+00   3.1644125e+00   3.1627772e+00   3.1609719e+00   3.1589432e+00   3.1566467e+00   3.1540861e+00   3.1512630e+00   3.1481826e+00   3.1448967e+00   3.1414654e+00   3.1379735e+00   3.1344554e+00   3.1308651e+00   3.1271908e+00   3.1235249e+00   3.1200073e+00   3.1167657e+00   3.1138585e+00   3.1112831e+00   3.1090326e+00   3.1071997e+00   3.1058476e+00   3.1050498e+00   3.1048338e+00   3.1052167e+00   3.1062202e+00   3.1077955e+00   3.1098378e+00   3.1122942e+00   3.1151288e+00   3.1183510e+00   3.1218855e+00   3.1256855e+00   3.1296291e+00   3.1335468e+00   3.1373079e+00   3.1407015e+00   3.1435840e+00   3.1458740e+00   3.1475029e+00   3.1484978e+00   3.1488485e+00   3.1486576e+00   3.1479609e+00   3.1468689e+00   3.1454103e+00   3.1436005e+00   3.1415069e+00   3.1391582e+00   3.1365786e+00   3.1338294e+00   3.1309650e+00   3.1279747e+00   3.1247997e+00   3.1214645e+00   3.1180403e+00   3.1145458e+00   3.1109829e+00   3.1073284e+00   3.1036241e+00   3.0998564e+00   3.0960815e+00   3.0923204e+00   3.0885217e+00   3.0847495e+00   3.0809937e+00   3.0772846e+00   3.0736234e+00   3.0699823e+00   3.0663826e+00   3.0628166e+00   3.0593078e+00
   3.1825178e+00   3.1788056e+00   3.1750782e+00   3.1713679e+00   3.1676617e+00   3.1639698e+00   3.1603267e+00   3.1567297e+00   3.1532135e+00   3.1497443e+00   3.1463184e+00   3.1429720e+00   3.1397026e+00   3.1365139e+00   3.1334629e+00   3.1305187e+00   3.1277370e+00   3.1250966e+00   3.1225967e+00   3.1202691e+00   3.1180856e+00   3.1160324e+00   3.1140578e+00   3.1121686e+00   3.1104066e+00   3.1087370e+00   3.1071301e+00   3.1055381e+00   3.1039143e+00   3.1021805e+00   3.1002610e+00   3.0981381e+00   3.0958025e+00   3.0932503e+00   3.0904496e+00   3.0874195e+00   3.0841780e+00   3.0808229e+00   3.0773847e+00   3.0739229e+00   3.0704200e+00   3.0668888e+00   3.0633783e+00   3.0599549e+00   3.0567825e+00   3.0539751e+00   3.0515106e+00   3.0493555e+00   3.0475447e+00   3.0461731e+00   3.0453651e+00   3.0451524e+00   3.0455205e+00   3.0464256e+00   3.0477638e+00   3.0495212e+00   3.0516701e+00   3.0541773e+00   3.0570107e+00   3.0601366e+00   3.0634911e+00   3.0669448e+00   3.0703166e+00   3.0734704e+00   3.0762787e+00   3.0786254e+00   3.0804088e+00   3.0815639e+00   3.0821297e+00   3.0821230e+00   3.0816014e+00   3.0806758e+00   3.0793998e+00   3.0778112e+00   3.0759032e+00   3.0737696e+00   3.0714283e+00   3.0689011e+00   3.0661991e+00   3.0633347e+00   3.0603657e+00   3.0572836e+00   3.0541174e+00   3.0508604e+00   3.0475452e+00   3.0441687e+00   3.0407524e+00   3.0373013e+00   3.0338175e+00   3.0303161e+00   3.0268123e+00   3.0233409e+00   3.0198858e+00   3.0164478e+00   3.0130424e+00   3.0097053e+00   3.0064270e+00   3.0031595e+00   2.9999001e+00   2.9966357e+00
   3.0750751e+00   3.0721111e+00   3.0691509e+00   3.0661690e+00   3.0631950e+00   3.0602112e+00   3.0572350e+00   3.0542843e+00   3.0513666e+00   3.0484974e+00   3.0456693e+00   3.0428879e+00   3.0401838e+00   3.0375655e+00   3.0350292e+00   3.0325720e+00   3.0302255e+00   3.0280180e+00   3.0259626e+00   3.0240364e+00   3.0222051e+00   3.0204601e+00   3.0188065e+00   3.0172551e+00   3.0158079e+00   3.0144234e+00   3.0130818e+00   3.0117502e+00   3.0103695e+00   3.0088892e+00   3.0072584e+00   3.0054381e+00   3.0034039e+00   3.0011351e+00   2.9986401e+00   2.9959564e+00   2.9931028e+00   2.9901047e+00   2.9870269e+00   2.9839134e+00   2.9807997e+00   2.9776766e+00   2.9745483e+00   2.9714870e+00   2.9686172e+00   2.9660463e+00   2.9637897e+00   2.9618146e+00   2.9601424e+00   2.9589021e+00   2.9581831e+00   2.9579706e+00   2.9582498e+00   2.9590137e+00   2.9602196e+00   2.9617813e+00   2.9636993e+00   2.9660053e+00   2.9686718e+00   2.9716442e+00   2.9748020e+00   2.9780684e+00   2.9813015e+00   2.9843490e+00   2.9870913e+00   2.9893901e+00   2.9911842e+00   2.9923956e+00   2.9930255e+00   2.9931295e+00   2.9927571e+00   2.9919789e+00   2.9908493e+00   2.9894111e+00   2.9877236e+00   2.9857771e+00   2.9836075e+00   2.9812546e+00   2.9787481e+00   2.9761136e+00   2.9733350e+00   2.9704611e+00   2.9675152e+00   2.9644845e+00   2.9613540e+00   2.9581554e+00   2.9548924e+00   2.9515839e+00   2.9482486e+00   2.9449279e+00   2.9416382e+00   2.9383271e+00   2.9350078e+00   2.9317033e+00   2.9284422e+00   2.9252269e+00   2.9220798e+00   2.9189651e+00   2.9158866e+00   2.9128053e+00
   3.2872341e+00   3.2830963e+00   3.2789328e+00   3.2747610e+00   3.2705858e+00   3.2664242e+00   3.2622945e+00   3.2581875e+00   3.2541258e+00   3.2501314e+00   3.2462351e+00   3.2423637e+00   3.2385273e+00   3.2347729e+00   3.2311699e+00   3.2276680e+00   3.2243159e+00   3.2210989e+00   3.2180567e+00   3.2151470e+00   3.2123518e+00   3.2097361e+00   3.2072392e+00   3.2048435e+00   3.2025204e+00   3.2002707e+00   3.1980724e+00   3.1958988e+00   3.1936646e+00   3.1913302e+00   3.1888180e+00   3.1860969e+00   3.1831808e+00   3.1800334e+00   3.1766968e+00   3.1731360e+00   3.1693966e+00   3.1655493e+00   3.1616518e+00   3.1577187e+00   3.1537302e+00   3.1497157e+00   3.1457636e+00   3.1419380e+00   3.1383698e+00   3.1351554e+00   3.1322773e+00   3.1297123e+00   3.1274688e+00   3.1257126e+00   3.1245053e+00   3.1238632e+00   3.1237690e+00   3.1242001e+00   3.1251087e+00   3.1264544e+00   3.1281712e+00   3.1302731e+00   3.1327095e+00   3.1354589e+00   3.1384308e+00   3.1414874e+00   3.1445053e+00   3.1473148e+00   3.1497908e+00   3.1517875e+00   3.1532209e+00   3.1540873e+00   3.1543701e+00   3.1541080e+00   3.1533487e+00   3.1521742e+00   3.1506393e+00   3.1488066e+00   3.1466646e+00   3.1442814e+00   3.1416633e+00   3.1388776e+00   3.1359692e+00   3.1329038e+00   3.1297152e+00   3.1263883e+00   3.1229665e+00   3.1194274e+00   3.1158235e+00   3.1121578e+00   3.1084979e+00   3.1048229e+00   3.1010959e+00   3.0973341e+00   3.0935342e+00   3.0897934e+00   3.0860634e+00   3.0823815e+00   3.0787265e+00   3.0751121e+00   3.0715654e+00   3.0680540e+00   3.0645781e+00   3.0611036e+00
   3.0046437e+00   3.0016963e+00   2.9987047e+00   2.9957101e+00   2.9927127e+00   2.9897184e+00   2.9867389e+00   2.9837854e+00   2.9808834e+00   2.9780245e+00   2.9752045e+00   2.9724255e+00   2.9697230e+00   2.9671011e+00   2.9645531e+00   2.9621222e+00   2.9597924e+00   2.9575884e+00   2.9555061e+00   2.9535491e+00   2.9517071e+00   2.9499652e+00   2.9483106e+00   2.9467537e+00   2.9452927e+00   2.9439039e+00   2.9425480e+00   2.9412158e+00   2.9398315e+00   2.9383409e+00   2.9366882e+00   2.9348505e+00   2.9328194e+00   2.9305761e+00   2.9281323e+00   2.9255159e+00   2.9227173e+00   2.9197915e+00   2.9167545e+00   2.9137115e+00   2.9106643e+00   2.9076271e+00   2.9046104e+00   2.9016497e+00   2.8988683e+00   2.8963578e+00   2.8941548e+00   2.8922403e+00   2.8906221e+00   2.8893926e+00   2.8886478e+00   2.8884084e+00   2.8886597e+00   2.8893738e+00   2.8905194e+00   2.8920548e+00   2.8939145e+00   2.8961041e+00   2.8986161e+00   2.9014485e+00   2.9045181e+00   2.9076557e+00   2.9107378e+00   2.9136524e+00   2.9163029e+00   2.9185345e+00   2.9202349e+00   2.9214027e+00   2.9220250e+00   2.9221439e+00   2.9217978e+00   2.9210567e+00   2.9199708e+00   2.9185505e+00   2.9168994e+00   2.9150360e+00   2.9129579e+00   2.9106410e+00   2.9081566e+00   2.9055624e+00   2.9028461e+00   2.9000242e+00   2.8970993e+00   2.8940878e+00   2.8910112e+00   2.8878603e+00   2.8846531e+00   2.8813913e+00   2.8781044e+00   2.8748233e+00   2.8715389e+00   2.8682549e+00   2.8649635e+00   2.8616982e+00   2.8584988e+00   2.8553550e+00   2.8522522e+00   2.8491704e+00   2.8461244e+00   2.8431008e+00
   3.3319988e+00   3.3286142e+00   3.3251789e+00   3.3216355e+00   3.3181207e+00   3.3146145e+00   3.3110998e+00   3.3075907e+00   3.3040774e+00   3.3006008e+00   3.2972326e+00   3.2938681e+00   3.2905567e+00   3.2873116e+00   3.2841969e+00   3.2811978e+00   3.2782905e+00   3.2754362e+00   3.2727041e+00   3.2701762e+00   3.2678165e+00   3.2655067e+00   3.2633095e+00   3.2611837e+00   3.2591836e+00   3.2572315e+00   3.2552860e+00   3.2533569e+00   3.2514267e+00   3.2493916e+00   3.2472525e+00   3.2449181e+00   3.2423298e+00   3.2395146e+00   3.2364261e+00   3.2331641e+00   3.2297411e+00   3.2262051e+00   3.2225845e+00   3.2189064e+00   3.2152252e+00   3.2115390e+00   3.2078428e+00   3.2042263e+00   3.2008326e+00   3.1978600e+00   3.1952322e+00   3.1928577e+00   3.1907423e+00   3.1890695e+00   3.1879685e+00   3.1874266e+00   3.1873920e+00   3.1878517e+00   3.1887701e+00   3.1901176e+00   3.1918592e+00   3.1938915e+00   3.1961749e+00   3.1986942e+00   3.2014866e+00   3.2044475e+00   3.2074001e+00   3.2100952e+00   3.2124112e+00   3.2142942e+00   3.2157400e+00   3.2166364e+00   3.2169600e+00   3.2167351e+00   3.2161071e+00   3.2151086e+00   3.2137644e+00   3.2120991e+00   3.2101042e+00   3.2078924e+00   3.2055044e+00   3.2029741e+00   3.2002943e+00   3.1974468e+00   3.1944439e+00   3.1913433e+00   3.1881618e+00   3.1849091e+00   3.1815729e+00   3.1781533e+00   3.1747363e+00   3.1712844e+00   3.1677883e+00   3.1642249e+00   3.1606324e+00   3.1570854e+00   3.1536052e+00   3.1501296e+00   3.1466427e+00   3.1431711e+00   3.1397712e+00   3.1364117e+00   3.1330509e+00   3.1297367e+00
   2.9442835e+00   2.9419718e+00   2.9395962e+00   2.9372177e+00   2.9348533e+00   2.9325135e+00   2.9301617e+00   2.9278221e+00   2.9254868e+00   2.9231746e+00   2.9208698e+00   2.9186051e+00   2.9164133e+00   2.9142990e+00   2.9122436e+00   2.9102783e+00   2.9084003e+00   2.9065993e+00   2.9049025e+00   2.9033260e+00   2.9018676e+00   2.9005139e+00   2.8992252e+00   2.8980026e+00   2.8968410e+00   2.8957102e+00   2.8946288e+00   2.8935688e+00   2.8924801e+00   2.8913138e+00   2.8900013e+00   2.8885100e+00   2.8868151e+00   2.8849461e+00   2.8829021e+00   2.8807070e+00   2.8783236e+00   2.8758457e+00   2.8733160e+00   2.8707607e+00   2.8681724e+00   2.8655269e+00   2.8628404e+00   2.8602257e+00   2.8578196e+00   2.8557127e+00   2.8538768e+00   2.8522661e+00   2.8508976e+00   2.8498676e+00   2.8492661e+00   2.8491297e+00   2.8494418e+00   2.8501825e+00   2.8512933e+00   2.8527136e+00   2.8544357e+00   2.8564529e+00   2.8587472e+00   2.8612754e+00   2.8639872e+00   2.8668175e+00   2.8696182e+00   2.8722763e+00   2.8746490e+00   2.8766615e+00   2.8782303e+00   2.8793039e+00   2.8798931e+00   2.8800347e+00   2.8797886e+00   2.8791847e+00   2.8782589e+00   2.8770370e+00   2.8756008e+00   2.8739560e+00   2.8721540e+00   2.8701942e+00   2.8681171e+00   2.8659060e+00   2.8635623e+00   2.8610775e+00   2.8585262e+00   2.8559210e+00   2.8532603e+00   2.8505404e+00   2.8477542e+00   2.8449605e+00   2.8421242e+00   2.8392799e+00   2.8364010e+00   2.8335531e+00   2.8307190e+00   2.8279245e+00   2.8251679e+00   2.8224258e+00   2.8197260e+00   2.8170187e+00   2.8143857e+00   2.8117676e+00
   3.2536211e+00   3.2500336e+00   3.2464097e+00   3.2427976e+00   3.2392111e+00   3.2356186e+00   3.2320096e+00   3.2283823e+00   3.2247899e+00   3.2212741e+00   3.2178118e+00   3.2143891e+00   3.2110195e+00   3.2077320e+00   3.2045605e+00   3.2014682e+00   3.1984966e+00   3.1956270e+00   3.1929257e+00   3.1903884e+00   3.1879985e+00   3.1857560e+00   3.1836290e+00   3.1815956e+00   3.1796401e+00   3.1777537e+00   3.1759064e+00   3.1740849e+00   3.1722536e+00   3.1703656e+00   3.1683092e+00   3.1660423e+00   3.1635005e+00   3.1606691e+00   3.1575699e+00   3.1542485e+00   3.1507368e+00   3.1471326e+00   3.1433973e+00   3.1396151e+00   3.1357501e+00   3.1318824e+00   3.1280754e+00   3.1243753e+00   3.1208537e+00   3.1176641e+00   3.1148694e+00   3.1123869e+00   3.1101997e+00   3.1084471e+00   3.1072662e+00   3.1066997e+00   3.1067178e+00   3.1073027e+00   3.1084054e+00   3.1099250e+00   3.1117990e+00   3.1139982e+00   3.1165264e+00   3.1193678e+00   3.1224995e+00   3.1257718e+00   3.1289971e+00   3.1320143e+00   3.1347058e+00   3.1369276e+00   3.1385820e+00   3.1396399e+00   3.1401405e+00   3.1401196e+00   3.1395416e+00   3.1385107e+00   3.1371212e+00   3.1353853e+00   3.1333237e+00   3.1309860e+00   3.1284809e+00   3.1258013e+00   3.1229026e+00   3.1198397e+00   3.1166239e+00   3.1133163e+00   3.1098897e+00   3.1063678e+00   3.1027768e+00   3.0991008e+00   3.0953300e+00   3.0914781e+00   3.0875752e+00   3.0836380e+00   3.0796633e+00   3.0757122e+00   3.0718277e+00   3.0679920e+00   3.0641842e+00   3.0603650e+00   3.0565739e+00   3.0528061e+00   3.0490704e+00   3.0454090e+00
   3.1949279e+00   3.1912358e+00   3.1874893e+00   3.1837804e+00   3.1801252e+00   3.1764557e+00   3.1728275e+00   3.1692095e+00   3.1656487e+00   3.1621778e+00   3.1587574e+00   3.1554031e+00   3.1521034e+00   3.1488616e+00   3.1457336e+00   3.1427591e+00   3.1399510e+00   3.1373155e+00   3.1348372e+00   3.1324606e+00   3.1302118e+00   3.1280947e+00   3.1260989e+00   3.1242034e+00   3.1223814e+00   3.1206501e+00   3.1190252e+00   3.1174328e+00   3.1157980e+00   3.1140347e+00   3.1121054e+00   3.1099756e+00   3.1075737e+00   3.1049411e+00   3.1020968e+00   3.0990829e+00   3.0958683e+00   3.0924647e+00   3.0889542e+00   3.0854595e+00   3.0819960e+00   3.0784838e+00   3.0748711e+00   3.0713408e+00   3.0680876e+00   3.0652606e+00   3.0627778e+00   3.0605581e+00   3.0586655e+00   3.0572517e+00   3.0564096e+00   3.0561445e+00   3.0564272e+00   3.0572426e+00   3.0584719e+00   3.0601053e+00   3.0621216e+00   3.0645103e+00   3.0672607e+00   3.0703084e+00   3.0735753e+00   3.0769465e+00   3.0802326e+00   3.0833206e+00   3.0860355e+00   3.0883102e+00   3.0900543e+00   3.0912180e+00   3.0917816e+00   3.0917845e+00   3.0913136e+00   3.0904129e+00   3.0891392e+00   3.0875518e+00   3.0857086e+00   3.0836213e+00   3.0813382e+00   3.0788543e+00   3.0761955e+00   3.0733774e+00   3.0704329e+00   3.0673788e+00   3.0642459e+00   3.0610740e+00   3.0578139e+00   3.0544577e+00   3.0510378e+00   3.0476086e+00   3.0441439e+00   3.0406616e+00   3.0372162e+00   3.0337877e+00   3.0303700e+00   3.0269623e+00   3.0235889e+00   3.0202553e+00   3.0169544e+00   3.0137148e+00   3.0105019e+00   3.0073082e+00
   3.0249765e+00   3.0216877e+00   3.0183570e+00   3.0149946e+00   3.0116189e+00   3.0082283e+00   3.0048714e+00   3.0015819e+00   2.9983113e+00   2.9951038e+00   2.9919088e+00   2.9887581e+00   2.9856806e+00   2.9826691e+00   2.9797618e+00   2.9769583e+00   2.9742405e+00   2.9716551e+00   2.9692090e+00   2.9669018e+00   2.9646995e+00   2.9625771e+00   2.9605541e+00   2.9586420e+00   2.9568379e+00   2.9551060e+00   2.9534147e+00   2.9517212e+00   2.9499931e+00   2.9482021e+00   2.9462936e+00   2.9442208e+00   2.9419613e+00   2.9395056e+00   2.9368455e+00   2.9339812e+00   2.9309266e+00   2.9277594e+00   2.9245160e+00   2.9212830e+00   2.9180565e+00   2.9148054e+00   2.9115162e+00   2.9082611e+00   2.9052126e+00   2.9025099e+00   2.9001293e+00   2.8979762e+00   2.8960917e+00   2.8946106e+00   2.8936279e+00   2.8931277e+00   2.8930740e+00   2.8934753e+00   2.8943157e+00   2.8955402e+00   2.8971043e+00   2.8990145e+00   2.9012496e+00   2.9037380e+00   2.9064541e+00   2.9092872e+00   2.9121399e+00   2.9148223e+00   2.9172423e+00   2.9193003e+00   2.9208896e+00   2.9219220e+00   2.9223998e+00   2.9223430e+00   2.9218495e+00   2.9209702e+00   2.9197569e+00   2.9182580e+00   2.9165075e+00   2.9145515e+00   2.9123561e+00   2.9099491e+00   2.9073715e+00   2.9046786e+00   2.9018943e+00   2.8990180e+00   2.8960373e+00   2.8929405e+00   2.8897622e+00   2.8865225e+00   2.8832188e+00   2.8799112e+00   2.8766127e+00   2.8733075e+00   2.8699703e+00   2.8666070e+00   2.8632343e+00   2.8598759e+00   2.8565848e+00   2.8533690e+00   2.8502209e+00   2.8471060e+00   2.8440096e+00   2.8408701e+00
   2.7352524e+00   2.7331774e+00   2.7311001e+00   2.7290220e+00   2.7269204e+00   2.7248213e+00   2.7227185e+00   2.7206128e+00   2.7185133e+00   2.7164233e+00   2.7143574e+00   2.7123201e+00   2.7103207e+00   2.7083778e+00   2.7064731e+00   2.7046032e+00   2.7027853e+00   2.7010689e+00   2.6994507e+00   2.6978886e+00   2.6964025e+00   2.6949692e+00   2.6935880e+00   2.6922505e+00   2.6909444e+00   2.6896961e+00   2.6884832e+00   2.6872816e+00   2.6860468e+00   2.6847513e+00   2.6833556e+00   2.6818447e+00   2.6802349e+00   2.6785355e+00   2.6767476e+00   2.6748638e+00   2.6728733e+00   2.6708357e+00   2.6688080e+00   2.6667855e+00   2.6647346e+00   2.6625955e+00   2.6603858e+00   2.6582329e+00   2.6562991e+00   2.6546297e+00   2.6531360e+00   2.6517236e+00   2.6504447e+00   2.6494496e+00   2.6487615e+00   2.6483836e+00   2.6482704e+00   2.6484404e+00   2.6488767e+00   2.6495373e+00   2.6504200e+00   2.6515124e+00   2.6528230e+00   2.6543305e+00   2.6559856e+00   2.6577094e+00   2.6593895e+00   2.6609595e+00   2.6623566e+00   2.6635187e+00   2.6644030e+00   2.6649764e+00   2.6652229e+00   2.6651857e+00   2.6648750e+00   2.6643190e+00   2.6635535e+00   2.6626325e+00   2.6615705e+00   2.6603739e+00   2.6590607e+00   2.6576474e+00   2.6561353e+00   2.6545322e+00   2.6528826e+00   2.6511929e+00   2.6494486e+00   2.6476340e+00   2.6457996e+00   2.6439381e+00   2.6420259e+00   2.6400893e+00   2.6381638e+00   2.6362534e+00   2.6343346e+00   2.6324039e+00   2.6304934e+00   2.6285963e+00   2.6267273e+00   2.6248815e+00   2.6230562e+00   2.6212399e+00   2.6194165e+00   2.6176012e+00
   3.0574846e+00   3.0540340e+00   3.0505896e+00   3.0471592e+00   3.0437348e+00   3.0403054e+00   3.0368907e+00   3.0334980e+00   3.0301745e+00   3.0269158e+00   3.0237019e+00   3.0205259e+00   3.0173695e+00   3.0142758e+00   3.0113032e+00   3.0084336e+00   3.0056736e+00   3.0030329e+00   3.0005162e+00   2.9981163e+00   2.9958522e+00   2.9937086e+00   2.9916747e+00   2.9897254e+00   2.9878762e+00   2.9861267e+00   2.9844401e+00   2.9827893e+00   2.9811316e+00   2.9794476e+00   2.9776611e+00   2.9757326e+00   2.9736035e+00   2.9712591e+00   2.9686966e+00   2.9659240e+00   2.9629591e+00   2.9598188e+00   2.9565570e+00   2.9532926e+00   2.9500186e+00   2.9467599e+00   2.9434786e+00   2.9401882e+00   2.9370282e+00   2.9341137e+00   2.9314954e+00   2.9291418e+00   2.9270527e+00   2.9253204e+00   2.9240334e+00   2.9232147e+00   2.9228785e+00   2.9230535e+00   2.9237015e+00   2.9247637e+00   2.9261770e+00   2.9279306e+00   2.9300785e+00   2.9325850e+00   2.9353819e+00   2.9383640e+00   2.9413967e+00   2.9443877e+00   2.9471714e+00   2.9496021e+00   2.9515629e+00   2.9529626e+00   2.9537771e+00   2.9540365e+00   2.9537907e+00   2.9531276e+00   2.9520855e+00   2.9507246e+00   2.9490921e+00   2.9471776e+00   2.9449778e+00   2.9425409e+00   2.9399436e+00   2.9372523e+00   2.9344366e+00   2.9314845e+00   2.9283609e+00   2.9251273e+00   2.9218371e+00   2.9184809e+00   2.9150388e+00   2.9115121e+00   2.9079635e+00   2.9043858e+00   2.9007599e+00   2.8970773e+00   2.8934116e+00   2.8897905e+00   2.8862216e+00   2.8827031e+00   2.8792236e+00   2.8757999e+00   2.8723614e+00   2.8689041e+00
   3.1662204e+00   3.1629293e+00   3.1595700e+00   3.1561720e+00   3.1527472e+00   3.1493199e+00   3.1458781e+00   3.1424313e+00   3.1389711e+00   3.1355336e+00   3.1320992e+00   3.1287038e+00   3.1253541e+00   3.1220338e+00   3.1187775e+00   3.1156187e+00   3.1125667e+00   3.1096323e+00   3.1067924e+00   3.1040623e+00   3.1014521e+00   3.0989568e+00   3.0965455e+00   3.0942361e+00   3.0920088e+00   3.0898373e+00   3.0877025e+00   3.0855529e+00   3.0833800e+00   3.0811594e+00   3.0788047e+00   3.0762930e+00   3.0735817e+00   3.0706577e+00   3.0675306e+00   3.0642178e+00   3.0607646e+00   3.0572202e+00   3.0535920e+00   3.0499465e+00   3.0463066e+00   3.0426795e+00   3.0390604e+00   3.0354974e+00   3.0320959e+00   3.0289972e+00   3.0262244e+00   3.0237045e+00   3.0214593e+00   3.0195658e+00   3.0181131e+00   3.0171449e+00   3.0166368e+00   3.0165813e+00   3.0169122e+00   3.0175858e+00   3.0185812e+00   3.0198860e+00   3.0214870e+00   3.0233395e+00   3.0253742e+00   3.0275185e+00   3.0296495e+00   3.0316718e+00   3.0334065e+00   3.0347736e+00   3.0356944e+00   3.0361354e+00   3.0360897e+00   3.0355937e+00   3.0347128e+00   3.0334637e+00   3.0319259e+00   3.0301402e+00   3.0281279e+00   3.0259333e+00   3.0235527e+00   3.0210171e+00   3.0183392e+00   3.0155327e+00   3.0126331e+00   3.0096483e+00   3.0065601e+00   3.0034168e+00   3.0001819e+00   2.9968796e+00   2.9935296e+00   2.9901543e+00   2.9867544e+00   2.9832897e+00   2.9798172e+00   2.9763725e+00   2.9729750e+00   2.9695909e+00   2.9662349e+00   2.9629152e+00   2.9596329e+00   2.9563780e+00   2.9531162e+00   2.9498768e+00
   3.1177781e+00   3.1150787e+00   3.1123362e+00   3.1095772e+00   3.1068208e+00   3.1040840e+00   3.1013477e+00   3.0985928e+00   3.0958622e+00   3.0931511e+00   3.0904763e+00   3.0878518e+00   3.0852873e+00   3.0827973e+00   3.0803916e+00   3.0780666e+00   3.0758693e+00   3.0738170e+00   3.0718756e+00   3.0700772e+00   3.0683582e+00   3.0667522e+00   3.0652492e+00   3.0638199e+00   3.0624616e+00   3.0611515e+00   3.0599086e+00   3.0587132e+00   3.0574863e+00   3.0561364e+00   3.0546238e+00   3.0529184e+00   3.0509746e+00   3.0488188e+00   3.0464299e+00   3.0438516e+00   3.0410960e+00   3.0381968e+00   3.0352571e+00   3.0322475e+00   3.0291698e+00   3.0260143e+00   3.0228360e+00   3.0197947e+00   3.0170333e+00   3.0145998e+00   3.0124311e+00   3.0104764e+00   3.0088158e+00   3.0075674e+00   3.0068226e+00   3.0066259e+00   3.0069458e+00   3.0077658e+00   3.0090182e+00   3.0106413e+00   3.0126011e+00   3.0148704e+00   3.0174792e+00   3.0203869e+00   3.0235088e+00   3.0267279e+00   3.0299237e+00   3.0329475e+00   3.0356758e+00   3.0380046e+00   3.0398252e+00   3.0411103e+00   3.0418587e+00   3.0421000e+00   3.0418632e+00   3.0412109e+00   3.0402031e+00   3.0389051e+00   3.0373459e+00   3.0355732e+00   3.0336101e+00   3.0314858e+00   3.0292072e+00   3.0267594e+00   3.0241644e+00   3.0214579e+00   3.0186977e+00   3.0158501e+00   3.0129452e+00   3.0099659e+00   3.0069656e+00   3.0039179e+00   3.0007994e+00   2.9976671e+00   2.9945271e+00   2.9914391e+00   2.9883621e+00   2.9853013e+00   2.9822438e+00   2.9792118e+00   2.9762175e+00   2.9732349e+00   2.9702880e+00   2.9673538e+00
   3.1333854e+00   3.1304238e+00   3.1273825e+00   3.1243236e+00   3.1212749e+00   3.1182320e+00   3.1151764e+00   3.1121242e+00   3.1091354e+00   3.1061556e+00   3.1032059e+00   3.1002791e+00   3.0974157e+00   3.0946224e+00   3.0919132e+00   3.0892761e+00   3.0867269e+00   3.0842733e+00   3.0819626e+00   3.0797853e+00   3.0777156e+00   3.0757475e+00   3.0738678e+00   3.0720456e+00   3.0702903e+00   3.0685844e+00   3.0669138e+00   3.0652802e+00   3.0636175e+00   3.0618775e+00   3.0599754e+00   3.0578756e+00   3.0555770e+00   3.0530679e+00   3.0503550e+00   3.0474708e+00   3.0444591e+00   3.0413408e+00   3.0381832e+00   3.0349789e+00   3.0317326e+00   3.0284920e+00   3.0252631e+00   3.0221415e+00   3.0192118e+00   3.0165653e+00   3.0142219e+00   3.0121489e+00   3.0103827e+00   3.0090160e+00   3.0081072e+00   3.0076892e+00   3.0077660e+00   3.0083153e+00   3.0092773e+00   3.0105855e+00   3.0122216e+00   3.0142107e+00   3.0164919e+00   3.0190299e+00   3.0217679e+00   3.0245988e+00   3.0273960e+00   3.0300281e+00   3.0323513e+00   3.0342569e+00   3.0356672e+00   3.0365498e+00   3.0369270e+00   3.0368125e+00   3.0362558e+00   3.0352981e+00   3.0340054e+00   3.0324039e+00   3.0305493e+00   3.0285008e+00   3.0262444e+00   3.0238202e+00   3.0212498e+00   3.0185585e+00   3.0157585e+00   3.0128210e+00   3.0097945e+00   3.0066936e+00   3.0035255e+00   3.0002937e+00   2.9970055e+00   2.9936912e+00   2.9903576e+00   2.9870319e+00   2.9836967e+00   2.9803393e+00   2.9770000e+00   2.9736891e+00   2.9704368e+00   2.9672325e+00   2.9640932e+00   2.9609702e+00   2.9578617e+00   2.9547460e+00
   3.1324995e+00   3.1287730e+00   3.1250343e+00   3.1212800e+00   3.1175616e+00   3.1138897e+00   3.1101830e+00   3.1065454e+00   3.1029711e+00   3.0994771e+00   3.0960042e+00   3.0925865e+00   3.0892437e+00   3.0860329e+00   3.0829163e+00   3.0799437e+00   3.0770957e+00   3.0743835e+00   3.0718069e+00   3.0693748e+00   3.0670683e+00   3.0648975e+00   3.0628774e+00   3.0609815e+00   3.0591698e+00   3.0574398e+00   3.0557766e+00   3.0541689e+00   3.0525005e+00   3.0507247e+00   3.0488217e+00   3.0467424e+00   3.0444288e+00   3.0418472e+00   3.0389824e+00   3.0358799e+00   3.0325539e+00   3.0290630e+00   3.0254843e+00   3.0218909e+00   3.0183036e+00   3.0146952e+00   3.0110817e+00   3.0075476e+00   3.0042114e+00   3.0011861e+00   2.9985077e+00   2.9961579e+00   2.9941585e+00   2.9925900e+00   2.9915631e+00   2.9911025e+00   2.9912364e+00   2.9919307e+00   2.9931648e+00   2.9948702e+00   2.9969902e+00   2.9995010e+00   3.0023868e+00   3.0056164e+00   3.0091114e+00   3.0128047e+00   3.0165184e+00   3.0200911e+00   3.0233238e+00   3.0260432e+00   3.0281498e+00   3.0295799e+00   3.0303619e+00   3.0305471e+00   3.0301902e+00   3.0293436e+00   3.0280788e+00   3.0264490e+00   3.0244884e+00   3.0222378e+00   3.0197270e+00   3.0169799e+00   3.0140696e+00   3.0110028e+00   3.0077941e+00   3.0044453e+00   3.0009758e+00   2.9973934e+00   2.9936874e+00   2.9899330e+00   2.9861205e+00   2.9822693e+00   2.9783649e+00   2.9744294e+00   2.9704802e+00   2.9665146e+00   2.9625814e+00   2.9586632e+00   2.9547932e+00   2.9509704e+00   2.9472144e+00   2.9435227e+00   2.9398782e+00   2.9362400e+00
   2.9630902e+00   2.9604614e+00   2.9578304e+00   2.9552109e+00   2.9526098e+00   2.9500320e+00   2.9474766e+00   2.9449463e+00   2.9424613e+00   2.9400232e+00   2.9376218e+00   2.9352958e+00   2.9330366e+00   2.9308617e+00   2.9287882e+00   2.9268115e+00   2.9249780e+00   2.9232776e+00   2.9217060e+00   2.9202659e+00   2.9189837e+00   2.9178212e+00   2.9167700e+00   2.9157841e+00   2.9148779e+00   2.9140224e+00   2.9132106e+00   2.9124155e+00   2.9115913e+00   2.9106426e+00   2.9094999e+00   2.9081421e+00   2.9065568e+00   2.9047215e+00   2.9026306e+00   2.9003193e+00   2.8978043e+00   2.8951721e+00   2.8924544e+00   2.8897212e+00   2.8869894e+00   2.8841763e+00   2.8812983e+00   2.8785038e+00   2.8759682e+00   2.8738041e+00   2.8719418e+00   2.8703403e+00   2.8690569e+00   2.8682098e+00   2.8678854e+00   2.8680942e+00   2.8688343e+00   2.8701022e+00   2.8718245e+00   2.8739641e+00   2.8764670e+00   2.8792951e+00   2.8824508e+00   2.8859165e+00   2.8896382e+00   2.8934801e+00   2.8972714e+00   2.9008770e+00   2.9041646e+00   2.9069974e+00   2.9092534e+00   2.9109306e+00   2.9120159e+00   2.9125767e+00   2.9126580e+00   2.9123096e+00   2.9115832e+00   2.9104834e+00   2.9090741e+00   2.9074194e+00   2.9055557e+00   2.9035065e+00   2.9012878e+00   2.8989248e+00   2.8964279e+00   2.8937988e+00   2.8910353e+00   2.8881843e+00   2.8852704e+00   2.8822851e+00   2.8792374e+00   2.8761227e+00   2.8729973e+00   2.8698261e+00   2.8666382e+00   2.8634675e+00   2.8603170e+00   2.8571842e+00   2.8540776e+00   2.8510511e+00   2.8480797e+00   2.8450925e+00   2.8420999e+00   2.8391476e+00
   3.1465101e+00   3.1430771e+00   3.1396515e+00   3.1362238e+00   3.1328144e+00   3.1294136e+00   3.1260440e+00   3.1227391e+00   3.1194553e+00   3.1162236e+00   3.1130552e+00   3.1099548e+00   3.1069486e+00   3.1039829e+00   3.1011333e+00   3.0984099e+00   3.0958450e+00   3.0934093e+00   3.0911047e+00   3.0889580e+00   3.0869415e+00   3.0850356e+00   3.0832584e+00   3.0816002e+00   3.0800502e+00   3.0785713e+00   3.0771513e+00   3.0757358e+00   3.0743115e+00   3.0727704e+00   3.0710557e+00   3.0691345e+00   3.0669811e+00   3.0645761e+00   3.0619438e+00   3.0590782e+00   3.0560329e+00   3.0528545e+00   3.0495777e+00   3.0462668e+00   3.0429356e+00   3.0395525e+00   3.0361462e+00   3.0328465e+00   3.0298054e+00   3.0271060e+00   3.0247259e+00   3.0226486e+00   3.0209064e+00   3.0196106e+00   3.0188684e+00   3.0187254e+00   3.0191810e+00   3.0201375e+00   3.0215986e+00   3.0235155e+00   3.0258358e+00   3.0285625e+00   3.0316629e+00   3.0351152e+00   3.0388153e+00   3.0426452e+00   3.0464783e+00   3.0501263e+00   3.0534403e+00   3.0562465e+00   3.0584829e+00   3.0600965e+00   3.0610697e+00   3.0614288e+00   3.0612447e+00   3.0606213e+00   3.0595787e+00   3.0581744e+00   3.0564716e+00   3.0544789e+00   3.0522463e+00   3.0497916e+00   3.0471704e+00   3.0443811e+00   3.0414326e+00   3.0383809e+00   3.0352161e+00   3.0319502e+00   3.0285835e+00   3.0251570e+00   3.0216846e+00   3.0181561e+00   3.0145829e+00   3.0110228e+00   3.0074599e+00   3.0038712e+00   3.0002897e+00   2.9967635e+00   2.9933064e+00   2.9898760e+00   2.9864986e+00   2.9831707e+00   2.9798687e+00   2.9765596e+00
   3.0612860e+00   3.0581267e+00   3.0549450e+00   3.0517519e+00   3.0485401e+00   3.0453336e+00   3.0421417e+00   3.0390236e+00   3.0359027e+00   3.0328052e+00   3.0297568e+00   3.0267773e+00   3.0238750e+00   3.0210407e+00   3.0182717e+00   3.0156405e+00   3.0131094e+00   3.0107043e+00   3.0084181e+00   3.0062571e+00   3.0042384e+00   3.0023353e+00   3.0005417e+00   2.9988606e+00   2.9972498e+00   2.9957054e+00   2.9942110e+00   2.9927204e+00   2.9912207e+00   2.9896104e+00   2.9878409e+00   2.9858844e+00   2.9836972e+00   2.9813130e+00   2.9787028e+00   2.9758720e+00   2.9728334e+00   2.9696391e+00   2.9663455e+00   2.9630508e+00   2.9597800e+00   2.9565442e+00   2.9533055e+00   2.9501083e+00   2.9470806e+00   2.9443932e+00   2.9420502e+00   2.9399824e+00   2.9381971e+00   2.9368112e+00   2.9359674e+00   2.9356716e+00   2.9358912e+00   2.9366055e+00   2.9377673e+00   2.9393275e+00   2.9412677e+00   2.9435461e+00   2.9461381e+00   2.9490385e+00   2.9521904e+00   2.9554999e+00   2.9588020e+00   2.9619286e+00   2.9647944e+00   2.9672253e+00   2.9691446e+00   2.9704568e+00   2.9711926e+00   2.9713867e+00   2.9710941e+00   2.9703677e+00   2.9692659e+00   2.9678333e+00   2.9661398e+00   2.9641764e+00   2.9619825e+00   2.9595740e+00   2.9569845e+00   2.9542472e+00   2.9513741e+00   2.9484088e+00   2.9453318e+00   2.9421415e+00   2.9388542e+00   2.9354954e+00   2.9320936e+00   2.9286411e+00   2.9251270e+00   2.9215755e+00   2.9180269e+00   2.9144688e+00   2.9109280e+00   2.9073944e+00   2.9039128e+00   2.9005089e+00   2.8971388e+00   2.8938046e+00   2.8904507e+00   2.8871343e+00
   3.3436763e+00   3.3397787e+00   3.3358376e+00   3.3318932e+00   3.3279629e+00   3.3240404e+00   3.3201892e+00   3.3164151e+00   3.3126938e+00   3.3089972e+00   3.3053639e+00   3.3018198e+00   3.2983844e+00   3.2950280e+00   3.2918036e+00   3.2887876e+00   3.2859323e+00   3.2832451e+00   3.2807319e+00   3.2783473e+00   3.2761452e+00   3.2740879e+00   3.2722082e+00   3.2704754e+00   3.2688293e+00   3.2672460e+00   3.2657411e+00   3.2642555e+00   3.2627106e+00   3.2610369e+00   3.2591887e+00   3.2570837e+00   3.2547123e+00   3.2519906e+00   3.2489884e+00   3.2457125e+00   3.2422028e+00   3.2384932e+00   3.2346516e+00   3.2307947e+00   3.2269344e+00   3.2230575e+00   3.2191784e+00   3.2153902e+00   3.2118609e+00   3.2087555e+00   3.2060587e+00   3.2037570e+00   3.2018764e+00   3.2005651e+00   3.1998985e+00   3.1999226e+00   3.2006085e+00   3.2019415e+00   3.2038517e+00   3.2062671e+00   3.2091372e+00   3.2124386e+00   3.2161400e+00   3.2201862e+00   3.2244911e+00   3.2289269e+00   3.2332973e+00   3.2374380e+00   3.2411892e+00   3.2443841e+00   3.2469101e+00   3.2486756e+00   3.2497416e+00   3.2501051e+00   3.2498558e+00   3.2490814e+00   3.2478759e+00   3.2463312e+00   3.2444036e+00   3.2421474e+00   3.2396231e+00   3.2368498e+00   3.2338693e+00   3.2306597e+00   3.2273443e+00   3.2239294e+00   3.2203772e+00   3.2166927e+00   3.2128747e+00   3.2090092e+00   3.2050455e+00   3.2010529e+00   3.1970284e+00   3.1930017e+00   3.1889427e+00   3.1848404e+00   3.1807983e+00   3.1767752e+00   3.1728208e+00   3.1689255e+00   3.1651201e+00   3.1613781e+00   3.1575842e+00   3.1538498e+00
   3.1220071e+00   3.1186666e+00   3.1153133e+00   3.1119907e+00   3.1087103e+00   3.1054389e+00   3.1021860e+00   3.0989778e+00   3.0958335e+00   3.0927303e+00   3.0896809e+00   3.0866921e+00   3.0837638e+00   3.0809281e+00   3.0781863e+00   3.0755758e+00   3.0730972e+00   3.0707328e+00   3.0685205e+00   3.0664673e+00   3.0645542e+00   3.0627966e+00   3.0611343e+00   3.0595758e+00   3.0581074e+00   3.0566952e+00   3.0553334e+00   3.0539799e+00   3.0525894e+00   3.0511217e+00   3.0495064e+00   3.0477111e+00   3.0456650e+00   3.0433495e+00   3.0407867e+00   3.0379734e+00   3.0349643e+00   3.0317850e+00   3.0284960e+00   3.0252209e+00   3.0219424e+00   3.0186298e+00   3.0152836e+00   3.0119789e+00   3.0089300e+00   3.0062287e+00   3.0038669e+00   3.0017958e+00   3.0000401e+00   2.9987144e+00   2.9979322e+00   2.9977500e+00   2.9981563e+00   2.9990835e+00   3.0004809e+00   3.0023336e+00   3.0046237e+00   3.0072935e+00   3.0102751e+00   3.0135643e+00   3.0171280e+00   3.0208626e+00   3.0246096e+00   3.0282259e+00   3.0314906e+00   3.0342700e+00   3.0364437e+00   3.0380085e+00   3.0389392e+00   3.0392382e+00   3.0390215e+00   3.0383694e+00   3.0373383e+00   3.0359256e+00   3.0341761e+00   3.0321414e+00   3.0298636e+00   3.0273857e+00   3.0247192e+00   3.0218792e+00   3.0188801e+00   3.0157793e+00   3.0125792e+00   3.0092990e+00   3.0058842e+00   3.0023339e+00   2.9987686e+00   2.9951890e+00   2.9915867e+00   2.9879036e+00   2.9841938e+00   2.9805219e+00   2.9768813e+00   2.9732907e+00   2.9697227e+00   2.9661601e+00   2.9626596e+00   2.9592612e+00   2.9558620e+00   2.9524009e+00
   3.1387479e+00   3.1349323e+00   3.1311114e+00   3.1273022e+00   3.1234696e+00   3.1196547e+00   3.1158836e+00   3.1122200e+00   3.1086361e+00   3.1051142e+00   3.1016381e+00   3.0982141e+00   3.0948937e+00   3.0916615e+00   3.0885403e+00   3.0855668e+00   3.0827563e+00   3.0801127e+00   3.0776298e+00   3.0752928e+00   3.0731068e+00   3.0710392e+00   3.0691109e+00   3.0673263e+00   3.0656445e+00   3.0640233e+00   3.0624523e+00   3.0609009e+00   3.0593283e+00   3.0576296e+00   3.0557392e+00   3.0536454e+00   3.0513155e+00   3.0487273e+00   3.0458746e+00   3.0427790e+00   3.0394728e+00   3.0360167e+00   3.0325050e+00   3.0289772e+00   3.0254476e+00   3.0218861e+00   3.0182807e+00   3.0147727e+00   3.0115433e+00   3.0087287e+00   3.0062878e+00   3.0041332e+00   3.0023327e+00   3.0010250e+00   3.0003307e+00   3.0002592e+00   3.0007813e+00   3.0018466e+00   3.0033939e+00   3.0054026e+00   3.0078175e+00   3.0106213e+00   3.0137875e+00   3.0172675e+00   3.0210028e+00   3.0248463e+00   3.0286667e+00   3.0322735e+00   3.0354900e+00   3.0381796e+00   3.0402765e+00   3.0417054e+00   3.0425150e+00   3.0427036e+00   3.0423737e+00   3.0415752e+00   3.0403898e+00   3.0388556e+00   3.0369928e+00   3.0348911e+00   3.0325158e+00   3.0299246e+00   3.0271432e+00   3.0242178e+00   3.0211670e+00   3.0179901e+00   3.0147049e+00   3.0113132e+00   3.0078297e+00   3.0042629e+00   3.0006759e+00   2.9970348e+00   2.9933453e+00   2.9896355e+00   2.9859459e+00   2.9822693e+00   2.9785817e+00   2.9749260e+00   2.9713423e+00   2.9678395e+00   2.9643660e+00   2.9609461e+00   2.9575484e+00   2.9541254e+00
   2.9607723e+00   2.9580276e+00   2.9552505e+00   2.9524357e+00   2.9496143e+00   2.9467974e+00   2.9439738e+00   2.9411857e+00   2.9384301e+00   2.9357116e+00   2.9330187e+00   2.9303329e+00   2.9276779e+00   2.9250815e+00   2.9225910e+00   2.9201505e+00   2.9178035e+00   2.9155376e+00   2.9133797e+00   2.9113300e+00   2.9093792e+00   2.9075260e+00   2.9057646e+00   2.9040680e+00   2.9024432e+00   2.9008675e+00   2.8993454e+00   2.8978484e+00   2.8963115e+00   2.8946991e+00   2.8929780e+00   2.8910906e+00   2.8890355e+00   2.8867996e+00   2.8843729e+00   2.8818007e+00   2.8790853e+00   2.8762782e+00   2.8734121e+00   2.8705471e+00   2.8677161e+00   2.8648808e+00   2.8619976e+00   2.8591156e+00   2.8563902e+00   2.8540080e+00   2.8519001e+00   2.8500025e+00   2.8483069e+00   2.8469553e+00   2.8460503e+00   2.8455591e+00   2.8454885e+00   2.8458087e+00   2.8464906e+00   2.8474751e+00   2.8487463e+00   2.8503311e+00   2.8521793e+00   2.8542488e+00   2.8565152e+00   2.8588865e+00   2.8612397e+00   2.8634424e+00   2.8653767e+00   2.8669930e+00   2.8681927e+00   2.8689404e+00   2.8692358e+00   2.8691146e+00   2.8686001e+00   2.8677504e+00   2.8666146e+00   2.8652356e+00   2.8636367e+00   2.8618329e+00   2.8598588e+00   2.8577375e+00   2.8554916e+00   2.8531446e+00   2.8506982e+00   2.8481753e+00   2.8455770e+00   2.8428824e+00   2.8401449e+00   2.8373473e+00   2.8345120e+00   2.8316219e+00   2.8287208e+00   2.8258188e+00   2.8228960e+00   2.8199711e+00   2.8170469e+00   2.8141415e+00   2.8112566e+00   2.8084345e+00   2.8056412e+00   2.8028717e+00   2.8000889e+00   2.7973130e+00
   2.9888256e+00   2.9850228e+00   2.9812462e+00   2.9775617e+00   2.9739189e+00   2.9703305e+00   2.9667671e+00   2.9632084e+00   2.9597080e+00   2.9562740e+00   2.9529383e+00   2.9497147e+00   2.9465559e+00   2.9434977e+00   2.9405718e+00   2.9377489e+00   2.9350414e+00   2.9324877e+00   2.9301217e+00   2.9279640e+00   2.9259684e+00   2.9241059e+00   2.9223578e+00   2.9207134e+00   2.9191639e+00   2.9177380e+00   2.9163888e+00   2.9151251e+00   2.9138470e+00   2.9125223e+00   2.9110575e+00   2.9093578e+00   2.9073887e+00   2.9051151e+00   2.9025898e+00   2.8998497e+00   2.8968790e+00   2.8937047e+00   2.8903573e+00   2.8869343e+00   2.8834889e+00   2.8800328e+00   2.8765659e+00   2.8731163e+00   2.8698566e+00   2.8668983e+00   2.8642654e+00   2.8619282e+00   2.8599072e+00   2.8583305e+00   2.8572986e+00   2.8568487e+00   2.8570213e+00   2.8578293e+00   2.8591926e+00   2.8610179e+00   2.8632462e+00   2.8658829e+00   2.8689425e+00   2.8724134e+00   2.8762281e+00   2.8802645e+00   2.8843689e+00   2.8883507e+00   2.8920562e+00   2.8953135e+00   2.8979766e+00   2.8999417e+00   2.9012136e+00   2.9018333e+00   2.9018524e+00   2.9013317e+00   2.9003241e+00   2.8989055e+00   2.8971405e+00   2.8950675e+00   2.8927348e+00   2.8901882e+00   2.8874142e+00   2.8844414e+00   2.8813095e+00   2.8780289e+00   2.8746359e+00   2.8711264e+00   2.8675258e+00   2.8638003e+00   2.8599641e+00   2.8560381e+00   2.8520632e+00   2.8480885e+00   2.8440933e+00   2.8400919e+00   2.8360903e+00   2.8321173e+00   2.8281679e+00   2.8242486e+00   2.8203640e+00   2.8165646e+00   2.8128574e+00   2.8091800e+00
   3.0620406e+00   3.0592458e+00   3.0564487e+00   3.0536928e+00   3.0509415e+00   3.0482028e+00   3.0454547e+00   3.0427029e+00   3.0400021e+00   3.0373363e+00   3.0347118e+00   3.0321541e+00   3.0296822e+00   3.0272818e+00   3.0249612e+00   3.0227070e+00   3.0205719e+00   3.0185528e+00   3.0166357e+00   3.0148447e+00   3.0131989e+00   3.0116711e+00   3.0102234e+00   3.0088265e+00   3.0075042e+00   3.0062416e+00   3.0050421e+00   3.0038452e+00   3.0026166e+00   3.0013034e+00   2.9998400e+00   2.9981964e+00   2.9962680e+00   2.9941177e+00   2.9917653e+00   2.9892266e+00   2.9865158e+00   2.9836466e+00   2.9807212e+00   2.9777870e+00   2.9748471e+00   2.9718926e+00   2.9688969e+00   2.9659774e+00   2.9632511e+00   2.9608431e+00   2.9587584e+00   2.9569066e+00   2.9553196e+00   2.9541216e+00   2.9534276e+00   2.9532788e+00   2.9536154e+00   2.9544208e+00   2.9556458e+00   2.9572518e+00   2.9591978e+00   2.9614811e+00   2.9640903e+00   2.9670131e+00   2.9701674e+00   2.9734414e+00   2.9766929e+00   2.9797688e+00   2.9825256e+00   2.9848289e+00   2.9866159e+00   2.9878461e+00   2.9885113e+00   2.9886379e+00   2.9882843e+00   2.9875247e+00   2.9863961e+00   2.9849513e+00   2.9832315e+00   2.9812546e+00   2.9790545e+00   2.9766572e+00   2.9741013e+00   2.9714158e+00   2.9686034e+00   2.9656770e+00   2.9626548e+00   2.9595602e+00   2.9563792e+00   2.9531186e+00   2.9498005e+00   2.9464436e+00   2.9430726e+00   2.9396827e+00   2.9362786e+00   2.9328883e+00   2.9295132e+00   2.9261959e+00   2.9228814e+00   2.9196024e+00   2.9163845e+00   2.9132011e+00   2.9100697e+00   2.9069417e+00
   3.2951708e+00   3.2914307e+00   3.2876711e+00   3.2838681e+00   3.2800682e+00   3.2762718e+00   3.2725441e+00   3.2688572e+00   3.2652223e+00   3.2615979e+00   3.2580435e+00   3.2545917e+00   3.2512360e+00   3.2479575e+00   3.2447720e+00   3.2417314e+00   3.2388418e+00   3.2360728e+00   3.2335157e+00   3.2311161e+00   3.2288969e+00   3.2268279e+00   3.2248542e+00   3.2230206e+00   3.2212918e+00   3.2196112e+00   3.2179763e+00   3.2163484e+00   3.2146924e+00   3.2129309e+00   3.2110004e+00   3.2088289e+00   3.2063935e+00   3.2036848e+00   3.2006981e+00   3.1974771e+00   3.1940184e+00   3.1903970e+00   3.1866989e+00   3.1829853e+00   3.1792562e+00   3.1754751e+00   3.1716878e+00   3.1680291e+00   3.1646545e+00   3.1616666e+00   3.1590176e+00   3.1567008e+00   3.1547725e+00   3.1533499e+00   3.1525221e+00   3.1523304e+00   3.1527624e+00   3.1537998e+00   3.1553478e+00   3.1573408e+00   3.1597538e+00   3.1625490e+00   3.1657069e+00   3.1691887e+00   3.1729116e+00   3.1767724e+00   3.1805794e+00   3.1841908e+00   3.1874678e+00   3.1902325e+00   3.1923618e+00   3.1938219e+00   3.1946316e+00   3.1948416e+00   3.1945028e+00   3.1936750e+00   3.1924458e+00   3.1908491e+00   3.1889210e+00   3.1867378e+00   3.1843262e+00   3.1817074e+00   3.1788766e+00   3.1758907e+00   3.1727638e+00   3.1695385e+00   3.1661828e+00   3.1627195e+00   3.1592035e+00   3.1555979e+00   3.1519182e+00   3.1481893e+00   3.1444538e+00   3.1406918e+00   3.1369030e+00   3.1331155e+00   3.1293724e+00   3.1256688e+00   3.1220226e+00   3.1184285e+00   3.1148980e+00   3.1114042e+00   3.1079235e+00   3.1044552e+00
   2.9487658e+00   2.9458427e+00   2.9428940e+00   2.9399459e+00   2.9369805e+00   2.9340334e+00   2.9311092e+00   2.9282157e+00   2.9253466e+00   2.9224939e+00   2.9196837e+00   2.9169171e+00   2.9142208e+00   2.9115810e+00   2.9090271e+00   2.9065554e+00   2.9042079e+00   2.9019756e+00   2.8998559e+00   2.8978460e+00   2.8959494e+00   2.8941739e+00   2.8925183e+00   2.8909140e+00   2.8893821e+00   2.8879013e+00   2.8864841e+00   2.8851044e+00   2.8837087e+00   2.8822222e+00   2.8805857e+00   2.8787525e+00   2.8767166e+00   2.8744812e+00   2.8720341e+00   2.8693836e+00   2.8665726e+00   2.8636658e+00   2.8606880e+00   2.8576729e+00   2.8546269e+00   2.8515720e+00   2.8485081e+00   2.8455105e+00   2.8426971e+00   2.8402021e+00   2.8380182e+00   2.8360765e+00   2.8343966e+00   2.8330679e+00   2.8322334e+00   2.8318920e+00   2.8320396e+00   2.8326490e+00   2.8336685e+00   2.8350449e+00   2.8367546e+00   2.8388016e+00   2.8411782e+00   2.8438485e+00   2.8467600e+00   2.8498087e+00   2.8528454e+00   2.8557281e+00   2.8583221e+00   2.8605249e+00   2.8622301e+00   2.8633912e+00   2.8640110e+00   2.8641603e+00   2.8638763e+00   2.8631821e+00   2.8621461e+00   2.8608093e+00   2.8591926e+00   2.8573310e+00   2.8552666e+00   2.8530433e+00   2.8506660e+00   2.8481605e+00   2.8455384e+00   2.8428094e+00   2.8399580e+00   2.8370123e+00   2.8340027e+00   2.8309624e+00   2.8278754e+00   2.8247261e+00   2.8215463e+00   2.8183453e+00   2.8151464e+00   2.8119497e+00   2.8087769e+00   2.8056459e+00   2.8025391e+00   2.7994912e+00   2.7964878e+00   2.7935076e+00   2.7905416e+00   2.7875900e+00
   2.9537957e+00   2.9510174e+00   2.9482048e+00   2.9453704e+00   2.9425199e+00   2.9396431e+00   2.9367533e+00   2.9338987e+00   2.9310770e+00   2.9282987e+00   2.9255238e+00   2.9227724e+00   2.9200947e+00   2.9174633e+00   2.9149110e+00   2.9124234e+00   2.9100125e+00   2.9076970e+00   2.9054747e+00   2.9033604e+00   2.9013588e+00   2.8994293e+00   2.8975983e+00   2.8958461e+00   2.8941410e+00   2.8924720e+00   2.8908310e+00   2.8892021e+00   2.8875370e+00   2.8857927e+00   2.8839264e+00   2.8819373e+00   2.8797863e+00   2.8774765e+00   2.8750105e+00   2.8723810e+00   2.8696191e+00   2.8667793e+00   2.8639190e+00   2.8610971e+00   2.8582611e+00   2.8553607e+00   2.8524292e+00   2.8495791e+00   2.8469574e+00   2.8446424e+00   2.8425782e+00   2.8407109e+00   2.8390503e+00   2.8377421e+00   2.8368599e+00   2.8364170e+00   2.8363483e+00   2.8366516e+00   2.8372962e+00   2.8382714e+00   2.8395395e+00   2.8410721e+00   2.8428829e+00   2.8449266e+00   2.8471372e+00   2.8494110e+00   2.8516636e+00   2.8537996e+00   2.8557036e+00   2.8572578e+00   2.8584092e+00   2.8590968e+00   2.8593276e+00   2.8591537e+00   2.8586330e+00   2.8578205e+00   2.8567536e+00   2.8554554e+00   2.8539302e+00   2.8522084e+00   2.8503103e+00   2.8482659e+00   2.8461189e+00   2.8438635e+00   2.8415394e+00   2.8391514e+00   2.8367016e+00   2.8341935e+00   2.8315914e+00   2.8289306e+00   2.8262508e+00   2.8235455e+00   2.8208373e+00   2.8181102e+00   2.8153827e+00   2.8126619e+00   2.8099706e+00   2.8073337e+00   2.8047292e+00   2.8021677e+00   2.7996395e+00   2.7971365e+00   2.7945993e+00   2.7920494e+00
   2.8186810e+00   2.8162653e+00   2.8137970e+00   2.8113053e+00   2.8088367e+00   2.8063672e+00   2.8039124e+00   2.8014576e+00   2.7989864e+00   2.7965376e+00   2.7940962e+00   2.7916625e+00   2.7892809e+00   2.7869508e+00   2.7846985e+00   2.7824719e+00   2.7802956e+00   2.7781982e+00   2.7761993e+00   2.7742834e+00   2.7724617e+00   2.7707198e+00   2.7690609e+00   2.7674429e+00   2.7658567e+00   2.7642937e+00   2.7627945e+00   2.7613173e+00   2.7598283e+00   2.7582777e+00   2.7566335e+00   2.7548778e+00   2.7529862e+00   2.7509413e+00   2.7487774e+00   2.7464859e+00   2.7441165e+00   2.7416923e+00   2.7392406e+00   2.7368050e+00   2.7343519e+00   2.7318535e+00   2.7293150e+00   2.7268255e+00   2.7245224e+00   2.7224731e+00   2.7206545e+00   2.7189877e+00   2.7174902e+00   2.7162468e+00   2.7153265e+00   2.7147362e+00   2.7144718e+00   2.7145126e+00   2.7148554e+00   2.7154503e+00   2.7162697e+00   2.7173140e+00   2.7185631e+00   2.7199917e+00   2.7215769e+00   2.7232473e+00   2.7249222e+00   2.7264988e+00   2.7278836e+00   2.7290173e+00   2.7298253e+00   2.7302916e+00   2.7304039e+00   2.7301929e+00   2.7297182e+00   2.7289896e+00   2.7280447e+00   2.7269065e+00   2.7255981e+00   2.7241447e+00   2.7225380e+00   2.7208226e+00   2.7190325e+00   2.7171504e+00   2.7152131e+00   2.7131975e+00   2.7110937e+00   2.7089260e+00   2.7067235e+00   2.7045164e+00   2.7022812e+00   2.7000091e+00   2.6977165e+00   2.6954069e+00   2.6930926e+00   2.6907866e+00   2.6885021e+00   2.6862299e+00   2.6840019e+00   2.6818039e+00   2.6796334e+00   2.6774724e+00   2.6752980e+00   2.6731327e+00
   2.9781187e+00   2.9752433e+00   2.9723823e+00   2.9695404e+00   2.9667265e+00   2.9639556e+00   2.9612172e+00   2.9585145e+00   2.9558218e+00   2.9531415e+00   2.9505281e+00   2.9480164e+00   2.9456451e+00   2.9433606e+00   2.9411595e+00   2.9390430e+00   2.9370224e+00   2.9351261e+00   2.9333928e+00   2.9318192e+00   2.9304097e+00   2.9291344e+00   2.9279671e+00   2.9268844e+00   2.9258423e+00   2.9248507e+00   2.9239290e+00   2.9230511e+00   2.9221678e+00   2.9211769e+00   2.9200027e+00   2.9186106e+00   2.9169576e+00   2.9150727e+00   2.9129572e+00   2.9106262e+00   2.9081089e+00   2.9054644e+00   2.9027331e+00   2.8999665e+00   2.8971462e+00   2.8942432e+00   2.8913260e+00   2.8885212e+00   2.8859866e+00   2.8837945e+00   2.8819115e+00   2.8803186e+00   2.8790138e+00   2.8781054e+00   2.8776982e+00   2.8778660e+00   2.8786087e+00   2.8798990e+00   2.8816748e+00   2.8838413e+00   2.8863802e+00   2.8892443e+00   2.8924606e+00   2.8960264e+00   2.8998439e+00   2.9038143e+00   2.9077656e+00   2.9115841e+00   2.9150791e+00   2.9180992e+00   2.9205410e+00   2.9223673e+00   2.9236031e+00   2.9242811e+00   2.9244564e+00   2.9241514e+00   2.9234378e+00   2.9223483e+00   2.9209633e+00   2.9193134e+00   2.9174573e+00   2.9154241e+00   2.9132206e+00   2.9108269e+00   2.9082451e+00   2.9055328e+00   2.9027278e+00   2.8998516e+00   2.8968983e+00   2.8938749e+00   2.8908045e+00   2.8876591e+00   2.8844597e+00   2.8811891e+00   2.8779018e+00   2.8746617e+00   2.8714592e+00   2.8682873e+00   2.8651192e+00   2.8619823e+00   2.8588941e+00   2.8558493e+00   2.8528111e+00   2.8497860e+00
   2.8803513e+00   2.8777730e+00   2.8751748e+00   2.8725474e+00   2.8699119e+00   2.8672962e+00   2.8647087e+00   2.8621204e+00   2.8595383e+00   2.8569643e+00   2.8544137e+00   2.8519382e+00   2.8494987e+00   2.8471127e+00   2.8447807e+00   2.8425121e+00   2.8403423e+00   2.8382673e+00   2.8362770e+00   2.8344128e+00   2.8326395e+00   2.8309376e+00   2.8292916e+00   2.8277073e+00   2.8261883e+00   2.8246934e+00   2.8232372e+00   2.8218067e+00   2.8203690e+00   2.8188636e+00   2.8172333e+00   2.8154802e+00   2.8135531e+00   2.8114738e+00   2.8092473e+00   2.8069079e+00   2.8044765e+00   2.8019657e+00   2.7994306e+00   2.7968874e+00   2.7943134e+00   2.7916911e+00   2.7890282e+00   2.7864542e+00   2.7840679e+00   2.7819421e+00   2.7800694e+00   2.7783597e+00   2.7768657e+00   2.7756643e+00   2.7748368e+00   2.7744093e+00   2.7743614e+00   2.7746766e+00   2.7753060e+00   2.7762194e+00   2.7773952e+00   2.7788422e+00   2.7805157e+00   2.7823944e+00   2.7844400e+00   2.7865980e+00   2.7887192e+00   2.7907174e+00   2.7924778e+00   2.7939527e+00   2.7950408e+00   2.7957058e+00   2.7959788e+00   2.7958965e+00   2.7955015e+00   2.7948039e+00   2.7938349e+00   2.7926226e+00   2.7912180e+00   2.7896783e+00   2.7880123e+00   2.7862046e+00   2.7842844e+00   2.7822714e+00   2.7801850e+00   2.7780068e+00   2.7757721e+00   2.7734659e+00   2.7710896e+00   2.7686775e+00   2.7662420e+00   2.7638075e+00   2.7613347e+00   2.7588470e+00   2.7563412e+00   2.7538564e+00   2.7513955e+00   2.7489765e+00   2.7465620e+00   2.7441635e+00   2.7417984e+00   2.7394726e+00   2.7371643e+00   2.7348330e+00
   3.0514109e+00   3.0485427e+00   3.0456450e+00   3.0427339e+00   3.0398312e+00   3.0369339e+00   3.0340188e+00   3.0311291e+00   3.0282819e+00   3.0254698e+00   3.0227077e+00   3.0199623e+00   3.0172577e+00   3.0146410e+00   3.0120952e+00   3.0096495e+00   3.0073016e+00   3.0050631e+00   3.0029850e+00   3.0010128e+00   2.9991310e+00   2.9973497e+00   2.9956532e+00   2.9940698e+00   2.9925690e+00   2.9910898e+00   2.9896538e+00   2.9882457e+00   2.9867933e+00   2.9852793e+00   2.9835796e+00   2.9817104e+00   2.9796317e+00   2.9773304e+00   2.9748194e+00   2.9721124e+00   2.9692419e+00   2.9662673e+00   2.9632218e+00   2.9601526e+00   2.9570751e+00   2.9539909e+00   2.9508808e+00   2.9478436e+00   2.9450157e+00   2.9425154e+00   2.9403245e+00   2.9383919e+00   2.9367421e+00   2.9355090e+00   2.9347572e+00   2.9345000e+00   2.9347045e+00   2.9353743e+00   2.9364707e+00   2.9379432e+00   2.9397202e+00   2.9418318e+00   2.9442322e+00   2.9469063e+00   2.9497664e+00   2.9527199e+00   2.9556637e+00   2.9584491e+00   2.9609025e+00   2.9629285e+00   2.9644594e+00   2.9654658e+00   2.9659364e+00   2.9658992e+00   2.9654472e+00   2.9646175e+00   2.9634702e+00   2.9620390e+00   2.9603584e+00   2.9584301e+00   2.9562986e+00   2.9540150e+00   2.9515858e+00   2.9490473e+00   2.9463806e+00   2.9436104e+00   2.9407184e+00   2.9377420e+00   2.9346840e+00   2.9315748e+00   2.9284198e+00   2.9252396e+00   2.9220266e+00   2.9187744e+00   2.9155340e+00   2.9122894e+00   2.9090612e+00   2.9058514e+00   2.9026892e+00   2.8995953e+00   2.8965504e+00   2.8935015e+00   2.8904574e+00   2.8874149e+00
   3.0825007e+00   3.0793571e+00   3.0762050e+00   3.0730336e+00   3.0698841e+00   3.0667572e+00   3.0636570e+00   3.0605755e+00   3.0575273e+00   3.0545237e+00   3.0515721e+00   3.0486689e+00   3.0458362e+00   3.0430832e+00   3.0404384e+00   3.0378830e+00   3.0354526e+00   3.0331612e+00   3.0309956e+00   3.0289910e+00   3.0271084e+00   3.0253403e+00   3.0236704e+00   3.0220928e+00   3.0206072e+00   3.0192192e+00   3.0178452e+00   3.0164917e+00   3.0151165e+00   3.0136471e+00   3.0120144e+00   3.0101593e+00   3.0080698e+00   3.0057535e+00   3.0032084e+00   3.0004466e+00   2.9974811e+00   2.9943597e+00   2.9911671e+00   2.9879377e+00   2.9846985e+00   2.9814329e+00   2.9781473e+00   2.9749677e+00   2.9720094e+00   2.9693909e+00   2.9671113e+00   2.9651184e+00   2.9634345e+00   2.9621799e+00   2.9614499e+00   2.9612656e+00   2.9616525e+00   2.9625723e+00   2.9639695e+00   2.9657593e+00   2.9679034e+00   2.9704025e+00   2.9732397e+00   2.9763815e+00   2.9797595e+00   2.9832697e+00   2.9867506e+00   2.9900672e+00   2.9930484e+00   2.9955337e+00   2.9974556e+00   2.9987803e+00   2.9995387e+00   2.9997387e+00   2.9994347e+00   2.9986734e+00   2.9975567e+00   2.9961109e+00   2.9943635e+00   2.9923439e+00   2.9901097e+00   2.9877217e+00   2.9851303e+00   2.9823682e+00   2.9794769e+00   2.9764740e+00   2.9733591e+00   2.9701464e+00   2.9668522e+00   2.9634953e+00   2.9600894e+00   2.9566364e+00   2.9531219e+00   2.9495678e+00   2.9460125e+00   2.9424839e+00   2.9389677e+00   2.9354789e+00   2.9320478e+00   2.9286568e+00   2.9252770e+00   2.9219019e+00   2.9185677e+00   2.9152641e+00
   3.0503712e+00   3.0472219e+00   3.0440624e+00   3.0409119e+00   3.0377893e+00   3.0346680e+00   3.0315573e+00   3.0284691e+00   3.0254109e+00   3.0223982e+00   3.0194385e+00   3.0165489e+00   3.0137136e+00   3.0109446e+00   3.0082786e+00   3.0057144e+00   3.0032532e+00   3.0009239e+00   2.9987414e+00   2.9967039e+00   2.9947827e+00   2.9929695e+00   2.9912739e+00   2.9896851e+00   2.9881732e+00   2.9867175e+00   2.9853048e+00   2.9839180e+00   2.9824991e+00   2.9809663e+00   2.9792776e+00   2.9774015e+00   2.9753010e+00   2.9729593e+00   2.9703786e+00   2.9675820e+00   2.9646065e+00   2.9614954e+00   2.9583104e+00   2.9550960e+00   2.9518893e+00   2.9486721e+00   2.9454606e+00   2.9423094e+00   2.9393842e+00   2.9367850e+00   2.9345255e+00   2.9325206e+00   2.9307969e+00   2.9295037e+00   2.9287395e+00   2.9285152e+00   2.9288082e+00   2.9295902e+00   2.9308331e+00   2.9324715e+00   2.9344490e+00   2.9367571e+00   2.9393923e+00   2.9423313e+00   2.9454830e+00   2.9487364e+00   2.9519346e+00   2.9549339e+00   2.9576170e+00   2.9598839e+00   2.9616315e+00   2.9627864e+00   2.9633627e+00   2.9634111e+00   2.9629867e+00   2.9621613e+00   2.9609776e+00   2.9594851e+00   2.9577167e+00   2.9557273e+00   2.9535313e+00   2.9511511e+00   2.9486439e+00   2.9459822e+00   2.9432018e+00   2.9403150e+00   2.9373081e+00   2.9342184e+00   2.9310255e+00   2.9277735e+00   2.9244716e+00   2.9211218e+00   2.9177558e+00   2.9143479e+00   2.9109344e+00   2.9075177e+00   2.9041059e+00   2.9007194e+00   2.8973835e+00   2.8941019e+00   2.8908567e+00   2.8876264e+00   2.8844090e+00   2.8812368e+00
   3.2157433e+00   3.2125542e+00   3.2092960e+00   3.2059963e+00   3.2027037e+00   3.1993790e+00   3.1960461e+00   3.1927316e+00   3.1894181e+00   3.1861629e+00   3.1829338e+00   3.1797254e+00   3.1765554e+00   3.1734612e+00   3.1704371e+00   3.1675303e+00   3.1647227e+00   3.1620541e+00   3.1595116e+00   3.1570923e+00   3.1547792e+00   3.1525624e+00   3.1504335e+00   3.1483784e+00   3.1463964e+00   3.1445320e+00   3.1427250e+00   3.1408997e+00   3.1390235e+00   3.1370232e+00   3.1349046e+00   3.1326017e+00   3.1300793e+00   3.1273863e+00   3.1245167e+00   3.1214473e+00   3.1181965e+00   3.1148322e+00   3.1113937e+00   3.1079111e+00   3.1043718e+00   3.1008332e+00   3.0973413e+00   3.0939839e+00   3.0908394e+00   3.0879853e+00   3.0854499e+00   3.0831947e+00   3.0812538e+00   3.0797367e+00   3.0787013e+00   3.0781927e+00   3.0781577e+00   3.0786202e+00   3.0795069e+00   3.0807648e+00   3.0823829e+00   3.0843220e+00   3.0865610e+00   3.0890625e+00   3.0917728e+00   3.0946064e+00   3.0973823e+00   3.0999796e+00   3.1022816e+00   3.1041863e+00   3.1056278e+00   3.1065359e+00   3.1069233e+00   3.1068373e+00   3.1063194e+00   3.1054165e+00   3.1041515e+00   3.1026094e+00   3.1008272e+00   3.0988464e+00   3.0966492e+00   3.0942838e+00   3.0917656e+00   3.0891075e+00   3.0863359e+00   3.0834408e+00   3.0804799e+00   3.0774689e+00   3.0744133e+00   3.0712917e+00   3.0680821e+00   3.0648596e+00   3.0616255e+00   3.0583699e+00   3.0550792e+00   3.0517943e+00   3.0485430e+00   3.0453329e+00   3.0421400e+00   3.0389683e+00   3.0358651e+00   3.0327730e+00   3.0296767e+00   3.0265868e+00
   3.1649323e+00   3.1614659e+00   3.1579380e+00   3.1543543e+00   3.1508043e+00   3.1472836e+00   3.1438160e+00   3.1403611e+00   3.1369355e+00   3.1335557e+00   3.1302350e+00   3.1269627e+00   3.1237516e+00   3.1206200e+00   3.1176064e+00   3.1147182e+00   3.1119664e+00   3.1093330e+00   3.1068232e+00   3.1044807e+00   3.1022651e+00   3.1001780e+00   3.0981693e+00   3.0962722e+00   3.0944443e+00   3.0927048e+00   3.0909851e+00   3.0893052e+00   3.0875561e+00   3.0856647e+00   3.0835998e+00   3.0813484e+00   3.0788958e+00   3.0762036e+00   3.0732477e+00   3.0700972e+00   3.0667875e+00   3.0633631e+00   3.0599070e+00   3.0564358e+00   3.0529127e+00   3.0493281e+00   3.0457430e+00   3.0422928e+00   3.0391243e+00   3.0362997e+00   3.0338299e+00   3.0316296e+00   3.0297444e+00   3.0283210e+00   3.0274284e+00   3.0270939e+00   3.0272915e+00   3.0279777e+00   3.0291207e+00   3.0306542e+00   3.0325375e+00   3.0347645e+00   3.0372994e+00   3.0401382e+00   3.0431740e+00   3.0463104e+00   3.0493543e+00   3.0521870e+00   3.0546436e+00   3.0566390e+00   3.0581295e+00   3.0590565e+00   3.0594294e+00   3.0593183e+00   3.0587530e+00   3.0577757e+00   3.0564280e+00   3.0547531e+00   3.0528295e+00   3.0507052e+00   3.0483940e+00   3.0459051e+00   3.0432720e+00   3.0405242e+00   3.0376530e+00   3.0346375e+00   3.0315208e+00   3.0283468e+00   3.0251007e+00   3.0217927e+00   3.0184362e+00   3.0150001e+00   3.0115387e+00   3.0080554e+00   3.0046005e+00   3.0011845e+00   2.9977875e+00   2.9944260e+00   2.9910729e+00   2.9877570e+00   2.9844873e+00   2.9812648e+00   2.9780855e+00   2.9749215e+00
   2.8154371e+00   2.8131351e+00   2.8108082e+00   2.8085029e+00   2.8062153e+00   2.8039434e+00   2.8016901e+00   2.7994537e+00   2.7972434e+00   2.7950478e+00   2.7928667e+00   2.7907279e+00   2.7886550e+00   2.7866535e+00   2.7847278e+00   2.7829216e+00   2.7812042e+00   2.7795553e+00   2.7779968e+00   2.7765367e+00   2.7751853e+00   2.7739315e+00   2.7727547e+00   2.7716732e+00   2.7706499e+00   2.7696409e+00   2.7686539e+00   2.7676668e+00   2.7666700e+00   2.7656174e+00   2.7644444e+00   2.7631035e+00   2.7615616e+00   2.7598450e+00   2.7579753e+00   2.7559750e+00   2.7538459e+00   2.7516310e+00   2.7494004e+00   2.7471740e+00   2.7449195e+00   2.7425654e+00   2.7401245e+00   2.7377512e+00   2.7356377e+00   2.7338579e+00   2.7323411e+00   2.7310019e+00   2.7298603e+00   2.7290459e+00   2.7286441e+00   2.7286665e+00   2.7290814e+00   2.7298794e+00   2.7310336e+00   2.7325146e+00   2.7342880e+00   2.7363319e+00   2.7386398e+00   2.7411804e+00   2.7439175e+00   2.7467411e+00   2.7495461e+00   2.7522125e+00   2.7546337e+00   2.7566864e+00   2.7583020e+00   2.7594566e+00   2.7601767e+00   2.7604783e+00   2.7604058e+00   2.7600095e+00   2.7593200e+00   2.7583570e+00   2.7571623e+00   2.7557681e+00   2.7542074e+00   2.7524965e+00   2.7506735e+00   2.7487571e+00   2.7467320e+00   2.7445924e+00   2.7423642e+00   2.7400730e+00   2.7377212e+00   2.7353370e+00   2.7329264e+00   2.7304878e+00   2.7280121e+00   2.7255032e+00   2.7229998e+00   2.7205093e+00   2.7180226e+00   2.7155561e+00   2.7131433e+00   2.7107830e+00   2.7084415e+00   2.7060869e+00   2.7037208e+00   2.7013645e+00
   3.2813613e+00   3.2770119e+00   3.2726853e+00   3.2683809e+00   3.2641094e+00   3.2598782e+00   3.2556508e+00   3.2514842e+00   3.2474115e+00   3.2434590e+00   3.2395957e+00   3.2357969e+00   3.2320948e+00   3.2285011e+00   3.2250891e+00   3.2218456e+00   3.2187564e+00   3.2158489e+00   3.2131369e+00   3.2106497e+00   3.2083437e+00   3.2061880e+00   3.2041762e+00   3.2022972e+00   3.2005637e+00   3.1989319e+00   3.1973555e+00   3.1958425e+00   3.1942618e+00   3.1925428e+00   3.1906102e+00   3.1884241e+00   3.1859703e+00   3.1832283e+00   3.1801872e+00   3.1768811e+00   3.1733387e+00   3.1696289e+00   3.1658516e+00   3.1620500e+00   3.1582205e+00   3.1543865e+00   3.1505613e+00   3.1468780e+00   3.1434691e+00   3.1404717e+00   3.1378829e+00   3.1356795e+00   3.1338768e+00   3.1326149e+00   3.1320446e+00   3.1321919e+00   3.1330268e+00   3.1344957e+00   3.1365521e+00   3.1391125e+00   3.1421356e+00   3.1455669e+00   3.1494391e+00   3.1536732e+00   3.1581695e+00   3.1628020e+00   3.1673729e+00   3.1717424e+00   3.1756840e+00   3.1790419e+00   3.1816874e+00   3.1835816e+00   3.1847677e+00   3.1852586e+00   3.1851044e+00   3.1844158e+00   3.1832616e+00   3.1817064e+00   3.1797943e+00   3.1776230e+00   3.1751497e+00   3.1724291e+00   3.1695347e+00   3.1664689e+00   3.1632512e+00   3.1598547e+00   3.1563518e+00   3.1527443e+00   3.1489971e+00   3.1451950e+00   3.1413364e+00   3.1373978e+00   3.1334085e+00   3.1293952e+00   3.1253526e+00   3.1213465e+00   3.1173744e+00   3.1134613e+00   3.1095498e+00   3.1057241e+00   3.1020050e+00   3.0983162e+00   3.0946386e+00   3.0909510e+00
   3.2072566e+00   3.2038250e+00   3.2003872e+00   3.1969345e+00   3.1935031e+00   3.1901081e+00   3.1866996e+00   3.1832836e+00   3.1799247e+00   3.1766198e+00   3.1733949e+00   3.1702230e+00   3.1671131e+00   3.1641052e+00   3.1611617e+00   3.1583023e+00   3.1555741e+00   3.1530228e+00   3.1506119e+00   3.1483536e+00   3.1462336e+00   3.1442573e+00   3.1423924e+00   3.1406250e+00   3.1389506e+00   3.1373603e+00   3.1358101e+00   3.1342781e+00   3.1327116e+00   3.1309986e+00   3.1291292e+00   3.1270297e+00   3.1246922e+00   3.1220877e+00   3.1191881e+00   3.1160719e+00   3.1127853e+00   3.1093328e+00   3.1057670e+00   3.1021528e+00   3.0985146e+00   3.0949078e+00   3.0913002e+00   3.0877926e+00   3.0845740e+00   3.0816996e+00   3.0791619e+00   3.0769193e+00   3.0750189e+00   3.0736046e+00   3.0727243e+00   3.0724437e+00   3.0727940e+00   3.0737190e+00   3.0751238e+00   3.0769327e+00   3.0791140e+00   3.0816472e+00   3.0845120e+00   3.0876834e+00   3.0910883e+00   3.0945899e+00   3.0980327e+00   3.1012447e+00   3.1040573e+00   3.1063411e+00   3.1080167e+00   3.1090715e+00   3.1095600e+00   3.1094944e+00   3.1089067e+00   3.1078336e+00   3.1063797e+00   3.1045611e+00   3.1024506e+00   3.1001282e+00   3.0976276e+00   3.0949395e+00   3.0920517e+00   3.0890033e+00   3.0858090e+00   3.0824902e+00   3.0790730e+00   3.0756009e+00   3.0720823e+00   3.0684960e+00   3.0648820e+00   3.0612442e+00   3.0575507e+00   3.0538149e+00   3.0500548e+00   3.0463111e+00   3.0426085e+00   3.0389633e+00   3.0353653e+00   3.0318024e+00   3.0282629e+00   3.0247440e+00   3.0212517e+00   3.0178316e+00
   3.0840938e+00   3.0810242e+00   3.0779674e+00   3.0748813e+00   3.0717704e+00   3.0686800e+00   3.0656374e+00   3.0626171e+00   3.0596209e+00   3.0566509e+00   3.0537431e+00   3.0508938e+00   3.0480974e+00   3.0453556e+00   3.0426788e+00   3.0401289e+00   3.0377409e+00   3.0355127e+00   3.0334072e+00   3.0313766e+00   3.0294406e+00   3.0276062e+00   3.0258925e+00   3.0242853e+00   3.0227454e+00   3.0212705e+00   3.0198267e+00   3.0183961e+00   3.0169258e+00   3.0153313e+00   3.0135720e+00   3.0116146e+00   3.0094516e+00   3.0070899e+00   3.0045264e+00   3.0017688e+00   2.9988363e+00   2.9957917e+00   2.9926980e+00   2.9895935e+00   2.9864635e+00   2.9832668e+00   2.9800823e+00   2.9769936e+00   2.9741776e+00   2.9717007e+00   2.9695036e+00   2.9675872e+00   2.9659483e+00   2.9647338e+00   2.9640274e+00   2.9638233e+00   2.9641426e+00   2.9649296e+00   2.9661341e+00   2.9676781e+00   2.9695604e+00   2.9717884e+00   2.9743373e+00   2.9771576e+00   2.9801586e+00   2.9832239e+00   2.9862139e+00   2.9890175e+00   2.9914932e+00   2.9935257e+00   2.9950516e+00   2.9960525e+00   2.9965312e+00   2.9965236e+00   2.9960597e+00   2.9952192e+00   2.9940784e+00   2.9926660e+00   2.9910228e+00   2.9891243e+00   2.9870560e+00   2.9848220e+00   2.9824398e+00   2.9799271e+00   2.9773080e+00   2.9746120e+00   2.9718151e+00   2.9689348e+00   2.9660032e+00   2.9630229e+00   2.9599876e+00   2.9569094e+00   2.9537942e+00   2.9507046e+00   2.9476292e+00   2.9445722e+00   2.9415286e+00   2.9384763e+00   2.9354689e+00   2.9325216e+00   2.9296503e+00   2.9268048e+00   2.9239705e+00   2.9211340e+00
   3.2150707e+00   3.2118685e+00   3.2086070e+00   3.2053192e+00   3.2020454e+00   3.1987813e+00   3.1955464e+00   3.1923416e+00   3.1891372e+00   3.1859827e+00   3.1828520e+00   3.1797931e+00   3.1767862e+00   3.1738555e+00   3.1710341e+00   3.1683400e+00   3.1657925e+00   3.1633523e+00   3.1610172e+00   3.1588337e+00   3.1567886e+00   3.1548922e+00   3.1531270e+00   3.1514575e+00   3.1498635e+00   3.1483023e+00   3.1467962e+00   3.1453125e+00   3.1437874e+00   3.1421738e+00   3.1403792e+00   3.1383817e+00   3.1361053e+00   3.1335790e+00   3.1307952e+00   3.1277716e+00   3.1245584e+00   3.1212370e+00   3.1178386e+00   3.1144114e+00   3.1109304e+00   3.1073923e+00   3.1038377e+00   3.1004012e+00   3.0972168e+00   3.0943775e+00   3.0919116e+00   3.0897553e+00   3.0879357e+00   3.0865517e+00   3.0857136e+00   3.0854654e+00   3.0857995e+00   3.0867043e+00   3.0880852e+00   3.0899079e+00   3.0921247e+00   3.0947154e+00   3.0976541e+00   3.1008987e+00   3.1043761e+00   3.1080005e+00   3.1115716e+00   3.1149914e+00   3.1180890e+00   3.1207476e+00   3.1228077e+00   3.1241798e+00   3.1249335e+00   3.1251247e+00   3.1248188e+00   3.1240571e+00   3.1229315e+00   3.1214797e+00   3.1197021e+00   3.1176250e+00   3.1153049e+00   3.1127913e+00   3.1101131e+00   3.1073239e+00   3.1043928e+00   3.1013081e+00   3.0981159e+00   3.0948229e+00   3.0914795e+00   3.0880463e+00   3.0845573e+00   3.0810130e+00   3.0774400e+00   3.0738595e+00   3.0702829e+00   3.0666673e+00   3.0630312e+00   3.0594542e+00   3.0559533e+00   3.0525398e+00   3.0491340e+00   3.0457344e+00   3.0423706e+00   3.0390291e+00
   2.9887040e+00   2.9860084e+00   2.9832599e+00   2.9804599e+00   2.9776213e+00   2.9747765e+00   2.9719715e+00   2.9691696e+00   2.9663284e+00   2.9635003e+00   2.9606371e+00   2.9578114e+00   2.9550550e+00   2.9523621e+00   2.9497566e+00   2.9472170e+00   2.9447453e+00   2.9423714e+00   2.9400749e+00   2.9378788e+00   2.9357853e+00   2.9337714e+00   2.9318304e+00   2.9299433e+00   2.9280879e+00   2.9262733e+00   2.9244957e+00   2.9227295e+00   2.9209206e+00   2.9190104e+00   2.9169514e+00   2.9147604e+00   2.9124594e+00   2.9100344e+00   2.9074755e+00   2.9047890e+00   2.9019709e+00   2.8991277e+00   2.8962803e+00   2.8934488e+00   2.8906224e+00   2.8877153e+00   2.8847687e+00   2.8819439e+00   2.8793602e+00   2.8770635e+00   2.8749847e+00   2.8730679e+00   2.8713787e+00   2.8700416e+00   2.8690808e+00   2.8684978e+00   2.8682482e+00   2.8683357e+00   2.8687394e+00   2.8694170e+00   2.8703625e+00   2.8715792e+00   2.8730314e+00   2.8746727e+00   2.8764429e+00   2.8782609e+00   2.8800364e+00   2.8816583e+00   2.8830421e+00   2.8841279e+00   2.8848543e+00   2.8852177e+00   2.8851984e+00   2.8848560e+00   2.8842032e+00   2.8832684e+00   2.8820970e+00   2.8807364e+00   2.8792055e+00   2.8775194e+00   2.8757012e+00   2.8737814e+00   2.8717625e+00   2.8696480e+00   2.8674624e+00   2.8652070e+00   2.8628759e+00   2.8604958e+00   2.8580983e+00   2.8556702e+00   2.8532031e+00   2.8507092e+00   2.8482201e+00   2.8457260e+00   2.8432267e+00   2.8407390e+00   2.8382807e+00   2.8358929e+00   2.8335190e+00   2.8311503e+00   2.8288085e+00   2.8265018e+00   2.8242025e+00   2.8218720e+00
   2.9911530e+00   2.9881766e+00   2.9852016e+00   2.9822521e+00   2.9793384e+00   2.9763935e+00   2.9734352e+00   2.9704866e+00   2.9675658e+00   2.9646919e+00   2.9618776e+00   2.9590847e+00   2.9563587e+00   2.9537041e+00   2.9511383e+00   2.9486589e+00   2.9462869e+00   2.9440124e+00   2.9418526e+00   2.9398263e+00   2.9379013e+00   2.9360864e+00   2.9343660e+00   2.9326961e+00   2.9311192e+00   2.9296124e+00   2.9281652e+00   2.9267375e+00   2.9252946e+00   2.9237595e+00   2.9220684e+00   2.9202201e+00   2.9182005e+00   2.9160030e+00   2.9136369e+00   2.9110892e+00   2.9084158e+00   2.9056370e+00   2.9027874e+00   2.8999140e+00   2.8970191e+00   2.8940792e+00   2.8911321e+00   2.8882754e+00   2.8856249e+00   2.8832538e+00   2.8811541e+00   2.8792810e+00   2.8776777e+00   2.8764362e+00   2.8756468e+00   2.8753135e+00   2.8754342e+00   2.8759897e+00   2.8769665e+00   2.8782895e+00   2.8799448e+00   2.8819110e+00   2.8841851e+00   2.8867455e+00   2.8895175e+00   2.8924122e+00   2.8953059e+00   2.8980534e+00   2.9005539e+00   2.9026823e+00   2.9043529e+00   2.9055233e+00   2.9061823e+00   2.9063759e+00   2.9061630e+00   2.9055831e+00   2.9046752e+00   2.9034798e+00   2.9020240e+00   2.9003601e+00   2.8985150e+00   2.8964825e+00   2.8943262e+00   2.8920524e+00   2.8896599e+00   2.8871689e+00   2.8845825e+00   2.8819265e+00   2.8791859e+00   2.8763697e+00   2.8735390e+00   2.8706801e+00   2.8677616e+00   2.8648117e+00   2.8618653e+00   2.8589261e+00   2.8560088e+00   2.8531063e+00   2.8502638e+00   2.8474476e+00   2.8446665e+00   2.8418968e+00   2.8391597e+00   2.8364201e+00
   3.0667841e+00   3.0639448e+00   3.0610783e+00   3.0582054e+00   3.0553341e+00   3.0524471e+00   3.0495975e+00   3.0468149e+00   3.0440891e+00   3.0414398e+00   3.0388327e+00   3.0362828e+00   3.0338335e+00   3.0314667e+00   3.0292065e+00   3.0270560e+00   3.0250561e+00   3.0232213e+00   3.0215390e+00   3.0199699e+00   3.0185215e+00   3.0172062e+00   3.0160267e+00   3.0149593e+00   3.0139704e+00   3.0130451e+00   3.0121467e+00   3.0112419e+00   3.0102632e+00   3.0091827e+00   3.0079272e+00   3.0064518e+00   3.0047188e+00   3.0027144e+00   3.0004580e+00   2.9979486e+00   2.9951973e+00   2.9923143e+00   2.9893639e+00   2.9863951e+00   2.9834487e+00   2.9804688e+00   2.9774945e+00   2.9746075e+00   2.9719431e+00   2.9696281e+00   2.9676697e+00   2.9660270e+00   2.9647636e+00   2.9640026e+00   2.9637973e+00   2.9641676e+00   2.9651120e+00   2.9666224e+00   2.9686062e+00   2.9710248e+00   2.9737978e+00   2.9769847e+00   2.9805298e+00   2.9843893e+00   2.9884853e+00   2.9926908e+00   2.9968233e+00   3.0007241e+00   3.0042274e+00   3.0072229e+00   3.0095794e+00   3.0112536e+00   3.0122890e+00   3.0127659e+00   3.0127153e+00   3.0122032e+00   3.0112572e+00   3.0099547e+00   3.0083339e+00   3.0064313e+00   3.0043056e+00   3.0019467e+00   2.9994404e+00   2.9967897e+00   2.9939954e+00   2.9910603e+00   2.9879920e+00   2.9848096e+00   2.9815385e+00   2.9782326e+00   2.9749210e+00   2.9715424e+00   2.9680882e+00   2.9645927e+00   2.9610956e+00   2.9576175e+00   2.9541752e+00   2.9508076e+00   2.9475241e+00   2.9442883e+00   2.9410708e+00   2.9378545e+00   2.9346514e+00   2.9314611e+00
   3.2009659e+00   3.1967919e+00   3.1926203e+00   3.1884830e+00   3.1843548e+00   3.1802969e+00   3.1762755e+00   3.1723206e+00   3.1684141e+00   3.1645508e+00   3.1607525e+00   3.1570530e+00   3.1534374e+00   3.1499813e+00   3.1466725e+00   3.1435211e+00   3.1404905e+00   3.1376326e+00   3.1349351e+00   3.1324513e+00   3.1301634e+00   3.1280353e+00   3.1260471e+00   3.1241715e+00   3.1223609e+00   3.1206615e+00   3.1190507e+00   3.1174495e+00   3.1158342e+00   3.1140909e+00   3.1121626e+00   3.1099899e+00   3.1075325e+00   3.1047728e+00   3.1017272e+00   3.0984046e+00   3.0948458e+00   3.0911255e+00   3.0873251e+00   3.0834968e+00   3.0796549e+00   3.0757420e+00   3.0717735e+00   3.0679190e+00   3.0643654e+00   3.0612812e+00   3.0586050e+00   3.0562742e+00   3.0543156e+00   3.0528717e+00   3.0520699e+00   3.0519440e+00   3.0524909e+00   3.0537136e+00   3.0555146e+00   3.0578098e+00   3.0605204e+00   3.0636177e+00   3.0670846e+00   3.0708988e+00   3.0749474e+00   3.0791562e+00   3.0833693e+00   3.0873520e+00   3.0909319e+00   3.0939424e+00   3.0963306e+00   3.0980036e+00   3.0989599e+00   3.0992615e+00   3.0990009e+00   3.0982583e+00   3.0970700e+00   3.0954716e+00   3.0935175e+00   3.0912998e+00   3.0888472e+00   3.0861542e+00   3.0832622e+00   3.0802009e+00   3.0770042e+00   3.0736625e+00   3.0701730e+00   3.0665436e+00   3.0628302e+00   3.0590916e+00   3.0553191e+00   3.0514634e+00   3.0475528e+00   3.0436199e+00   3.0396497e+00   3.0356495e+00   3.0317028e+00   3.0278423e+00   3.0240352e+00   3.0202477e+00   3.0164945e+00   3.0127900e+00   3.0091121e+00   3.0054848e+00
   3.2123260e+00   3.2082510e+00   3.2041633e+00   3.2000818e+00   3.1960437e+00   3.1920278e+00   3.1880238e+00   3.1841037e+00   3.1802356e+00   3.1764050e+00   3.1726296e+00   3.1689208e+00   3.1653364e+00   3.1618881e+00   3.1585569e+00   3.1553414e+00   3.1522849e+00   3.1493747e+00   3.1466243e+00   3.1440589e+00   3.1416588e+00   3.1394253e+00   3.1373394e+00   3.1353743e+00   3.1335003e+00   3.1317031e+00   3.1299627e+00   3.1282504e+00   3.1264999e+00   3.1246111e+00   3.1225083e+00   3.1201565e+00   3.1175401e+00   3.1146605e+00   3.1115124e+00   3.1081126e+00   3.1045072e+00   3.1007721e+00   3.0969694e+00   3.0931368e+00   3.0892675e+00   3.0853679e+00   3.0814812e+00   3.0777323e+00   3.0742931e+00   3.0712910e+00   3.0686619e+00   3.0663722e+00   3.0644448e+00   3.0630348e+00   3.0622530e+00   3.0620983e+00   3.0625648e+00   3.0636494e+00   3.0652409e+00   3.0672743e+00   3.0697191e+00   3.0725543e+00   3.0757542e+00   3.0792320e+00   3.0829175e+00   3.0866926e+00   3.0903933e+00   3.0938311e+00   3.0968516e+00   3.0993195e+00   3.1011899e+00   3.1024253e+00   3.1030254e+00   3.1030264e+00   3.1024950e+00   3.1015301e+00   3.1001797e+00   3.0984554e+00   3.0964134e+00   3.0941093e+00   3.0915930e+00   3.0888824e+00   3.0860240e+00   3.0830395e+00   3.0798769e+00   3.0765851e+00   3.0731747e+00   3.0696723e+00   3.0660985e+00   3.0624371e+00   3.0587358e+00   3.0550032e+00   3.0512631e+00   3.0474918e+00   3.0437145e+00   3.0399370e+00   3.0361423e+00   3.0324106e+00   3.0287666e+00   3.0251944e+00   3.0215995e+00   3.0180347e+00   3.0145733e+00   3.0111110e+00
   3.0277767e+00   3.0250378e+00   3.0222919e+00   3.0195475e+00   3.0167828e+00   3.0140202e+00   3.0112603e+00   3.0084832e+00   3.0057151e+00   3.0029671e+00   3.0002766e+00   2.9976366e+00   2.9950669e+00   2.9925537e+00   2.9900968e+00   2.9877129e+00   2.9854419e+00   2.9832945e+00   2.9812548e+00   2.9793179e+00   2.9774697e+00   2.9757164e+00   2.9740322e+00   2.9724369e+00   2.9709139e+00   2.9694662e+00   2.9680479e+00   2.9666407e+00   2.9651859e+00   2.9636230e+00   2.9619014e+00   2.9600189e+00   2.9579401e+00   2.9556787e+00   2.9532251e+00   2.9506323e+00   2.9479077e+00   2.9450924e+00   2.9422283e+00   2.9393299e+00   2.9363766e+00   2.9333847e+00   2.9303837e+00   2.9274819e+00   2.9248087e+00   2.9224472e+00   2.9203808e+00   2.9185579e+00   2.9169970e+00   2.9157984e+00   2.9150352e+00   2.9147520e+00   2.9149132e+00   2.9154990e+00   2.9164798e+00   2.9178085e+00   2.9194601e+00   2.9214237e+00   2.9236825e+00   2.9262130e+00   2.9289179e+00   2.9316883e+00   2.9344206e+00   2.9369802e+00   2.9392605e+00   2.9411585e+00   2.9426014e+00   2.9435480e+00   2.9439964e+00   2.9439886e+00   2.9435694e+00   2.9427936e+00   2.9417019e+00   2.9403341e+00   2.9387188e+00   2.9369018e+00   2.9349177e+00   2.9327805e+00   2.9304991e+00   2.9280870e+00   2.9255898e+00   2.9229946e+00   2.9202969e+00   2.9175265e+00   2.9146893e+00   2.9117963e+00   2.9088438e+00   2.9058895e+00   2.9029162e+00   2.8999202e+00   2.8969195e+00   2.8939197e+00   2.8909209e+00   2.8879433e+00   2.8850098e+00   2.8821290e+00   2.8792946e+00   2.8765013e+00   2.8737376e+00   2.8709638e+00
   3.0050175e+00   3.0021973e+00   2.9993947e+00   2.9966106e+00   2.9938438e+00   2.9910927e+00   2.9883487e+00   2.9856374e+00   2.9829576e+00   2.9803181e+00   2.9777100e+00   2.9751518e+00   2.9726727e+00   2.9702885e+00   2.9679959e+00   2.9657812e+00   2.9636745e+00   2.9616976e+00   2.9598637e+00   2.9581349e+00   2.9565334e+00   2.9550292e+00   2.9535840e+00   2.9522040e+00   2.9509223e+00   2.9496930e+00   2.9484971e+00   2.9472876e+00   2.9460571e+00   2.9447460e+00   2.9432766e+00   2.9416244e+00   2.9397583e+00   2.9376965e+00   2.9354532e+00   2.9330473e+00   2.9305077e+00   2.9278374e+00   2.9251220e+00   2.9223976e+00   2.9196503e+00   2.9168549e+00   2.9139998e+00   2.9112313e+00   2.9087315e+00   2.9065647e+00   2.9047024e+00   2.9030626e+00   2.9017074e+00   2.9007473e+00   2.9002678e+00   2.9002736e+00   2.9007416e+00   2.9016762e+00   2.9030130e+00   2.9046907e+00   2.9066899e+00   2.9090099e+00   2.9116390e+00   2.9145110e+00   2.9175463e+00   2.9206626e+00   2.9237316e+00   2.9266069e+00   2.9291477e+00   2.9312804e+00   2.9329464e+00   2.9340677e+00   2.9346879e+00   2.9348211e+00   2.9345520e+00   2.9339457e+00   2.9330108e+00   2.9317904e+00   2.9303176e+00   2.9286366e+00   2.9268081e+00   2.9248173e+00   2.9226787e+00   2.9204357e+00   2.9181004e+00   2.9156647e+00   2.9131374e+00   2.9105237e+00   2.9078522e+00   2.9051285e+00   2.9023542e+00   2.8995600e+00   2.8967524e+00   2.8939123e+00   2.8910828e+00   2.8882859e+00   2.8855140e+00   2.8827772e+00   2.8800554e+00   2.8773928e+00   2.8747551e+00   2.8721457e+00   2.8695476e+00   2.8669348e+00
   3.2439120e+00   3.2408593e+00   3.2377059e+00   3.2345285e+00   3.2313530e+00   3.2281342e+00   3.2248695e+00   3.2216139e+00   3.2183545e+00   3.2151554e+00   3.2119553e+00   3.2087660e+00   3.2055991e+00   3.2024698e+00   3.1993792e+00   3.1963902e+00   3.1934910e+00   3.1907158e+00   3.1880779e+00   3.1855519e+00   3.1831157e+00   3.1807699e+00   3.1785362e+00   3.1763985e+00   3.1743279e+00   3.1722996e+00   3.1703224e+00   3.1683919e+00   3.1663888e+00   3.1642621e+00   3.1620324e+00   3.1596496e+00   3.1570787e+00   3.1542580e+00   3.1512110e+00   3.1479912e+00   3.1446073e+00   3.1411493e+00   3.1376483e+00   3.1341047e+00   3.1304874e+00   3.1268435e+00   3.1233063e+00   3.1199272e+00   3.1167431e+00   3.1137936e+00   3.1111152e+00   3.1087267e+00   3.1066730e+00   3.1050079e+00   3.1038182e+00   3.1030998e+00   3.1028643e+00   3.1031120e+00   3.1037796e+00   3.1048172e+00   3.1061523e+00   3.1077843e+00   3.1096904e+00   3.1118433e+00   3.1141949e+00   3.1166279e+00   3.1190338e+00   3.1212609e+00   3.1232197e+00   3.1248095e+00   3.1259258e+00   3.1265304e+00   3.1266317e+00   3.1263049e+00   3.1255739e+00   3.1244774e+00   3.1230431e+00   3.1213353e+00   3.1194150e+00   3.1173165e+00   3.1150210e+00   3.1125705e+00   3.1099942e+00   3.1073234e+00   3.1045659e+00   3.1016846e+00   3.0987403e+00   3.0957210e+00   3.0926411e+00   3.0895050e+00   3.0863178e+00   3.0830774e+00   3.0797930e+00   3.0764978e+00   3.0732212e+00   3.0699356e+00   3.0666435e+00   3.0634239e+00   3.0602322e+00   3.0570621e+00   3.0539014e+00   3.0507457e+00   3.0476170e+00   3.0444877e+00
   3.0152702e+00   3.0119934e+00   3.0086710e+00   3.0053508e+00   3.0020206e+00   2.9987071e+00   2.9954035e+00   2.9920833e+00   2.9887946e+00   2.9855449e+00   2.9823444e+00   2.9792221e+00   2.9761364e+00   2.9731376e+00   2.9702294e+00   2.9674037e+00   2.9646826e+00   2.9620793e+00   2.9595945e+00   2.9572456e+00   2.9550126e+00   2.9528971e+00   2.9508858e+00   2.9489727e+00   2.9471557e+00   2.9453783e+00   2.9436276e+00   2.9419014e+00   2.9401710e+00   2.9383748e+00   2.9364223e+00   2.9342778e+00   2.9319198e+00   2.9293346e+00   2.9265649e+00   2.9236021e+00   2.9204719e+00   2.9171951e+00   2.9138577e+00   2.9105332e+00   2.9072256e+00   2.9039018e+00   2.9005682e+00   2.8973122e+00   2.8942566e+00   2.8915417e+00   2.8891542e+00   2.8870361e+00   2.8851786e+00   2.8837149e+00   2.8827517e+00   2.8823121e+00   2.8823745e+00   2.8828993e+00   2.8838577e+00   2.8851888e+00   2.8868549e+00   2.8888531e+00   2.8911381e+00   2.8936636e+00   2.8964078e+00   2.8992708e+00   2.9021327e+00   2.9048176e+00   2.9072063e+00   2.9091871e+00   2.9106779e+00   2.9116399e+00   2.9120800e+00   2.9120178e+00   2.9115019e+00   2.9105961e+00   2.9093702e+00   2.9078548e+00   2.9060783e+00   2.9040644e+00   2.9018443e+00   2.8994420e+00   2.8968773e+00   2.8941975e+00   2.8914125e+00   2.8885107e+00   2.8855073e+00   2.8824093e+00   2.8792524e+00   2.8760474e+00   2.8727827e+00   2.8694980e+00   2.8661709e+00   2.8627989e+00   2.8593957e+00   2.8560021e+00   2.8526525e+00   2.8493102e+00   2.8460248e+00   2.8427756e+00   2.8395824e+00   2.8364048e+00   2.8332322e+00   2.8300502e+00
   3.1777096e+00   3.1744194e+00   3.1711380e+00   3.1678646e+00   3.1646087e+00   3.1613457e+00   3.1581266e+00   3.1549165e+00   3.1517251e+00   3.1485841e+00   3.1455355e+00   3.1425571e+00   3.1396313e+00   3.1367562e+00   3.1340084e+00   3.1313741e+00   3.1288579e+00   3.1264496e+00   3.1241820e+00   3.1220789e+00   3.1200950e+00   3.1182718e+00   3.1165304e+00   3.1148558e+00   3.1132736e+00   3.1117780e+00   3.1103556e+00   3.1089447e+00   3.1074765e+00   3.1059380e+00   3.1042442e+00   3.1023445e+00   3.1002111e+00   3.0978177e+00   3.0951917e+00   3.0923455e+00   3.0893204e+00   3.0861788e+00   3.0829096e+00   3.0795901e+00   3.0762570e+00   3.0729325e+00   3.0696421e+00   3.0664341e+00   3.0634737e+00   3.0608141e+00   3.0584548e+00   3.0563862e+00   3.0546448e+00   3.0533607e+00   3.0526054e+00   3.0524280e+00   3.0528345e+00   3.0537632e+00   3.0551548e+00   3.0569382e+00   3.0591052e+00   3.0616846e+00   3.0646255e+00   3.0678999e+00   3.0714328e+00   3.0750782e+00   3.0787041e+00   3.0821190e+00   3.0851781e+00   3.0877755e+00   3.0898359e+00   3.0912609e+00   3.0920944e+00   3.0923750e+00   3.0921335e+00   3.0914021e+00   3.0902431e+00   3.0887516e+00   3.0870209e+00   3.0850284e+00   3.0828075e+00   3.0803802e+00   3.0777271e+00   3.0748918e+00   3.0719004e+00   3.0688295e+00   3.0656812e+00   3.0624483e+00   3.0591412e+00   3.0557716e+00   3.0523427e+00   3.0488021e+00   3.0451748e+00   3.0415471e+00   3.0379467e+00   3.0343933e+00   3.0308714e+00   3.0273647e+00   3.0238695e+00   3.0203936e+00   3.0169632e+00   3.0135872e+00   3.0102494e+00   3.0069625e+00
   3.0274398e+00   3.0246522e+00   3.0218437e+00   3.0190437e+00   3.0162528e+00   3.0134575e+00   3.0106602e+00   3.0078948e+00   3.0051441e+00   3.0024407e+00   2.9997737e+00   2.9971559e+00   2.9946022e+00   2.9921305e+00   2.9897330e+00   2.9874182e+00   2.9851916e+00   2.9830949e+00   2.9811318e+00   2.9792907e+00   2.9775655e+00   2.9759429e+00   2.9744015e+00   2.9729564e+00   2.9715672e+00   2.9702194e+00   2.9689090e+00   2.9676163e+00   2.9662867e+00   2.9648552e+00   2.9632490e+00   2.9614677e+00   2.9595234e+00   2.9574120e+00   2.9551423e+00   2.9526825e+00   2.9500372e+00   2.9473069e+00   2.9445667e+00   2.9418314e+00   2.9390075e+00   2.9360769e+00   2.9331419e+00   2.9303665e+00   2.9278800e+00   2.9257002e+00   2.9237785e+00   2.9220676e+00   2.9206202e+00   2.9195697e+00   2.9189818e+00   2.9188821e+00   2.9192426e+00   2.9200370e+00   2.9212439e+00   2.9228046e+00   2.9246771e+00   2.9268606e+00   2.9293277e+00   2.9320614e+00   2.9349871e+00   2.9379838e+00   2.9409342e+00   2.9437306e+00   2.9462273e+00   2.9483564e+00   2.9500077e+00   2.9511640e+00   2.9518116e+00   2.9519985e+00   2.9517982e+00   2.9512243e+00   2.9503374e+00   2.9491618e+00   2.9477673e+00   2.9461768e+00   2.9444144e+00   2.9425013e+00   2.9404519e+00   2.9382992e+00   2.9360359e+00   2.9336765e+00   2.9312036e+00   2.9286640e+00   2.9260743e+00   2.9234562e+00   2.9208126e+00   2.9181080e+00   2.9153881e+00   2.9126253e+00   2.9098585e+00   2.9070995e+00   2.9043586e+00   2.9016693e+00   2.8989820e+00   2.8963420e+00   2.8937380e+00   2.8911445e+00   2.8885448e+00   2.8859489e+00
   3.0630367e+00   3.0592582e+00   3.0554821e+00   3.0517352e+00   3.0480354e+00   3.0443974e+00   3.0408125e+00   3.0372422e+00   3.0337059e+00   3.0302212e+00   3.0268247e+00   3.0235291e+00   3.0203133e+00   3.0172184e+00   3.0142424e+00   3.0113995e+00   3.0087121e+00   3.0061481e+00   3.0037487e+00   3.0015261e+00   2.9994466e+00   2.9974945e+00   2.9956739e+00   2.9939411e+00   2.9923017e+00   2.9907086e+00   2.9891853e+00   2.9877195e+00   2.9862230e+00   2.9846160e+00   2.9828117e+00   2.9807920e+00   2.9785385e+00   2.9760406e+00   2.9733086e+00   2.9703887e+00   2.9672558e+00   2.9639714e+00   2.9606209e+00   2.9572964e+00   2.9539917e+00   2.9506178e+00   2.9471443e+00   2.9437644e+00   2.9406912e+00   2.9380510e+00   2.9357836e+00   2.9337761e+00   2.9320602e+00   2.9308147e+00   2.9301541e+00   2.9300845e+00   2.9305856e+00   2.9316127e+00   2.9331176e+00   2.9350479e+00   2.9373481e+00   2.9400051e+00   2.9430120e+00   2.9463246e+00   2.9498723e+00   2.9535160e+00   2.9571083e+00   2.9604871e+00   2.9634736e+00   2.9659507e+00   2.9678299e+00   2.9691255e+00   2.9698174e+00   2.9699552e+00   2.9695711e+00   2.9687767e+00   2.9676125e+00   2.9661140e+00   2.9643126e+00   2.9622600e+00   2.9600027e+00   2.9575758e+00   2.9549644e+00   2.9521878e+00   2.9493027e+00   2.9463356e+00   2.9432690e+00   2.9400530e+00   2.9367554e+00   2.9334395e+00   2.9300919e+00   2.9267194e+00   2.9232996e+00   2.9198771e+00   2.9164345e+00   2.9130027e+00   2.9096022e+00   2.9062388e+00   2.9029434e+00   2.8997295e+00   2.8965759e+00   2.8934009e+00   2.8902404e+00   2.8870895e+00
   2.9978282e+00   2.9944820e+00   2.9911425e+00   2.9878445e+00   2.9845726e+00   2.9813099e+00   2.9780858e+00   2.9749041e+00   2.9717596e+00   2.9686804e+00   2.9656551e+00   2.9626951e+00   2.9598114e+00   2.9569979e+00   2.9543159e+00   2.9517424e+00   2.9492912e+00   2.9469860e+00   2.9448042e+00   2.9427440e+00   2.9408016e+00   2.9389684e+00   2.9372747e+00   2.9356716e+00   2.9341288e+00   2.9326677e+00   2.9312770e+00   2.9299252e+00   2.9285183e+00   2.9270191e+00   2.9253628e+00   2.9235361e+00   2.9214871e+00   2.9192135e+00   2.9167521e+00   2.9141150e+00   2.9113255e+00   2.9084074e+00   2.9054153e+00   2.9024010e+00   2.8993924e+00   2.8963583e+00   2.8932877e+00   2.8902485e+00   2.8874218e+00   2.8849680e+00   2.8828642e+00   2.8809993e+00   2.8793833e+00   2.8781726e+00   2.8774579e+00   2.8772843e+00   2.8776157e+00   2.8784368e+00   2.8797109e+00   2.8813524e+00   2.8833427e+00   2.8857062e+00   2.8884261e+00   2.8914490e+00   2.8946793e+00   2.8980350e+00   2.9013720e+00   2.9045346e+00   2.9073639e+00   2.9097393e+00   2.9115789e+00   2.9128354e+00   2.9135363e+00   2.9137008e+00   2.9133923e+00   2.9126823e+00   2.9116192e+00   2.9102671e+00   2.9086196e+00   2.9067161e+00   2.9046161e+00   2.9023418e+00   2.8999226e+00   2.8973749e+00   2.8946970e+00   2.8919089e+00   2.8890069e+00   2.8860238e+00   2.8829892e+00   2.8798859e+00   2.8767319e+00   2.8735421e+00   2.8703499e+00   2.8671522e+00   2.8639357e+00   2.8607216e+00   2.8575428e+00   2.8543923e+00   2.8512933e+00   2.8482590e+00   2.8452892e+00   2.8423452e+00   2.8394139e+00   2.8364804e+00
   2.8970356e+00   2.8943622e+00   2.8916721e+00   2.8889732e+00   2.8862944e+00   2.8836393e+00   2.8809950e+00   2.8783808e+00   2.8757861e+00   2.8732250e+00   2.8706987e+00   2.8682168e+00   2.8658202e+00   2.8634617e+00   2.8611858e+00   2.8589880e+00   2.8568974e+00   2.8549135e+00   2.8530223e+00   2.8512485e+00   2.8495915e+00   2.8479977e+00   2.8464839e+00   2.8450315e+00   2.8436470e+00   2.8423026e+00   2.8410118e+00   2.8397532e+00   2.8384571e+00   2.8370697e+00   2.8355319e+00   2.8338535e+00   2.8320258e+00   2.8300149e+00   2.8278677e+00   2.8255665e+00   2.8231499e+00   2.8206508e+00   2.8181012e+00   2.8155420e+00   2.8129709e+00   2.8103418e+00   2.8076515e+00   2.8050435e+00   2.8026793e+00   2.8006334e+00   2.7988489e+00   2.7972357e+00   2.7958241e+00   2.7947512e+00   2.7941086e+00   2.7939079e+00   2.7941303e+00   2.7947252e+00   2.7956941e+00   2.7969933e+00   2.7985992e+00   2.8004768e+00   2.8026040e+00   2.8049946e+00   2.8075752e+00   2.8102436e+00   2.8128633e+00   2.8153315e+00   2.8175480e+00   2.8194115e+00   2.8208311e+00   2.8217983e+00   2.8223217e+00   2.8224461e+00   2.8222086e+00   2.8216240e+00   2.8207607e+00   2.8196347e+00   2.8182905e+00   2.8167708e+00   2.8150826e+00   2.8132598e+00   2.8113108e+00   2.8092716e+00   2.8071518e+00   2.8049314e+00   2.8026168e+00   2.8002264e+00   2.7977788e+00   2.7953117e+00   2.7928059e+00   2.7902889e+00   2.7877371e+00   2.7851524e+00   2.7825553e+00   2.7799542e+00   2.7773964e+00   2.7748806e+00   2.7724190e+00   2.7699976e+00   2.7675858e+00   2.7651899e+00   2.7627747e+00   2.7603416e+00
   2.9102027e+00   2.9073431e+00   2.9044750e+00   2.9016142e+00   2.8987491e+00   2.8958390e+00   2.8928921e+00   2.8899305e+00   2.8869464e+00   2.8839982e+00   2.8810844e+00   2.8781979e+00   2.8753569e+00   2.8725405e+00   2.8697281e+00   2.8669484e+00   2.8642457e+00   2.8616478e+00   2.8591707e+00   2.8567772e+00   2.8544443e+00   2.8521919e+00   2.8499680e+00   2.8477886e+00   2.8456643e+00   2.8436100e+00   2.8416233e+00   2.8396542e+00   2.8376853e+00   2.8356647e+00   2.8335400e+00   2.8312929e+00   2.8289080e+00   2.8264189e+00   2.8238461e+00   2.8211815e+00   2.8184173e+00   2.8155372e+00   2.8125799e+00   2.8096123e+00   2.8066950e+00   2.8038368e+00   2.8010092e+00   2.7981701e+00   2.7954082e+00   2.7928550e+00   2.7905285e+00   2.7883832e+00   2.7863960e+00   2.7846775e+00   2.7833173e+00   2.7823021e+00   2.7816133e+00   2.7812173e+00   2.7810686e+00   2.7811539e+00   2.7814839e+00   2.7820909e+00   2.7829342e+00   2.7839928e+00   2.7852068e+00   2.7864990e+00   2.7877786e+00   2.7889576e+00   2.7899930e+00   2.7908201e+00   2.7913532e+00   2.7915499e+00   2.7913826e+00   2.7908516e+00   2.7899830e+00   2.7888348e+00   2.7874997e+00   2.7860029e+00   2.7843297e+00   2.7825029e+00   2.7805221e+00   2.7784064e+00   2.7761288e+00   2.7737658e+00   2.7713482e+00   2.7689073e+00   2.7664440e+00   2.7638824e+00   2.7612216e+00   2.7584603e+00   2.7556660e+00   2.7528765e+00   2.7500818e+00   2.7473109e+00   2.7445343e+00   2.7417252e+00   2.7388866e+00   2.7360303e+00   2.7332079e+00   2.7304280e+00   2.7277107e+00   2.7250576e+00   2.7224188e+00   2.7197227e+00
   2.6387906e+00   2.6369898e+00   2.6351593e+00   2.6333420e+00   2.6315479e+00   2.6297762e+00   2.6279800e+00   2.6261754e+00   2.6243441e+00   2.6225202e+00   2.6207163e+00   2.6189666e+00   2.6172574e+00   2.6155851e+00   2.6139505e+00   2.6123621e+00   2.6107922e+00   2.6092739e+00   2.6078122e+00   2.6064451e+00   2.6051750e+00   2.6040056e+00   2.6028950e+00   2.6017983e+00   2.6006689e+00   2.5995400e+00   2.5984607e+00   2.5974591e+00   2.5964692e+00   2.5954406e+00   2.5942905e+00   2.5930021e+00   2.5915682e+00   2.5900066e+00   2.5883567e+00   2.5866058e+00   2.5847828e+00   2.5829179e+00   2.5810359e+00   2.5791559e+00   2.5772378e+00   2.5752623e+00   2.5732594e+00   2.5712781e+00   2.5694697e+00   2.5679133e+00   2.5665436e+00   2.5652809e+00   2.5641046e+00   2.5631363e+00   2.5624797e+00   2.5621448e+00   2.5621216e+00   2.5623968e+00   2.5629323e+00   2.5636609e+00   2.5645390e+00   2.5655916e+00   2.5668557e+00   2.5683124e+00   2.5699441e+00   2.5716901e+00   2.5734346e+00   2.5750749e+00   2.5764816e+00   2.5776196e+00   2.5784371e+00   2.5789621e+00   2.5792105e+00   2.5791910e+00   2.5789053e+00   2.5783355e+00   2.5775063e+00   2.5765026e+00   2.5753450e+00   2.5740817e+00   2.5727055e+00   2.5712407e+00   2.5696971e+00   2.5680585e+00   2.5663254e+00   2.5644996e+00   2.5626214e+00   2.5607016e+00   2.5587740e+00   2.5568278e+00   2.5548613e+00   2.5528252e+00   2.5507390e+00   2.5486319e+00   2.5465343e+00   2.5444682e+00   2.5424273e+00   2.5404270e+00   2.5384390e+00   2.5364306e+00   2.5344164e+00   2.5324097e+00   2.5304124e+00   2.5284350e+00
   2.8619788e+00   2.8595352e+00   2.8570354e+00   2.8544807e+00   2.8518753e+00   2.8492448e+00   2.8466394e+00   2.8440707e+00   2.8415556e+00   2.8390553e+00   2.8365142e+00   2.8339422e+00   2.8313930e+00   2.8288887e+00   2.8264799e+00   2.8241713e+00   2.8219445e+00   2.8197677e+00   2.8176167e+00   2.8155289e+00   2.8135240e+00   2.8116333e+00   2.8098555e+00   2.8081758e+00   2.8065491e+00   2.8049278e+00   2.8033001e+00   2.8016555e+00   2.7999899e+00   2.7982829e+00   2.7965307e+00   2.7946949e+00   2.7927113e+00   2.7905209e+00   2.7881382e+00   2.7856109e+00   2.7829828e+00   2.7803261e+00   2.7776768e+00   2.7750521e+00   2.7724326e+00   2.7697494e+00   2.7669687e+00   2.7642057e+00   2.7616062e+00   2.7593057e+00   2.7573090e+00   2.7555199e+00   2.7539234e+00   2.7525520e+00   2.7514591e+00   2.7507057e+00   2.7503004e+00   2.7502911e+00   2.7506390e+00   2.7512980e+00   2.7521992e+00   2.7532721e+00   2.7545128e+00   2.7559388e+00   2.7575541e+00   2.7593234e+00   2.7611454e+00   2.7628953e+00   2.7644365e+00   2.7656238e+00   2.7664216e+00   2.7668407e+00   2.7669296e+00   2.7667096e+00   2.7662096e+00   2.7654703e+00   2.7644565e+00   2.7631595e+00   2.7615998e+00   2.7598922e+00   2.7581005e+00   2.7562244e+00   2.7542896e+00   2.7522774e+00   2.7501428e+00   2.7478635e+00   2.7454803e+00   2.7430427e+00   2.7405949e+00   2.7381554e+00   2.7357090e+00   2.7332370e+00   2.7306530e+00   2.7280009e+00   2.7253237e+00   2.7226753e+00   2.7201145e+00   2.7176106e+00   2.7151349e+00   2.7126179e+00   2.7100601e+00   2.7075140e+00   2.7049885e+00   2.7024968e+00
   3.0976660e+00   3.0945299e+00   3.0913928e+00   3.0882444e+00   3.0850909e+00   3.0819685e+00   3.0788710e+00   3.0758297e+00   3.0728095e+00   3.0698140e+00   3.0668948e+00   3.0640342e+00   3.0612469e+00   3.0585175e+00   3.0558846e+00   3.0533931e+00   3.0510159e+00   3.0487642e+00   3.0466547e+00   3.0446546e+00   3.0427799e+00   3.0410271e+00   3.0393896e+00   3.0378449e+00   3.0363686e+00   3.0349281e+00   3.0335381e+00   3.0321596e+00   3.0307381e+00   3.0292099e+00   3.0275431e+00   3.0256455e+00   3.0235145e+00   3.0211620e+00   3.0186090e+00   3.0158882e+00   3.0129900e+00   3.0099556e+00   3.0068767e+00   3.0037763e+00   3.0006599e+00   2.9975157e+00   2.9943511e+00   2.9912679e+00   2.9884212e+00   2.9859354e+00   2.9837921e+00   2.9819133e+00   2.9803021e+00   2.9791183e+00   2.9784462e+00   2.9783099e+00   2.9786885e+00   2.9795492e+00   2.9808655e+00   2.9825661e+00   2.9845941e+00   2.9869907e+00   2.9897087e+00   2.9927092e+00   2.9959261e+00   2.9992330e+00   3.0025003e+00   3.0055809e+00   3.0083034e+00   3.0105846e+00   3.0123208e+00   3.0134830e+00   3.0140898e+00   3.0141783e+00   3.0138361e+00   3.0131180e+00   3.0120380e+00   3.0106499e+00   3.0089827e+00   3.0070755e+00   3.0049508e+00   3.0026655e+00   3.0002537e+00   2.9977057e+00   2.9950354e+00   2.9922454e+00   2.9893782e+00   2.9864285e+00   2.9834156e+00   2.9803314e+00   2.9771950e+00   2.9740398e+00   2.9708736e+00   2.9676754e+00   2.9644558e+00   2.9612343e+00   2.9580576e+00   2.9549475e+00   2.9519129e+00   2.9489129e+00   2.9459560e+00   2.9430132e+00   2.9400861e+00   2.9371774e+00
   2.7884979e+00   2.7860632e+00   2.7836044e+00   2.7811348e+00   2.7786710e+00   2.7762206e+00   2.7737906e+00   2.7713587e+00   2.7689571e+00   2.7665865e+00   2.7642524e+00   2.7619426e+00   2.7596719e+00   2.7574539e+00   2.7553089e+00   2.7532399e+00   2.7512696e+00   2.7493973e+00   2.7476206e+00   2.7459393e+00   2.7443464e+00   2.7428319e+00   2.7413781e+00   2.7399807e+00   2.7386525e+00   2.7373896e+00   2.7361648e+00   2.7349358e+00   2.7336853e+00   2.7323635e+00   2.7309351e+00   2.7293625e+00   2.7276475e+00   2.7257912e+00   2.7238207e+00   2.7217124e+00   2.7194710e+00   2.7171276e+00   2.7147434e+00   2.7123768e+00   2.7100315e+00   2.7076347e+00   2.7051554e+00   2.7026980e+00   2.7004435e+00   2.6984932e+00   2.6967735e+00   2.6951878e+00   2.6937997e+00   2.6927338e+00   2.6920433e+00   2.6917455e+00   2.6917858e+00   2.6921794e+00   2.6928608e+00   2.6938336e+00   2.6951075e+00   2.6966431e+00   2.6984482e+00   2.7004716e+00   2.7026691e+00   2.7049587e+00   2.7072160e+00   2.7093754e+00   2.7113655e+00   2.7130754e+00   2.7144508e+00   2.7154062e+00   2.7159586e+00   2.7161095e+00   2.7159050e+00   2.7154236e+00   2.7147141e+00   2.7137883e+00   2.7126369e+00   2.7112997e+00   2.7097952e+00   2.7081299e+00   2.7063425e+00   2.7044690e+00   2.7025406e+00   2.7005489e+00   2.6984851e+00   2.6963253e+00   2.6940691e+00   2.6917665e+00   2.6894453e+00   2.6871274e+00   2.6848097e+00   2.6824691e+00   2.6801155e+00   2.6777527e+00   2.6753976e+00   2.6730640e+00   2.6707699e+00   2.6685297e+00   2.6663287e+00   2.6641281e+00   2.6619072e+00   2.6596439e+00
   3.0447855e+00   3.0422518e+00   3.0396891e+00   3.0370796e+00   3.0344679e+00   3.0318720e+00   3.0293055e+00   3.0267894e+00   3.0242882e+00   3.0218086e+00   3.0193279e+00   3.0168664e+00   3.0144730e+00   3.0121539e+00   3.0099223e+00   3.0078185e+00   3.0058105e+00   3.0039189e+00   3.0021267e+00   3.0004349e+00   2.9988425e+00   2.9973805e+00   2.9960124e+00   2.9947078e+00   2.9934654e+00   2.9922469e+00   2.9910944e+00   2.9899514e+00   2.9887545e+00   2.9874516e+00   2.9859915e+00   2.9843252e+00   2.9824317e+00   2.9803083e+00   2.9779835e+00   2.9754846e+00   2.9728510e+00   2.9701328e+00   2.9673841e+00   2.9645798e+00   2.9617405e+00   2.9588654e+00   2.9560058e+00   2.9532435e+00   2.9506958e+00   2.9484730e+00   2.9465644e+00   2.9449222e+00   2.9435794e+00   2.9426270e+00   2.9421587e+00   2.9421778e+00   2.9426689e+00   2.9436080e+00   2.9449570e+00   2.9466851e+00   2.9487648e+00   2.9511633e+00   2.9538500e+00   2.9568262e+00   2.9599943e+00   2.9632356e+00   2.9664114e+00   2.9694107e+00   2.9720962e+00   2.9743769e+00   2.9761574e+00   2.9774368e+00   2.9781752e+00   2.9784014e+00   2.9781997e+00   2.9776583e+00   2.9767885e+00   2.9756196e+00   2.9741867e+00   2.9725151e+00   2.9706392e+00   2.9685848e+00   2.9664276e+00   2.9641550e+00   2.9617560e+00   2.9592497e+00   2.9566624e+00   2.9539528e+00   2.9511423e+00   2.9482720e+00   2.9453938e+00   2.9424627e+00   2.9394829e+00   2.9365075e+00   2.9335327e+00   2.9305398e+00   2.9275255e+00   2.9245491e+00   2.9216311e+00   2.9187653e+00   2.9159367e+00   2.9131300e+00   2.9103146e+00   2.9075308e+00
   3.1030540e+00   3.1000195e+00   3.0969410e+00   3.0938394e+00   3.0907714e+00   3.0877018e+00   3.0846698e+00   3.0816433e+00   3.0786285e+00   3.0756252e+00   3.0726407e+00   3.0696876e+00   3.0668213e+00   3.0640507e+00   3.0613406e+00   3.0587158e+00   3.0562079e+00   3.0537989e+00   3.0515184e+00   3.0493507e+00   3.0473015e+00   3.0453937e+00   3.0435879e+00   3.0418549e+00   3.0401943e+00   3.0385716e+00   3.0370018e+00   3.0354874e+00   3.0339508e+00   3.0323572e+00   3.0306332e+00   3.0287306e+00   3.0266037e+00   3.0242643e+00   3.0217407e+00   3.0190325e+00   3.0161552e+00   3.0131671e+00   3.0101089e+00   3.0070333e+00   3.0039012e+00   3.0007002e+00   2.9974859e+00   2.9943600e+00   2.9914477e+00   2.9888744e+00   2.9865704e+00   2.9845190e+00   2.9827433e+00   2.9813392e+00   2.9804027e+00   2.9799099e+00   2.9798992e+00   2.9803822e+00   2.9813125e+00   2.9826310e+00   2.9842713e+00   2.9862146e+00   2.9884608e+00   2.9910049e+00   2.9937751e+00   2.9966564e+00   2.9995239e+00   3.0022714e+00   3.0047576e+00   3.0068665e+00   3.0085096e+00   3.0096226e+00   3.0102119e+00   3.0103340e+00   3.0100441e+00   3.0093510e+00   3.0083001e+00   3.0069253e+00   3.0052922e+00   3.0034654e+00   3.0014098e+00   2.9991834e+00   2.9968226e+00   2.9943542e+00   2.9917839e+00   2.9890537e+00   2.9861975e+00   2.9832571e+00   2.9802370e+00   2.9771702e+00   2.9740696e+00   2.9709399e+00   2.9677582e+00   2.9645331e+00   2.9613028e+00   2.9580619e+00   2.9548252e+00   2.9516075e+00   2.9484282e+00   2.9452984e+00   2.9422224e+00   2.9391634e+00   2.9361038e+00   2.9330542e+00
   2.9852479e+00   2.9826443e+00   2.9800160e+00   2.9773512e+00   2.9746983e+00   2.9720647e+00   2.9694538e+00   2.9668739e+00   2.9643250e+00   2.9618015e+00   2.9593077e+00   2.9568479e+00   2.9544318e+00   2.9521084e+00   2.9499052e+00   2.9477968e+00   2.9458065e+00   2.9438961e+00   2.9421027e+00   2.9404514e+00   2.9389162e+00   2.9374993e+00   2.9361756e+00   2.9349315e+00   2.9337475e+00   2.9326127e+00   2.9315059e+00   2.9304199e+00   2.9292996e+00   2.9280732e+00   2.9266949e+00   2.9251344e+00   2.9233389e+00   2.9213150e+00   2.9190876e+00   2.9166782e+00   2.9141076e+00   2.9114215e+00   2.9086902e+00   2.9059732e+00   2.9032488e+00   2.9004500e+00   2.8975737e+00   2.8947642e+00   2.8922136e+00   2.8900287e+00   2.8881547e+00   2.8864787e+00   2.8850708e+00   2.8840799e+00   2.8835802e+00   2.8835957e+00   2.8840687e+00   2.8849862e+00   2.8863256e+00   2.8880463e+00   2.8901160e+00   2.8925114e+00   2.8952229e+00   2.8981907e+00   2.9013710e+00   2.9046457e+00   2.9079082e+00   2.9110000e+00   2.9137700e+00   2.9161122e+00   2.9179592e+00   2.9192836e+00   2.9200745e+00   2.9203479e+00   2.9201610e+00   2.9195881e+00   2.9186928e+00   2.9174778e+00   2.9159975e+00   2.9142704e+00   2.9123414e+00   2.9102614e+00   2.9080505e+00   2.9057226e+00   2.9032707e+00   2.9007046e+00   2.8980429e+00   2.8952742e+00   2.8924377e+00   2.8895619e+00   2.8866365e+00   2.8836625e+00   2.8806610e+00   2.8776367e+00   2.8745995e+00   2.8715708e+00   2.8685875e+00   2.8656204e+00   2.8627052e+00   2.8598168e+00   2.8569603e+00   2.8541462e+00   2.8513577e+00   2.8485782e+00
   2.9907677e+00   2.9880390e+00   2.9852984e+00   2.9825389e+00   2.9798079e+00   2.9771001e+00   2.9743872e+00   2.9716918e+00   2.9690011e+00   2.9663684e+00   2.9637816e+00   2.9612539e+00   2.9587708e+00   2.9563344e+00   2.9539673e+00   2.9517021e+00   2.9495494e+00   2.9475002e+00   2.9455528e+00   2.9437034e+00   2.9419737e+00   2.9403286e+00   2.9387648e+00   2.9372828e+00   2.9358871e+00   2.9345319e+00   2.9332123e+00   2.9319077e+00   2.9305928e+00   2.9292154e+00   2.9277122e+00   2.9260256e+00   2.9241438e+00   2.9220498e+00   2.9197786e+00   2.9173629e+00   2.9148242e+00   2.9121697e+00   2.9094212e+00   2.9066601e+00   2.9039028e+00   2.9011116e+00   2.8982956e+00   2.8955243e+00   2.8929775e+00   2.8907163e+00   2.8887274e+00   2.8869627e+00   2.8854239e+00   2.8842335e+00   2.8834975e+00   2.8832505e+00   2.8834505e+00   2.8840532e+00   2.8850167e+00   2.8863232e+00   2.8879645e+00   2.8899081e+00   2.8921354e+00   2.8946171e+00   2.8973045e+00   2.9001195e+00   2.9029083e+00   2.9055569e+00   2.9079144e+00   2.9098876e+00   2.9114454e+00   2.9125469e+00   2.9131572e+00   2.9132910e+00   2.9129879e+00   2.9123409e+00   2.9113925e+00   2.9101379e+00   2.9086301e+00   2.9069192e+00   2.9050434e+00   2.9030058e+00   2.9008217e+00   2.8985188e+00   2.8961112e+00   2.8936112e+00   2.8910351e+00   2.8883879e+00   2.8856497e+00   2.8828399e+00   2.8799903e+00   2.8771057e+00   2.8741815e+00   2.8712387e+00   2.8682909e+00   2.8653460e+00   2.8624346e+00   2.8595526e+00   2.8566818e+00   2.8538465e+00   2.8510468e+00   2.8483093e+00   2.8455849e+00   2.8428383e+00
   2.9816687e+00   2.9787264e+00   2.9757068e+00   2.9726551e+00   2.9696271e+00   2.9666605e+00   2.9637413e+00   2.9608428e+00   2.9579382e+00   2.9550064e+00   2.9520664e+00   2.9491529e+00   2.9463463e+00   2.9436457e+00   2.9410515e+00   2.9385290e+00   2.9360569e+00   2.9336655e+00   2.9313762e+00   2.9292347e+00   2.9272373e+00   2.9253504e+00   2.9235554e+00   2.9218216e+00   2.9201381e+00   2.9185066e+00   2.9168990e+00   2.9153335e+00   2.9137850e+00   2.9121821e+00   2.9104640e+00   2.9085495e+00   2.9063809e+00   2.9040222e+00   2.9014721e+00   2.8987656e+00   2.8959439e+00   2.8930302e+00   2.8900745e+00   2.8870735e+00   2.8840277e+00   2.8809469e+00   2.8778496e+00   2.8748219e+00   2.8719842e+00   2.8694742e+00   2.8672791e+00   2.8652942e+00   2.8635151e+00   2.8620503e+00   2.8610313e+00   2.8605015e+00   2.8604527e+00   2.8608601e+00   2.8616540e+00   2.8627498e+00   2.8641131e+00   2.8657739e+00   2.8677456e+00   2.8700130e+00   2.8725014e+00   2.8751431e+00   2.8778007e+00   2.8802974e+00   2.8824966e+00   2.8843086e+00   2.8857117e+00   2.8866847e+00   2.8872092e+00   2.8872893e+00   2.8869526e+00   2.8862031e+00   2.8850892e+00   2.8836973e+00   2.8820827e+00   2.8802869e+00   2.8783467e+00   2.8762338e+00   2.8739700e+00   2.8715260e+00   2.8689530e+00   2.8662834e+00   2.8635342e+00   2.8607490e+00   2.8579159e+00   2.8550413e+00   2.8520801e+00   2.8490248e+00   2.8459289e+00   2.8428452e+00   2.8397720e+00   2.8367281e+00   2.8337071e+00   2.8306782e+00   2.8276322e+00   2.8245819e+00   2.8215878e+00   2.8186619e+00   2.8157825e+00   2.8129447e+00
   3.1346486e+00   3.1315212e+00   3.1283586e+00   3.1251934e+00   3.1220143e+00   3.1188166e+00   3.1156635e+00   3.1125376e+00   3.1094520e+00   3.1064136e+00   3.1033955e+00   3.1004381e+00   3.0975666e+00   3.0947666e+00   3.0920963e+00   3.0895081e+00   3.0870516e+00   3.0847309e+00   3.0825450e+00   3.0804780e+00   3.0785217e+00   3.0766704e+00   3.0749683e+00   3.0733554e+00   3.0718296e+00   3.0703678e+00   3.0689604e+00   3.0675440e+00   3.0660629e+00   3.0644636e+00   3.0627105e+00   3.0607536e+00   3.0585735e+00   3.0561600e+00   3.0535138e+00   3.0506737e+00   3.0476501e+00   3.0445359e+00   3.0413420e+00   3.0380964e+00   3.0348270e+00   3.0315435e+00   3.0282965e+00   3.0251667e+00   3.0222557e+00   3.0196650e+00   3.0173893e+00   3.0154235e+00   3.0137875e+00   3.0125825e+00   3.0118790e+00   3.0116932e+00   3.0120411e+00   3.0129280e+00   3.0142868e+00   3.0160472e+00   3.0181768e+00   3.0206251e+00   3.0234091e+00   3.0265114e+00   3.0298493e+00   3.0332878e+00   3.0366268e+00   3.0397892e+00   3.0426285e+00   3.0450385e+00   3.0468929e+00   3.0481155e+00   3.0487814e+00   3.0489140e+00   3.0485785e+00   3.0478325e+00   3.0467272e+00   3.0452974e+00   3.0435712e+00   3.0416183e+00   3.0394542e+00   3.0371237e+00   3.0346394e+00   3.0320270e+00   3.0293016e+00   3.0264502e+00   3.0234940e+00   3.0204601e+00   3.0173540e+00   3.0141885e+00   3.0109794e+00   3.0077136e+00   3.0044291e+00   3.0011342e+00   2.9978549e+00   2.9945681e+00   2.9913046e+00   2.9880836e+00   2.9849281e+00   2.9818239e+00   2.9787443e+00   2.9756985e+00   2.9726782e+00   2.9696732e+00
   2.7149098e+00   2.7130196e+00   2.7111130e+00   2.7092311e+00   2.7073681e+00   2.7055085e+00   2.7036192e+00   2.7017186e+00   2.6998279e+00   2.6979682e+00   2.6961689e+00   2.6944158e+00   2.6926987e+00   2.6910152e+00   2.6893637e+00   2.6877611e+00   2.6862223e+00   2.6847725e+00   2.6834376e+00   2.6822121e+00   2.6810608e+00   2.6799717e+00   2.6789353e+00   2.6779499e+00   2.6770096e+00   2.6761167e+00   2.6752741e+00   2.6744483e+00   2.6735904e+00   2.6726525e+00   2.6716068e+00   2.6704428e+00   2.6691411e+00   2.6677084e+00   2.6661463e+00   2.6644554e+00   2.6626298e+00   2.6606710e+00   2.6586561e+00   2.6566556e+00   2.6546888e+00   2.6527231e+00   2.6506999e+00   2.6486776e+00   2.6467860e+00   2.6451211e+00   2.6436644e+00   2.6423588e+00   2.6412389e+00   2.6404154e+00   2.6399508e+00   2.6398342e+00   2.6400421e+00   2.6405382e+00   2.6413076e+00   2.6423502e+00   2.6436713e+00   2.6452494e+00   2.6470721e+00   2.6491001e+00   2.6512759e+00   2.6535244e+00   2.6557662e+00   2.6579444e+00   2.6599758e+00   2.6617553e+00   2.6631925e+00   2.6642497e+00   2.6648862e+00   2.6651194e+00   2.6650057e+00   2.6646249e+00   2.6640306e+00   2.6632547e+00   2.6622813e+00   2.6611121e+00   2.6597483e+00   2.6582325e+00   2.6566055e+00   2.6548941e+00   2.6531081e+00   2.6512690e+00   2.6493528e+00   2.6473525e+00   2.6452518e+00   2.6430657e+00   2.6408451e+00   2.6386242e+00   2.6364291e+00   2.6342080e+00   2.6319458e+00   2.6296647e+00   2.6273668e+00   2.6250856e+00   2.6228349e+00   2.6206250e+00   2.6184626e+00   2.6163309e+00   2.6141989e+00   2.6119912e+00
   2.9918196e+00   2.9886677e+00   2.9854758e+00   2.9822776e+00   2.9791059e+00   2.9759111e+00   2.9727352e+00   2.9695537e+00   2.9664192e+00   2.9633131e+00   2.9602261e+00   2.9571638e+00   2.9542053e+00   2.9513018e+00   2.9484653e+00   2.9457095e+00   2.9430573e+00   2.9405248e+00   2.9380972e+00   2.9357746e+00   2.9335816e+00   2.9314966e+00   2.9295063e+00   2.9276040e+00   2.9257653e+00   2.9239864e+00   2.9222567e+00   2.9205687e+00   2.9188726e+00   2.9170721e+00   2.9151351e+00   2.9130447e+00   2.9107959e+00   2.9083385e+00   2.9056747e+00   2.9028523e+00   2.8999259e+00   2.8968914e+00   2.8937705e+00   2.8906319e+00   2.8875072e+00   2.8843720e+00   2.8812077e+00   2.8780925e+00   2.8751652e+00   2.8725376e+00   2.8702137e+00   2.8681507e+00   2.8663490e+00   2.8648803e+00   2.8638508e+00   2.8633020e+00   2.8632271e+00   2.8636043e+00   2.8643548e+00   2.8654606e+00   2.8668613e+00   2.8685691e+00   2.8705719e+00   2.8728430e+00   2.8753319e+00   2.8779314e+00   2.8805408e+00   2.8830299e+00   2.8852556e+00   2.8871021e+00   2.8885276e+00   2.8894684e+00   2.8899062e+00   2.8898675e+00   2.8894374e+00   2.8886516e+00   2.8875275e+00   2.8861084e+00   2.8844693e+00   2.8826230e+00   2.8805664e+00   2.8783371e+00   2.8759975e+00   2.8735611e+00   2.8709984e+00   2.8683140e+00   2.8655405e+00   2.8627012e+00   2.8597887e+00   2.8568094e+00   2.8537922e+00   2.8507576e+00   2.8476837e+00   2.8445759e+00   2.8414438e+00   2.8383238e+00   2.8352277e+00   2.8321731e+00   2.8291543e+00   2.8261507e+00   2.8231783e+00   2.8202369e+00   2.8173218e+00   2.8144169e+00
   2.9606960e+00   2.9580219e+00   2.9552965e+00   2.9525592e+00   2.9497995e+00   2.9470561e+00   2.9442825e+00   2.9415483e+00   2.9388161e+00   2.9360783e+00   2.9333436e+00   2.9306648e+00   2.9280186e+00   2.9254332e+00   2.9228947e+00   2.9204397e+00   2.9180527e+00   2.9157524e+00   2.9135485e+00   2.9114478e+00   2.9094508e+00   2.9075251e+00   2.9056904e+00   2.9039354e+00   2.9022443e+00   2.9005778e+00   2.8989484e+00   2.8973458e+00   2.8957424e+00   2.8940334e+00   2.8922281e+00   2.8902884e+00   2.8881748e+00   2.8858597e+00   2.8833792e+00   2.8807430e+00   2.8779809e+00   2.8751192e+00   2.8722172e+00   2.8693340e+00   2.8664589e+00   2.8635550e+00   2.8606513e+00   2.8577740e+00   2.8550472e+00   2.8525717e+00   2.8503640e+00   2.8484192e+00   2.8466997e+00   2.8452981e+00   2.8442857e+00   2.8436842e+00   2.8435104e+00   2.8437240e+00   2.8442872e+00   2.8451803e+00   2.8463476e+00   2.8477700e+00   2.8494549e+00   2.8513825e+00   2.8535221e+00   2.8557673e+00   2.8579886e+00   2.8600836e+00   2.8619344e+00   2.8634293e+00   2.8645458e+00   2.8652279e+00   2.8654568e+00   2.8652675e+00   2.8647146e+00   2.8638599e+00   2.8627121e+00   2.8612964e+00   2.8596632e+00   2.8578360e+00   2.8558385e+00   2.8536985e+00   2.8514411e+00   2.8490927e+00   2.8466508e+00   2.8441174e+00   2.8414736e+00   2.8387489e+00   2.8359673e+00   2.8331296e+00   2.8302367e+00   2.8272724e+00   2.8242786e+00   2.8212531e+00   2.8182313e+00   2.8152297e+00   2.8122418e+00   2.8092442e+00   2.8062775e+00   2.8033600e+00   2.8004782e+00   2.7975972e+00   2.7946968e+00   2.7918196e+00
   2.9431944e+00   2.9397237e+00   2.9362667e+00   2.9328041e+00   2.9293728e+00   2.9259605e+00   2.9225845e+00   2.9192486e+00   2.9159477e+00   2.9126804e+00   2.9094703e+00   2.9063416e+00   2.9033039e+00   2.9003470e+00   2.8974791e+00   2.8946984e+00   2.8920391e+00   2.8895080e+00   2.8870871e+00   2.8848076e+00   2.8826473e+00   2.8805914e+00   2.8786228e+00   2.8767068e+00   2.8748531e+00   2.8730705e+00   2.8713415e+00   2.8696716e+00   2.8679879e+00   2.8661995e+00   2.8642750e+00   2.8621731e+00   2.8599491e+00   2.8575823e+00   2.8550713e+00   2.8524504e+00   2.8496990e+00   2.8468533e+00   2.8439789e+00   2.8411188e+00   2.8382695e+00   2.8353567e+00   2.8323650e+00   2.8294382e+00   2.8267686e+00   2.8244541e+00   2.8223991e+00   2.8205469e+00   2.8189087e+00   2.8176258e+00   2.8167861e+00   2.8164027e+00   2.8164520e+00   2.8169086e+00   2.8177059e+00   2.8188105e+00   2.8202181e+00   2.8219414e+00   2.8239539e+00   2.8262136e+00   2.8286207e+00   2.8311055e+00   2.8335590e+00   2.8358543e+00   2.8378773e+00   2.8395174e+00   2.8407297e+00   2.8415024e+00   2.8418362e+00   2.8417838e+00   2.8413498e+00   2.8405859e+00   2.8395405e+00   2.8382683e+00   2.8368189e+00   2.8351746e+00   2.8333676e+00   2.8314126e+00   2.8293514e+00   2.8271816e+00   2.8249264e+00   2.8226013e+00   2.8202097e+00   2.8177526e+00   2.8152206e+00   2.8126633e+00   2.8101079e+00   2.8075454e+00   2.8049567e+00   2.8023579e+00   2.7997782e+00   2.7972229e+00   2.7946987e+00   2.7922294e+00   2.7897987e+00   2.7873898e+00   2.7850106e+00   2.7826679e+00   2.7803361e+00   2.7779725e+00
   2.8946512e+00   2.8917191e+00   2.8887393e+00   2.8857481e+00   2.8827810e+00   2.8798180e+00   2.8768597e+00   2.8739078e+00   2.8709662e+00   2.8680513e+00   2.8651469e+00   2.8622808e+00   2.8594627e+00   2.8566933e+00   2.8539896e+00   2.8513775e+00   2.8488452e+00   2.8464191e+00   2.8440762e+00   2.8418267e+00   2.8396816e+00   2.8376274e+00   2.8356712e+00   2.8337882e+00   2.8319538e+00   2.8301849e+00   2.8284655e+00   2.8267481e+00   2.8249989e+00   2.8231761e+00   2.8212566e+00   2.8192167e+00   2.8169975e+00   2.8146114e+00   2.8120396e+00   2.8093405e+00   2.8065014e+00   2.8036025e+00   2.8006935e+00   2.7977860e+00   2.7948697e+00   2.7918947e+00   2.7888949e+00   2.7859690e+00   2.7832298e+00   2.7807691e+00   2.7785833e+00   2.7766142e+00   2.7749109e+00   2.7735233e+00   2.7725160e+00   2.7719107e+00   2.7717025e+00   2.7718952e+00   2.7724707e+00   2.7733812e+00   2.7745750e+00   2.7760236e+00   2.7777195e+00   2.7796259e+00   2.7817078e+00   2.7838898e+00   2.7860763e+00   2.7881212e+00   2.7898998e+00   2.7913496e+00   2.7923810e+00   2.7929628e+00   2.7930899e+00   2.7928131e+00   2.7921925e+00   2.7912512e+00   2.7900324e+00   2.7885692e+00   2.7868774e+00   2.7849865e+00   2.7829475e+00   2.7807992e+00   2.7785416e+00   2.7761695e+00   2.7736950e+00   2.7711422e+00   2.7685127e+00   2.7658074e+00   2.7630498e+00   2.7602491e+00   2.7573946e+00   2.7545278e+00   2.7516325e+00   2.7487299e+00   2.7458200e+00   2.7429152e+00   2.7400389e+00   2.7371664e+00   2.7343273e+00   2.7315247e+00   2.7287686e+00   2.7260551e+00   2.7233393e+00   2.7206342e+00
   2.8115342e+00   2.8091810e+00   2.8068168e+00   2.8044407e+00   2.8021014e+00   2.7998040e+00   2.7975140e+00   2.7952538e+00   2.7929900e+00   2.7907403e+00   2.7885358e+00   2.7863810e+00   2.7842906e+00   2.7822812e+00   2.7803476e+00   2.7784898e+00   2.7767184e+00   2.7750492e+00   2.7735145e+00   2.7720852e+00   2.7707500e+00   2.7694864e+00   2.7683184e+00   2.7672007e+00   2.7661183e+00   2.7650518e+00   2.7640333e+00   2.7630470e+00   2.7620375e+00   2.7609479e+00   2.7597008e+00   2.7582905e+00   2.7567103e+00   2.7549591e+00   2.7530816e+00   2.7510631e+00   2.7489479e+00   2.7467968e+00   2.7446299e+00   2.7424622e+00   2.7402236e+00   2.7378666e+00   2.7354405e+00   2.7331476e+00   2.7311544e+00   2.7294788e+00   2.7280281e+00   2.7267120e+00   2.7255995e+00   2.7248304e+00   2.7244685e+00   2.7245445e+00   2.7250311e+00   2.7258980e+00   2.7271020e+00   2.7285919e+00   2.7303791e+00   2.7324517e+00   2.7347965e+00   2.7373669e+00   2.7401145e+00   2.7429562e+00   2.7457526e+00   2.7483728e+00   2.7507153e+00   2.7527130e+00   2.7543039e+00   2.7554576e+00   2.7561913e+00   2.7565491e+00   2.7565429e+00   2.7561886e+00   2.7555282e+00   2.7546403e+00   2.7535560e+00   2.7522945e+00   2.7508810e+00   2.7493584e+00   2.7477102e+00   2.7459707e+00   2.7441204e+00   2.7421787e+00   2.7401562e+00   2.7380440e+00   2.7359183e+00   2.7337563e+00   2.7315733e+00   2.7293656e+00   2.7271175e+00   2.7248535e+00   2.7225742e+00   2.7203033e+00   2.7180767e+00   2.7158954e+00   2.7137449e+00   2.7116172e+00   2.7095153e+00   2.7074435e+00   2.7053440e+00   2.7032468e+00
   2.8510666e+00   2.8482778e+00   2.8455026e+00   2.8427279e+00   2.8399456e+00   2.8371708e+00   2.8344097e+00   2.8317006e+00   2.8290241e+00   2.8263521e+00   2.8237150e+00   2.8211181e+00   2.8185947e+00   2.8161457e+00   2.8137739e+00   2.8114796e+00   2.8092825e+00   2.8071718e+00   2.8051617e+00   2.8032720e+00   2.8014972e+00   2.7998307e+00   2.7982407e+00   2.7967269e+00   2.7952850e+00   2.7939155e+00   2.7925856e+00   2.7912629e+00   2.7898986e+00   2.7884586e+00   2.7868855e+00   2.7851703e+00   2.7832615e+00   2.7811973e+00   2.7789648e+00   2.7765903e+00   2.7741048e+00   2.7715080e+00   2.7688684e+00   2.7662113e+00   2.7635286e+00   2.7608144e+00   2.7580471e+00   2.7553437e+00   2.7528458e+00   2.7506599e+00   2.7487497e+00   2.7470448e+00   2.7455647e+00   2.7444160e+00   2.7436886e+00   2.7433994e+00   2.7435224e+00   2.7440643e+00   2.7449834e+00   2.7462199e+00   2.7477586e+00   2.7495706e+00   2.7516654e+00   2.7540014e+00   2.7565250e+00   2.7591362e+00   2.7617381e+00   2.7641985e+00   2.7664306e+00   2.7683039e+00   2.7697427e+00   2.7707348e+00   2.7712486e+00   2.7713261e+00   2.7710121e+00   2.7703607e+00   2.7694046e+00   2.7681868e+00   2.7667387e+00   2.7651217e+00   2.7633264e+00   2.7613919e+00   2.7593348e+00   2.7571614e+00   2.7548819e+00   2.7525060e+00   2.7500353e+00   2.7474754e+00   2.7448604e+00   2.7422132e+00   2.7395566e+00   2.7368526e+00   2.7341230e+00   2.7313707e+00   2.7285945e+00   2.7258406e+00   2.7231157e+00   2.7204113e+00   2.7177174e+00   2.7150867e+00   2.7125056e+00   2.7099483e+00   2.7074096e+00   2.7048626e+00
   3.2779214e+00   3.2743866e+00   3.2708447e+00   3.2673028e+00   3.2637892e+00   3.2602866e+00   3.2567711e+00   3.2532971e+00   3.2498503e+00   3.2464569e+00   3.2431071e+00   3.2398236e+00   3.2366111e+00   3.2335265e+00   3.2305543e+00   3.2276967e+00   3.2249346e+00   3.2222989e+00   3.2198155e+00   3.2175143e+00   3.2153759e+00   3.2133954e+00   3.2115285e+00   3.2097187e+00   3.2079666e+00   3.2062931e+00   3.2047074e+00   3.2031078e+00   3.2014663e+00   3.1997347e+00   3.1978481e+00   3.1956863e+00   3.1932287e+00   3.1904657e+00   3.1874883e+00   3.1842649e+00   3.1808300e+00   3.1772797e+00   3.1736305e+00   3.1699104e+00   3.1661203e+00   3.1623459e+00   3.1586027e+00   3.1549599e+00   3.1515472e+00   3.1485348e+00   3.1459019e+00   3.1435888e+00   3.1416187e+00   3.1401360e+00   3.1392050e+00   3.1388595e+00   3.1391385e+00   3.1400309e+00   3.1414378e+00   3.1432130e+00   3.1453619e+00   3.1478822e+00   3.1507702e+00   3.1539538e+00   3.1573541e+00   3.1609039e+00   3.1644192e+00   3.1677217e+00   3.1706383e+00   3.1730568e+00   3.1748869e+00   3.1761043e+00   3.1767056e+00   3.1767457e+00   3.1762807e+00   3.1753721e+00   3.1740637e+00   3.1723855e+00   3.1704104e+00   3.1681585e+00   3.1657276e+00   3.1631355e+00   3.1603591e+00   3.1574037e+00   3.1542876e+00   3.1510518e+00   3.1477082e+00   3.1442566e+00   3.1407471e+00   3.1371734e+00   3.1335669e+00   3.1299000e+00   3.1261606e+00   3.1223679e+00   3.1185486e+00   3.1147726e+00   3.1110117e+00   3.1073086e+00   3.1036255e+00   3.1000140e+00   3.0964565e+00   3.0929034e+00   3.0893669e+00   3.0858631e+00
   2.9235461e+00   2.9208257e+00   2.9181263e+00   2.9153955e+00   2.9126556e+00   2.9099262e+00   2.9072287e+00   2.9045486e+00   2.9019022e+00   2.8992670e+00   2.8966672e+00   2.8941033e+00   2.8916075e+00   2.8891761e+00   2.8868191e+00   2.8845463e+00   2.8823788e+00   2.8803146e+00   2.8783543e+00   2.8765011e+00   2.8747337e+00   2.8730567e+00   2.8714609e+00   2.8699667e+00   2.8685291e+00   2.8671200e+00   2.8657444e+00   2.8643882e+00   2.8630278e+00   2.8616009e+00   2.8600464e+00   2.8583410e+00   2.8564627e+00   2.8544147e+00   2.8522141e+00   2.8498538e+00   2.8473558e+00   2.8447628e+00   2.8421543e+00   2.8395462e+00   2.8368645e+00   2.8340757e+00   2.8312533e+00   2.8285501e+00   2.8260701e+00   2.8238640e+00   2.8218925e+00   2.8201363e+00   2.8186188e+00   2.8174486e+00   2.8166752e+00   2.8163576e+00   2.8164666e+00   2.8169773e+00   2.8178766e+00   2.8191242e+00   2.8206809e+00   2.8225210e+00   2.8246374e+00   2.8270254e+00   2.8296382e+00   2.8323500e+00   2.8350508e+00   2.8376200e+00   2.8399265e+00   2.8418386e+00   2.8433268e+00   2.8443682e+00   2.8449438e+00   2.8450711e+00   2.8448064e+00   2.8442223e+00   2.8433406e+00   2.8421853e+00   2.8408060e+00   2.8392191e+00   2.8374550e+00   2.8355474e+00   2.8335114e+00   2.8313673e+00   2.8291180e+00   2.8267593e+00   2.8243201e+00   2.8218133e+00   2.8192604e+00   2.8166656e+00   2.8140509e+00   2.8114116e+00   2.8087280e+00   2.8060157e+00   2.8032897e+00   2.8005943e+00   2.7979279e+00   2.7953007e+00   2.7927084e+00   2.7901564e+00   2.7876453e+00   2.7851551e+00   2.7826622e+00   2.7801371e+00
   3.0686369e+00   3.0659287e+00   3.0632293e+00   3.0605118e+00   3.0577900e+00   3.0550566e+00   3.0523052e+00   3.0495908e+00   3.0468829e+00   3.0441940e+00   3.0415623e+00   3.0389497e+00   3.0364029e+00   3.0339267e+00   3.0314844e+00   3.0291326e+00   3.0268686e+00   3.0247390e+00   3.0227449e+00   3.0208733e+00   3.0191047e+00   3.0174332e+00   3.0158424e+00   3.0143034e+00   3.0128243e+00   3.0114200e+00   3.0100737e+00   3.0087326e+00   3.0073607e+00   3.0058832e+00   3.0042610e+00   3.0024672e+00   3.0005093e+00   2.9983547e+00   2.9960079e+00   2.9934921e+00   2.9908307e+00   2.9880791e+00   2.9852779e+00   2.9824486e+00   2.9795799e+00   2.9766581e+00   2.9737570e+00   2.9709623e+00   2.9683673e+00   2.9660466e+00   2.9639647e+00   2.9621170e+00   2.9605300e+00   2.9593213e+00   2.9585755e+00   2.9582765e+00   2.9584236e+00   2.9590092e+00   2.9599857e+00   2.9613016e+00   2.9629390e+00   2.9648883e+00   2.9671354e+00   2.9696293e+00   2.9723263e+00   2.9751081e+00   2.9778843e+00   2.9805138e+00   2.9829111e+00   2.9849586e+00   2.9865716e+00   2.9876842e+00   2.9882946e+00   2.9884741e+00   2.9882481e+00   2.9876697e+00   2.9867923e+00   2.9856491e+00   2.9842803e+00   2.9826744e+00   2.9808979e+00   2.9789693e+00   2.9769113e+00   2.9747210e+00   2.9724438e+00   2.9701025e+00   2.9676650e+00   2.9651077e+00   2.9624674e+00   2.9597757e+00   2.9570503e+00   2.9543049e+00   2.9515581e+00   2.9487715e+00   2.9459496e+00   2.9431183e+00   2.9402978e+00   2.9374981e+00   2.9347267e+00   2.9320490e+00   2.9294405e+00   2.9267986e+00   2.9241254e+00   2.9214544e+00
   2.9591141e+00   2.9562275e+00   2.9533169e+00   2.9504001e+00   2.9475014e+00   2.9446268e+00   2.9418077e+00   2.9390647e+00   2.9363453e+00   2.9336107e+00   2.9309146e+00   2.9282825e+00   2.9257495e+00   2.9233172e+00   2.9209824e+00   2.9187639e+00   2.9166710e+00   2.9146550e+00   2.9127634e+00   2.9110186e+00   2.9094265e+00   2.9079669e+00   2.9066241e+00   2.9053767e+00   2.9041843e+00   2.9030190e+00   2.9018905e+00   2.9007940e+00   2.8996880e+00   2.8984804e+00   2.8970773e+00   2.8954973e+00   2.8936889e+00   2.8916347e+00   2.8893301e+00   2.8868096e+00   2.8841152e+00   2.8813136e+00   2.8784630e+00   2.8756130e+00   2.8727572e+00   2.8698204e+00   2.8668458e+00   2.8639462e+00   2.8613226e+00   2.8590486e+00   2.8570940e+00   2.8553991e+00   2.8540230e+00   2.8530617e+00   2.8525934e+00   2.8526661e+00   2.8532772e+00   2.8544121e+00   2.8559961e+00   2.8579810e+00   2.8603280e+00   2.8630197e+00   2.8660638e+00   2.8694217e+00   2.8729951e+00   2.8766906e+00   2.8803742e+00   2.8838866e+00   2.8870704e+00   2.8897631e+00   2.8919058e+00   2.8934529e+00   2.8943768e+00   2.8947709e+00   2.8946893e+00   2.8941886e+00   2.8932755e+00   2.8919823e+00   2.8903990e+00   2.8885911e+00   2.8865776e+00   2.8843753e+00   2.8820133e+00   2.8795185e+00   2.8768890e+00   2.8741350e+00   2.8712552e+00   2.8682740e+00   2.8652265e+00   2.8621094e+00   2.8589287e+00   2.8556869e+00   2.8524311e+00   2.8491557e+00   2.8458805e+00   2.8426170e+00   2.8393695e+00   2.8361409e+00   2.8329618e+00   2.8298728e+00   2.8268125e+00   2.8237572e+00   2.8207397e+00   2.8177445e+00
   3.0252259e+00   3.0220897e+00   3.0189316e+00   3.0157502e+00   3.0125618e+00   3.0093966e+00   3.0062351e+00   3.0031064e+00   2.9999869e+00   2.9968834e+00   2.9938142e+00   2.9908218e+00   2.9878576e+00   2.9849455e+00   2.9820898e+00   2.9793508e+00   2.9767113e+00   2.9741914e+00   2.9717662e+00   2.9694605e+00   2.9672515e+00   2.9651330e+00   2.9631002e+00   2.9611700e+00   2.9592993e+00   2.9575005e+00   2.9557388e+00   2.9540279e+00   2.9523087e+00   2.9505024e+00   2.9485502e+00   2.9464495e+00   2.9441578e+00   2.9416440e+00   2.9389532e+00   2.9360952e+00   2.9331009e+00   2.9299901e+00   2.9268103e+00   2.9236133e+00   2.9204075e+00   2.9171402e+00   2.9138718e+00   2.9106762e+00   2.9076796e+00   2.9049580e+00   2.9025156e+00   2.9003143e+00   2.8983700e+00   2.8967988e+00   2.8956766e+00   2.8950102e+00   2.8948162e+00   2.8950717e+00   2.8957217e+00   2.8967259e+00   2.8980646e+00   2.8997505e+00   2.9017429e+00   2.9039962e+00   2.9064684e+00   2.9090679e+00   2.9116745e+00   2.9141436e+00   2.9163349e+00   2.9181499e+00   2.9194977e+00   2.9203217e+00   2.9206316e+00   2.9204786e+00   2.9199409e+00   2.9190266e+00   2.9177787e+00   2.9162438e+00   2.9144681e+00   2.9124935e+00   2.9103374e+00   2.9080193e+00   2.9055567e+00   2.9029648e+00   2.9002657e+00   2.8974955e+00   2.8946226e+00   2.8916633e+00   2.8886306e+00   2.8855724e+00   2.8824642e+00   2.8792946e+00   2.8761108e+00   2.8728962e+00   2.8696659e+00   2.8664196e+00   2.8632030e+00   2.8600357e+00   2.8569152e+00   2.8538303e+00   2.8507688e+00   2.8477316e+00   2.8447006e+00   2.8416703e+00
   3.0840349e+00   3.0810690e+00   3.0781267e+00   3.0752420e+00   3.0723798e+00   3.0694821e+00   3.0665619e+00   3.0636895e+00   3.0608940e+00   3.0581443e+00   3.0554762e+00   3.0528567e+00   3.0502946e+00   3.0477817e+00   3.0453739e+00   3.0431049e+00   3.0410035e+00   3.0390365e+00   3.0372245e+00   3.0355651e+00   3.0340235e+00   3.0325966e+00   3.0312576e+00   3.0300205e+00   3.0289116e+00   3.0278862e+00   3.0269184e+00   3.0259621e+00   3.0249565e+00   3.0238249e+00   3.0224879e+00   3.0209138e+00   3.0191059e+00   3.0170591e+00   3.0147469e+00   3.0122032e+00   3.0094490e+00   3.0065048e+00   3.0034530e+00   3.0003958e+00   2.9973433e+00   2.9942868e+00   2.9911911e+00   2.9881563e+00   2.9853442e+00   2.9828393e+00   2.9807055e+00   2.9789009e+00   2.9774544e+00   2.9764681e+00   2.9760323e+00   2.9761813e+00   2.9768734e+00   2.9780884e+00   2.9797895e+00   2.9819171e+00   2.9844372e+00   2.9873393e+00   2.9906015e+00   2.9941523e+00   2.9979017e+00   3.0017598e+00   3.0056279e+00   3.0093610e+00   3.0127621e+00   3.0156806e+00   3.0180061e+00   3.0196850e+00   3.0207202e+00   3.0211408e+00   3.0210800e+00   3.0205972e+00   3.0197232e+00   3.0185356e+00   3.0169990e+00   3.0151727e+00   3.0130787e+00   3.0108118e+00   3.0084050e+00   3.0058205e+00   3.0031223e+00   3.0003083e+00   2.9973726e+00   2.9942932e+00   2.9910862e+00   2.9878075e+00   2.9844868e+00   2.9811418e+00   2.9777606e+00   2.9743271e+00   2.9708536e+00   2.9673822e+00   2.9639244e+00   2.9604962e+00   2.9571409e+00   2.9538705e+00   2.9506414e+00   2.9473917e+00   2.9441230e+00   2.9408791e+00
   2.8733122e+00   2.8707449e+00   2.8681805e+00   2.8656085e+00   2.8630180e+00   2.8604252e+00   2.8578503e+00   2.8553178e+00   2.8528292e+00   2.8503678e+00   2.8479071e+00   2.8454685e+00   2.8430669e+00   2.8407280e+00   2.8384492e+00   2.8362548e+00   2.8341768e+00   2.8322017e+00   2.8302968e+00   2.8284597e+00   2.8266983e+00   2.8250320e+00   2.8234627e+00   2.8219757e+00   2.8205688e+00   2.8192065e+00   2.8178604e+00   2.8165064e+00   2.8151119e+00   2.8136513e+00   2.8120782e+00   2.8103797e+00   2.8085270e+00   2.8065388e+00   2.8043916e+00   2.8020737e+00   2.7996171e+00   2.7970841e+00   2.7945271e+00   2.7919929e+00   2.7894776e+00   2.7869236e+00   2.7843239e+00   2.7817147e+00   2.7792835e+00   2.7771451e+00   2.7752590e+00   2.7735662e+00   2.7720671e+00   2.7708549e+00   2.7700255e+00   2.7695668e+00   2.7694719e+00   2.7697370e+00   2.7703164e+00   2.7712080e+00   2.7723808e+00   2.7738504e+00   2.7755861e+00   2.7775357e+00   2.7796648e+00   2.7818978e+00   2.7841599e+00   2.7863131e+00   2.7882316e+00   2.7898502e+00   2.7910984e+00   2.7919586e+00   2.7923934e+00   2.7924254e+00   2.7921181e+00   2.7915094e+00   2.7906444e+00   2.7895393e+00   2.7882016e+00   2.7866848e+00   2.7850049e+00   2.7832143e+00   2.7813120e+00   2.7793005e+00   2.7772090e+00   2.7750380e+00   2.7727840e+00   2.7704341e+00   2.7680151e+00   2.7655442e+00   2.7630320e+00   2.7604837e+00   2.7578871e+00   2.7552769e+00   2.7526581e+00   2.7500322e+00   2.7474155e+00   2.7448072e+00   2.7422183e+00   2.7396650e+00   2.7371581e+00   2.7346811e+00   2.7321784e+00   2.7296588e+00
   2.9583633e+00   2.9555643e+00   2.9527466e+00   2.9498894e+00   2.9469874e+00   2.9440491e+00   2.9411507e+00   2.9382789e+00   2.9354174e+00   2.9325764e+00   2.9297447e+00   2.9269426e+00   2.9241993e+00   2.9214957e+00   2.9188490e+00   2.9162519e+00   2.9137490e+00   2.9113362e+00   2.9090271e+00   2.9068406e+00   2.9047282e+00   2.9027119e+00   2.9007702e+00   2.8989151e+00   2.8971174e+00   2.8953514e+00   2.8936226e+00   2.8919265e+00   2.8902004e+00   2.8884084e+00   2.8864918e+00   2.8844326e+00   2.8822296e+00   2.8798530e+00   2.8773210e+00   2.8746426e+00   2.8718216e+00   2.8689244e+00   2.8659935e+00   2.8630602e+00   2.8601284e+00   2.8571656e+00   2.8541954e+00   2.8512847e+00   2.8485696e+00   2.8461189e+00   2.8439083e+00   2.8418818e+00   2.8400879e+00   2.8386431e+00   2.8375845e+00   2.8369052e+00   2.8366206e+00   2.8367310e+00   2.8371856e+00   2.8379185e+00   2.8389270e+00   2.8402367e+00   2.8418167e+00   2.8436329e+00   2.8456297e+00   2.8477347e+00   2.8498363e+00   2.8518074e+00   2.8535249e+00   2.8549049e+00   2.8558998e+00   2.8564703e+00   2.8566170e+00   2.8563490e+00   2.8557165e+00   2.8547781e+00   2.8535633e+00   2.8521159e+00   2.8504658e+00   2.8486340e+00   2.8466289e+00   2.8444526e+00   2.8421586e+00   2.8397920e+00   2.8373210e+00   2.8347609e+00   2.8321495e+00   2.8295085e+00   2.8267996e+00   2.8239968e+00   2.8211701e+00   2.8183167e+00   2.8154533e+00   2.8125505e+00   2.8096559e+00   2.8067770e+00   2.8039062e+00   2.8010762e+00   2.7982819e+00   2.7955291e+00   2.7928135e+00   2.7901261e+00   2.7874320e+00   2.7847240e+00
   3.0881813e+00   3.0852101e+00   3.0822279e+00   3.0792420e+00   3.0762997e+00   3.0733871e+00   3.0705154e+00   3.0676773e+00   3.0648477e+00   3.0620365e+00   3.0592544e+00   3.0565109e+00   3.0538628e+00   3.0513356e+00   3.0489399e+00   3.0466235e+00   3.0444031e+00   3.0422981e+00   3.0403521e+00   3.0385430e+00   3.0368822e+00   3.0353496e+00   3.0339336e+00   3.0326176e+00   3.0313690e+00   3.0301495e+00   3.0289843e+00   3.0278380e+00   3.0266726e+00   3.0253818e+00   3.0239160e+00   3.0222332e+00   3.0203142e+00   3.0181344e+00   3.0156994e+00   3.0130520e+00   3.0102234e+00   3.0072663e+00   3.0042524e+00   3.0012181e+00   2.9981272e+00   2.9949687e+00   2.9917412e+00   2.9886186e+00   2.9857795e+00   2.9833357e+00   2.9812348e+00   2.9794061e+00   2.9778566e+00   2.9767416e+00   2.9761441e+00   2.9761279e+00   2.9766858e+00   2.9777794e+00   2.9793472e+00   2.9813137e+00   2.9836743e+00   2.9863825e+00   2.9894383e+00   2.9928062e+00   2.9964066e+00   3.0001304e+00   3.0038369e+00   3.0073502e+00   3.0105145e+00   3.0132072e+00   3.0153253e+00   3.0168827e+00   3.0178299e+00   3.0182095e+00   3.0180886e+00   3.0175292e+00   3.0165851e+00   3.0153074e+00   3.0137196e+00   3.0119092e+00   3.0098991e+00   3.0076845e+00   3.0053031e+00   3.0027618e+00   3.0001097e+00   2.9973247e+00   2.9944172e+00   2.9914014e+00   2.9883096e+00   2.9851921e+00   2.9820330e+00   2.9788263e+00   2.9755766e+00   2.9722881e+00   2.9689629e+00   2.9656219e+00   2.9623203e+00   2.9590874e+00   2.9559090e+00   2.9527690e+00   2.9496644e+00   2.9465640e+00   2.9434681e+00   2.9403994e+00
   2.8031509e+00   2.8007431e+00   2.7982900e+00   2.7958164e+00   2.7933433e+00   2.7908916e+00   2.7884591e+00   2.7860372e+00   2.7836421e+00   2.7812767e+00   2.7789059e+00   2.7765629e+00   2.7742488e+00   2.7719772e+00   2.7697852e+00   2.7676747e+00   2.7656524e+00   2.7637246e+00   2.7618649e+00   2.7600925e+00   2.7584114e+00   2.7568080e+00   2.7552938e+00   2.7538474e+00   2.7524598e+00   2.7510989e+00   2.7497616e+00   2.7484388e+00   2.7471218e+00   2.7457383e+00   2.7442667e+00   2.7426488e+00   2.7408731e+00   2.7389228e+00   2.7368176e+00   2.7345579e+00   2.7321777e+00   2.7297204e+00   2.7272418e+00   2.7247782e+00   2.7223117e+00   2.7197981e+00   2.7172539e+00   2.7147319e+00   2.7123652e+00   2.7102520e+00   2.7083747e+00   2.7067287e+00   2.7052975e+00   2.7041609e+00   2.7033663e+00   2.7029746e+00   2.7029684e+00   2.7033260e+00   2.7039869e+00   2.7049420e+00   2.7061932e+00   2.7077074e+00   2.7094772e+00   2.7114687e+00   2.7136450e+00   2.7159255e+00   2.7182019e+00   2.7203951e+00   2.7223682e+00   2.7240229e+00   2.7252979e+00   2.7261314e+00   2.7265217e+00   2.7265015e+00   2.7261534e+00   2.7255201e+00   2.7246163e+00   2.7234628e+00   2.7220986e+00   2.7205188e+00   2.7187436e+00   2.7168121e+00   2.7147872e+00   2.7126846e+00   2.7104895e+00   2.7082119e+00   2.7058332e+00   2.7033832e+00   2.7008641e+00   2.6982861e+00   2.6956637e+00   2.6930008e+00   2.6903164e+00   2.6876135e+00   2.6848943e+00   2.6821830e+00   2.6794844e+00   2.6768034e+00   2.6741238e+00   2.6714821e+00   2.6688986e+00   2.6663423e+00   2.6637728e+00   2.6611722e+00
   3.2435787e+00   3.2402303e+00   3.2368176e+00   3.2334099e+00   3.2300005e+00   3.2266247e+00   3.2232208e+00   3.2198315e+00   3.2164724e+00   3.2131732e+00   3.2099333e+00   3.2067306e+00   3.2035558e+00   3.2005074e+00   3.1975479e+00   3.1947062e+00   3.1919820e+00   3.1893761e+00   3.1869156e+00   3.1845989e+00   3.1824095e+00   3.1803188e+00   3.1783495e+00   3.1764247e+00   3.1745872e+00   3.1728389e+00   3.1711223e+00   3.1694114e+00   3.1676171e+00   3.1656921e+00   3.1636426e+00   3.1613722e+00   3.1589172e+00   3.1562383e+00   3.1533482e+00   3.1502926e+00   3.1470966e+00   3.1438000e+00   3.1404812e+00   3.1370842e+00   3.1336288e+00   3.1300898e+00   3.1265860e+00   3.1233034e+00   3.1203172e+00   3.1176510e+00   3.1152785e+00   3.1131952e+00   3.1114519e+00   3.1101322e+00   3.1093280e+00   3.1090791e+00   3.1093769e+00   3.1101882e+00   3.1114647e+00   3.1131380e+00   3.1151619e+00   3.1175416e+00   3.1202679e+00   3.1232870e+00   3.1265013e+00   3.1298027e+00   3.1330128e+00   3.1360080e+00   3.1386535e+00   3.1408501e+00   3.1424963e+00   3.1435688e+00   3.1441300e+00   3.1441574e+00   3.1437225e+00   3.1428919e+00   3.1417525e+00   3.1403162e+00   3.1385953e+00   3.1366894e+00   3.1346018e+00   3.1323357e+00   3.1299133e+00   3.1273844e+00   3.1247692e+00   3.1220369e+00   3.1191928e+00   3.1162844e+00   3.1133597e+00   3.1104050e+00   3.1074083e+00   3.1043670e+00   3.1013155e+00   3.0982616e+00   3.0952232e+00   3.0922079e+00   3.0892172e+00   3.0862360e+00   3.0833404e+00   3.0805042e+00   3.0777206e+00   3.0749559e+00   3.0721972e+00   3.0694456e+00
   3.0722907e+00   3.0690975e+00   3.0658553e+00   3.0626469e+00   3.0594292e+00   3.0561607e+00   3.0528958e+00   3.0496452e+00   3.0464237e+00   3.0432177e+00   3.0400200e+00   3.0368693e+00   3.0337772e+00   3.0307286e+00   3.0277607e+00   3.0248940e+00   3.0221300e+00   3.0194571e+00   3.0168695e+00   3.0143955e+00   3.0120335e+00   3.0097885e+00   3.0076628e+00   3.0056190e+00   3.0036266e+00   3.0016692e+00   2.9997542e+00   2.9978933e+00   2.9960308e+00   2.9941063e+00   2.9920294e+00   2.9897740e+00   2.9873259e+00   2.9847000e+00   2.9819241e+00   2.9789822e+00   2.9758713e+00   2.9726708e+00   2.9693978e+00   2.9661169e+00   2.9628189e+00   2.9594824e+00   2.9561355e+00   2.9528635e+00   2.9498065e+00   2.9470558e+00   2.9445908e+00   2.9423468e+00   2.9403574e+00   2.9387178e+00   2.9375217e+00   2.9367990e+00   2.9365599e+00   2.9367788e+00   2.9373913e+00   2.9383440e+00   2.9396048e+00   2.9411762e+00   2.9430397e+00   2.9451687e+00   2.9474924e+00   2.9499328e+00   2.9523704e+00   2.9546807e+00   2.9567330e+00   2.9584334e+00   2.9597054e+00   2.9605026e+00   2.9608097e+00   2.9606631e+00   2.9601004e+00   2.9591682e+00   2.9579163e+00   2.9564075e+00   2.9546778e+00   2.9527276e+00   2.9506023e+00   2.9483063e+00   2.9458983e+00   2.9433613e+00   2.9407184e+00   2.9379690e+00   2.9351521e+00   2.9322898e+00   2.9293375e+00   2.9263241e+00   2.9232578e+00   2.9201756e+00   2.9170618e+00   2.9139061e+00   2.9107406e+00   2.9075918e+00   2.9044743e+00   2.9013684e+00   2.8982718e+00   2.8952239e+00   2.8922262e+00   2.8892157e+00   2.8862190e+00   2.8832407e+00
   3.1865580e+00   3.1833630e+00   3.1801126e+00   3.1768835e+00   3.1736870e+00   3.1705055e+00   3.1673565e+00   3.1642418e+00   3.1611595e+00   3.1580927e+00   3.1550426e+00   3.1520662e+00   3.1491883e+00   3.1464157e+00   3.1437256e+00   3.1411517e+00   3.1387215e+00   3.1364295e+00   3.1342690e+00   3.1322811e+00   3.1304042e+00   3.1286659e+00   3.1270373e+00   3.1254895e+00   3.1240313e+00   3.1226501e+00   3.1213286e+00   3.1200230e+00   3.1186621e+00   3.1171715e+00   3.1155226e+00   3.1136425e+00   3.1114867e+00   3.1090729e+00   3.1064165e+00   3.1035194e+00   3.1004407e+00   3.0972130e+00   3.0939052e+00   3.0905488e+00   3.0871351e+00   3.0836792e+00   3.0802605e+00   3.0769758e+00   3.0739238e+00   3.0712099e+00   3.0688560e+00   3.0668383e+00   3.0651662e+00   3.0639427e+00   3.0632792e+00   3.0632188e+00   3.0637314e+00   3.0648012e+00   3.0663431e+00   3.0683167e+00   3.0706851e+00   3.0734398e+00   3.0765679e+00   3.0800180e+00   3.0836735e+00   3.0874271e+00   3.0911417e+00   3.0946712e+00   3.0978434e+00   3.1004860e+00   3.1025035e+00   3.1038978e+00   3.1046877e+00   3.1049013e+00   3.1045802e+00   3.1038373e+00   3.1027186e+00   3.1012485e+00   3.0994625e+00   3.0974205e+00   3.0951602e+00   3.0926826e+00   3.0900524e+00   3.0872872e+00   3.0843914e+00   3.0813560e+00   3.0782077e+00   3.0749807e+00   3.0716372e+00   3.0682344e+00   3.0648072e+00   3.0613604e+00   3.0578766e+00   3.0543377e+00   3.0508020e+00   3.0472744e+00   3.0437698e+00   3.0403061e+00   3.0368841e+00   3.0335038e+00   3.0301704e+00   3.0269063e+00   3.0236893e+00   3.0204601e+00
   3.0656745e+00   3.0623722e+00   3.0590355e+00   3.0556889e+00   3.0523283e+00   3.0489724e+00   3.0456123e+00   3.0422328e+00   3.0388672e+00   3.0355170e+00   3.0321853e+00   3.0288963e+00   3.0256577e+00   3.0224836e+00   3.0193872e+00   3.0163848e+00   3.0134971e+00   3.0107167e+00   3.0080070e+00   3.0054080e+00   3.0029173e+00   3.0005744e+00   2.9983089e+00   2.9961116e+00   2.9939516e+00   2.9918518e+00   2.9897823e+00   2.9877625e+00   2.9857433e+00   2.9836586e+00   2.9814174e+00   2.9790218e+00   2.9764745e+00   2.9737923e+00   2.9709399e+00   2.9679310e+00   2.9648039e+00   2.9616044e+00   2.9583943e+00   2.9551804e+00   2.9519551e+00   2.9486265e+00   2.9452422e+00   2.9419634e+00   2.9389467e+00   2.9362724e+00   2.9338341e+00   2.9315975e+00   2.9296238e+00   2.9280145e+00   2.9268100e+00   2.9260426e+00   2.9257040e+00   2.9257810e+00   2.9262173e+00   2.9269793e+00   2.9280357e+00   2.9293861e+00   2.9309826e+00   2.9328125e+00   2.9348395e+00   2.9369621e+00   2.9390936e+00   2.9410975e+00   2.9428813e+00   2.9443481e+00   2.9454224e+00   2.9460285e+00   2.9462006e+00   2.9460018e+00   2.9454632e+00   2.9445961e+00   2.9434490e+00   2.9420605e+00   2.9404640e+00   2.9386871e+00   2.9367740e+00   2.9347003e+00   2.9324951e+00   2.9302018e+00   2.9278440e+00   2.9254124e+00   2.9228840e+00   2.9202774e+00   2.9176121e+00   2.9149072e+00   2.9121828e+00   2.9094183e+00   2.9066393e+00   2.9038315e+00   2.9010079e+00   2.8982220e+00   2.8954878e+00   2.8927987e+00   2.8901083e+00   2.8874419e+00   2.8848228e+00   2.8821676e+00   2.8795116e+00   2.8768518e+00
   2.7303991e+00   2.7279863e+00   2.7255554e+00   2.7231133e+00   2.7206841e+00   2.7182357e+00   2.7158196e+00   2.7134323e+00   2.7110550e+00   2.7086837e+00   2.7063076e+00   2.7039559e+00   2.7016459e+00   2.6993883e+00   2.6972110e+00   2.6950948e+00   2.6930687e+00   2.6910954e+00   2.6891899e+00   2.6873875e+00   2.6856575e+00   2.6840124e+00   2.6824436e+00   2.6809235e+00   2.6794355e+00   2.6779807e+00   2.6765697e+00   2.6751909e+00   2.6737988e+00   2.6723487e+00   2.6707871e+00   2.6691229e+00   2.6673117e+00   2.6653733e+00   2.6633136e+00   2.6611273e+00   2.6588519e+00   2.6565025e+00   2.6541159e+00   2.6517465e+00   2.6493630e+00   2.6469309e+00   2.6444426e+00   2.6419904e+00   2.6397159e+00   2.6376879e+00   2.6358716e+00   2.6341858e+00   2.6326630e+00   2.6314132e+00   2.6305039e+00   2.6299534e+00   2.6297057e+00   2.6297710e+00   2.6301272e+00   2.6307476e+00   2.6316218e+00   2.6327467e+00   2.6341200e+00   2.6357102e+00   2.6374824e+00   2.6393449e+00   2.6412189e+00   2.6429527e+00   2.6444786e+00   2.6457491e+00   2.6467164e+00   2.6473296e+00   2.6475546e+00   2.6474364e+00   2.6470230e+00   2.6463375e+00   2.6454022e+00   2.6442454e+00   2.6429064e+00   2.6414328e+00   2.6398375e+00   2.6381207e+00   2.6362870e+00   2.6343532e+00   2.6323578e+00   2.6303091e+00   2.6282008e+00   2.6260161e+00   2.6237872e+00   2.6215112e+00   2.6191978e+00   2.6168473e+00   2.6144927e+00   2.6121480e+00   2.6097910e+00   2.6074576e+00   2.6051483e+00   2.6028516e+00   2.6005449e+00   2.5982683e+00   2.5960529e+00   2.5938730e+00   2.5916984e+00   2.5895054e+00
   3.0620956e+00   3.0591834e+00   3.0562773e+00   3.0533915e+00   3.0505283e+00   3.0477030e+00   3.0448835e+00   3.0421112e+00   3.0393956e+00   3.0367222e+00   3.0341022e+00   3.0315583e+00   3.0290966e+00   3.0267601e+00   3.0245409e+00   3.0224142e+00   3.0204351e+00   3.0186024e+00   3.0169067e+00   3.0153639e+00   3.0139503e+00   3.0126581e+00   3.0114985e+00   3.0104268e+00   3.0094435e+00   3.0085108e+00   3.0076187e+00   3.0067298e+00   3.0057900e+00   3.0047410e+00   3.0035098e+00   3.0020397e+00   3.0003233e+00   2.9983332e+00   2.9961131e+00   2.9936750e+00   2.9910135e+00   2.9882205e+00   2.9853489e+00   2.9824560e+00   2.9795148e+00   2.9765217e+00   2.9734907e+00   2.9705479e+00   2.9678762e+00   2.9655931e+00   2.9636881e+00   2.9620712e+00   2.9607785e+00   2.9599781e+00   2.9597445e+00   2.9600875e+00   2.9610031e+00   2.9624789e+00   2.9644597e+00   2.9668472e+00   2.9696186e+00   2.9727991e+00   2.9763315e+00   2.9801538e+00   2.9842110e+00   2.9883716e+00   2.9924996e+00   2.9963846e+00   2.9998653e+00   3.0028458e+00   3.0052049e+00   3.0068963e+00   3.0079403e+00   3.0084116e+00   3.0083973e+00   3.0079060e+00   3.0070069e+00   3.0057623e+00   3.0042095e+00   3.0023854e+00   3.0003071e+00   2.9980471e+00   2.9956276e+00   2.9930394e+00   2.9903176e+00   2.9874623e+00   2.9845102e+00   2.9814453e+00   2.9782801e+00   2.9750426e+00   2.9717739e+00   2.9684994e+00   2.9652131e+00   2.9618800e+00   2.9585285e+00   2.9551828e+00   2.9518738e+00   2.9486058e+00   2.9453831e+00   2.9422467e+00   2.9391518e+00   2.9360886e+00   2.9330318e+00   2.9300225e+00
   3.1012757e+00   3.0985899e+00   3.0958908e+00   3.0931623e+00   3.0904167e+00   3.0876949e+00   3.0849712e+00   3.0822895e+00   3.0795915e+00   3.0769081e+00   3.0743005e+00   3.0717461e+00   3.0692575e+00   3.0668373e+00   3.0644863e+00   3.0622466e+00   3.0601332e+00   3.0581295e+00   3.0562537e+00   3.0544765e+00   3.0528240e+00   3.0513058e+00   3.0498879e+00   3.0485611e+00   3.0473096e+00   3.0461190e+00   3.0449769e+00   3.0438397e+00   3.0426550e+00   3.0414078e+00   3.0399940e+00   3.0383739e+00   3.0365379e+00   3.0344865e+00   3.0322196e+00   3.0297296e+00   3.0270803e+00   3.0243330e+00   3.0215149e+00   3.0186903e+00   3.0158081e+00   3.0128393e+00   3.0098526e+00   3.0069854e+00   3.0043781e+00   3.0020897e+00   3.0000687e+00   2.9983165e+00   2.9968574e+00   2.9958255e+00   2.9952812e+00   2.9952304e+00   2.9956820e+00   2.9966209e+00   2.9980276e+00   2.9997959e+00   3.0019333e+00   3.0044165e+00   3.0072353e+00   3.0103276e+00   3.0136173e+00   3.0170705e+00   3.0205269e+00   3.0238488e+00   3.0268509e+00   3.0294325e+00   3.0315504e+00   3.0331147e+00   3.0341203e+00   3.0345876e+00   3.0345953e+00   3.0341959e+00   3.0334129e+00   3.0322971e+00   3.0309200e+00   3.0293109e+00   3.0274887e+00   3.0254822e+00   3.0233097e+00   3.0210187e+00   3.0185993e+00   3.0160587e+00   3.0134144e+00   3.0106509e+00   3.0078094e+00   3.0048988e+00   3.0019557e+00   2.9989750e+00   2.9959545e+00   2.9928865e+00   2.9898045e+00   2.9867423e+00   2.9836829e+00   2.9806411e+00   2.9776306e+00   2.9746926e+00   2.9718010e+00   2.9689186e+00   2.9659967e+00   2.9630330e+00
   3.1101768e+00   3.1069524e+00   3.1037111e+00   3.1003997e+00   3.0970557e+00   3.0937359e+00   3.0904615e+00   3.0872478e+00   3.0840786e+00   3.0809152e+00   3.0777905e+00   3.0747082e+00   3.0717199e+00   3.0688121e+00   3.0660124e+00   3.0633070e+00   3.0607226e+00   3.0582714e+00   3.0559704e+00   3.0537920e+00   3.0517681e+00   3.0498543e+00   3.0481036e+00   3.0464840e+00   3.0449572e+00   3.0434959e+00   3.0420434e+00   3.0406187e+00   3.0391734e+00   3.0376062e+00   3.0358915e+00   3.0339832e+00   3.0318272e+00   3.0293980e+00   3.0267065e+00   3.0237868e+00   3.0206578e+00   3.0173452e+00   3.0139401e+00   3.0105150e+00   3.0071008e+00   3.0036576e+00   3.0002005e+00   2.9968216e+00   2.9936893e+00   2.9908826e+00   2.9884217e+00   2.9862659e+00   2.9844663e+00   2.9830825e+00   2.9822338e+00   2.9819613e+00   2.9822681e+00   2.9831374e+00   2.9845135e+00   2.9863675e+00   2.9886448e+00   2.9912965e+00   2.9942837e+00   2.9975650e+00   3.0011222e+00   3.0048497e+00   3.0085876e+00   3.0121629e+00   3.0154488e+00   3.0183029e+00   3.0205603e+00   3.0221236e+00   3.0230215e+00   3.0233390e+00   3.0230992e+00   3.0223904e+00   3.0212553e+00   3.0197699e+00   3.0179436e+00   3.0158253e+00   3.0134737e+00   3.0109072e+00   3.0081413e+00   3.0052102e+00   3.0021439e+00   2.9989498e+00   2.9956372e+00   2.9921587e+00   2.9885960e+00   2.9849892e+00   2.9813118e+00   2.9775507e+00   2.9737236e+00   2.9698918e+00   2.9660444e+00   2.9621887e+00   2.9583328e+00   2.9545088e+00   2.9507275e+00   2.9469941e+00   2.9433384e+00   2.9397163e+00   2.9361203e+00   2.9325533e+00
   2.8381321e+00   2.8355863e+00   2.8330014e+00   2.8304021e+00   2.8278179e+00   2.8252413e+00   2.8226864e+00   2.8201275e+00   2.8175793e+00   2.8150465e+00   2.8125229e+00   2.8100204e+00   2.8075857e+00   2.8052099e+00   2.8029289e+00   2.8007030e+00   2.7985413e+00   2.7964551e+00   2.7944691e+00   2.7925880e+00   2.7908299e+00   2.7891471e+00   2.7875252e+00   2.7859561e+00   2.7844355e+00   2.7829731e+00   2.7815392e+00   2.7801187e+00   2.7786655e+00   2.7771206e+00   2.7754688e+00   2.7736723e+00   2.7717221e+00   2.7696073e+00   2.7673445e+00   2.7649498e+00   2.7624676e+00   2.7599249e+00   2.7573631e+00   2.7547894e+00   2.7521744e+00   2.7495086e+00   2.7468255e+00   2.7442205e+00   2.7418144e+00   2.7396858e+00   2.7378213e+00   2.7361593e+00   2.7347062e+00   2.7335427e+00   2.7327490e+00   2.7323506e+00   2.7323153e+00   2.7326324e+00   2.7332726e+00   2.7342167e+00   2.7354500e+00   2.7369463e+00   2.7386799e+00   2.7406304e+00   2.7427351e+00   2.7449448e+00   2.7471473e+00   2.7492301e+00   2.7510593e+00   2.7525604e+00   2.7536681e+00   2.7543869e+00   2.7547073e+00   2.7546608e+00   2.7542684e+00   2.7535849e+00   2.7526476e+00   2.7514846e+00   2.7501123e+00   2.7485640e+00   2.7468719e+00   2.7450573e+00   2.7431490e+00   2.7411392e+00   2.7390652e+00   2.7368872e+00   2.7346294e+00   2.7322977e+00   2.7299054e+00   2.7274873e+00   2.7250423e+00   2.7226121e+00   2.7201545e+00   2.7176752e+00   2.7151725e+00   2.7126644e+00   2.7101812e+00   2.7077086e+00   2.7052822e+00   2.7029178e+00   2.7005961e+00   2.6982708e+00   2.6959209e+00   2.6935718e+00
   2.9677379e+00   2.9651845e+00   2.9626238e+00   2.9600976e+00   2.9575713e+00   2.9550278e+00   2.9525175e+00   2.9500387e+00   2.9475892e+00   2.9451628e+00   2.9427478e+00   2.9404039e+00   2.9381192e+00   2.9359009e+00   2.9337685e+00   2.9317360e+00   2.9298108e+00   2.9280245e+00   2.9263518e+00   2.9247787e+00   2.9232750e+00   2.9218829e+00   2.9205978e+00   2.9194095e+00   2.9182713e+00   2.9171703e+00   2.9161007e+00   2.9150422e+00   2.9139252e+00   2.9127045e+00   2.9113176e+00   2.9097207e+00   2.9079401e+00   2.9059808e+00   2.9038441e+00   2.9015331e+00   2.8990641e+00   2.8965232e+00   2.8939602e+00   2.8913686e+00   2.8887348e+00   2.8860390e+00   2.8833351e+00   2.8807077e+00   2.8783300e+00   2.8763025e+00   2.8745756e+00   2.8730743e+00   2.8718052e+00   2.8709440e+00   2.8705909e+00   2.8707037e+00   2.8712242e+00   2.8721712e+00   2.8735235e+00   2.8752353e+00   2.8772268e+00   2.8794966e+00   2.8820782e+00   2.8849094e+00   2.8879051e+00   2.8909938e+00   2.8940308e+00   2.8968742e+00   2.8993950e+00   2.9015229e+00   2.9031899e+00   2.9043376e+00   2.9049485e+00   2.9051311e+00   2.9049320e+00   2.9043643e+00   2.9034832e+00   2.9023268e+00   2.9009430e+00   2.8993580e+00   2.8975966e+00   2.8956950e+00   2.8936596e+00   2.8915126e+00   2.8892696e+00   2.8869255e+00   2.8844936e+00   2.8819501e+00   2.8793564e+00   2.8767195e+00   2.8740618e+00   2.8713465e+00   2.8685999e+00   2.8658636e+00   2.8631134e+00   2.8603821e+00   2.8576667e+00   2.8549995e+00   2.8523643e+00   2.8497689e+00   2.8472223e+00   2.8446777e+00   2.8421402e+00   2.8396056e+00
   2.8291304e+00   2.8264744e+00   2.8237908e+00   2.8211033e+00   2.8184080e+00   2.8157265e+00   2.8130751e+00   2.8104420e+00   2.8078315e+00   2.8052614e+00   2.8027241e+00   2.8002217e+00   2.7977505e+00   2.7953289e+00   2.7929904e+00   2.7907503e+00   2.7886095e+00   2.7865932e+00   2.7846777e+00   2.7828448e+00   2.7810955e+00   2.7794399e+00   2.7778618e+00   2.7763536e+00   2.7748992e+00   2.7735071e+00   2.7721469e+00   2.7707827e+00   2.7693770e+00   2.7678893e+00   2.7662971e+00   2.7645504e+00   2.7626679e+00   2.7606499e+00   2.7584803e+00   2.7561769e+00   2.7537296e+00   2.7512314e+00   2.7487268e+00   2.7462349e+00   2.7437336e+00   2.7411623e+00   2.7385247e+00   2.7359707e+00   2.7336476e+00   2.7316227e+00   2.7298355e+00   2.7282388e+00   2.7268755e+00   2.7258432e+00   2.7251968e+00   2.7249401e+00   2.7250454e+00   2.7255163e+00   2.7263119e+00   2.7274249e+00   2.7288253e+00   2.7305048e+00   2.7324092e+00   2.7345133e+00   2.7367871e+00   2.7391427e+00   2.7414665e+00   2.7436759e+00   2.7456598e+00   2.7473290e+00   2.7486274e+00   2.7494895e+00   2.7499554e+00   2.7500305e+00   2.7497463e+00   2.7491601e+00   2.7483137e+00   2.7472618e+00   2.7460163e+00   2.7445767e+00   2.7429993e+00   2.7412803e+00   2.7394617e+00   2.7375424e+00   2.7355406e+00   2.7334757e+00   2.7313130e+00   2.7290914e+00   2.7267845e+00   2.7244308e+00   2.7220631e+00   2.7196770e+00   2.7172863e+00   2.7148659e+00   2.7124512e+00   2.7100379e+00   2.7076225e+00   2.7052410e+00   2.7028840e+00   2.7005816e+00   2.6983135e+00   2.6960561e+00   2.6937771e+00   2.6915054e+00
   3.0283031e+00   3.0254810e+00   3.0226078e+00   3.0197036e+00   3.0167706e+00   3.0138233e+00   3.0108891e+00   3.0079575e+00   3.0050361e+00   3.0021179e+00   2.9992039e+00   2.9963551e+00   2.9935596e+00   2.9907720e+00   2.9880326e+00   2.9853582e+00   2.9827909e+00   2.9803402e+00   2.9779930e+00   2.9757321e+00   2.9735954e+00   2.9715507e+00   2.9696112e+00   2.9677181e+00   2.9658725e+00   2.9640837e+00   2.9623597e+00   2.9606874e+00   2.9589961e+00   2.9572067e+00   2.9552815e+00   2.9531727e+00   2.9508736e+00   2.9484329e+00   2.9458153e+00   2.9430304e+00   2.9400804e+00   2.9370048e+00   2.9338722e+00   2.9307110e+00   2.9275396e+00   2.9243743e+00   2.9212341e+00   2.9181700e+00   2.9152937e+00   2.9126589e+00   2.9102728e+00   2.9081154e+00   2.9062278e+00   2.9046955e+00   2.9035778e+00   2.9028938e+00   2.9026468e+00   2.9028578e+00   2.9034469e+00   2.9043438e+00   2.9055145e+00   2.9069645e+00   2.9086945e+00   2.9106655e+00   2.9128199e+00   2.9150808e+00   2.9173477e+00   2.9194810e+00   2.9213591e+00   2.9228847e+00   2.9239852e+00   2.9246294e+00   2.9248123e+00   2.9245872e+00   2.9239528e+00   2.9229746e+00   2.9216998e+00   2.9201734e+00   2.9184525e+00   2.9165046e+00   2.9143946e+00   2.9121406e+00   2.9097712e+00   2.9073164e+00   2.9047368e+00   2.9020634e+00   2.8993046e+00   2.8965032e+00   2.8936603e+00   2.8907478e+00   2.8877764e+00   2.8847418e+00   2.8816884e+00   2.8785999e+00   2.8754940e+00   2.8724015e+00   2.8693421e+00   2.8663156e+00   2.8632841e+00   2.8602636e+00   2.8573043e+00   2.8543880e+00   2.8515091e+00   2.8485966e+00
   2.7812064e+00   2.7791741e+00   2.7771132e+00   2.7750313e+00   2.7729177e+00   2.7708015e+00   2.7687123e+00   2.7666714e+00   2.7646780e+00   2.7626972e+00   2.7606993e+00   2.7586992e+00   2.7567492e+00   2.7548685e+00   2.7530861e+00   2.7513988e+00   2.7498081e+00   2.7482862e+00   2.7468398e+00   2.7454643e+00   2.7441711e+00   2.7429721e+00   2.7418597e+00   2.7408440e+00   2.7398999e+00   2.7389634e+00   2.7380302e+00   2.7370796e+00   2.7361047e+00   2.7350614e+00   2.7339056e+00   2.7326176e+00   2.7311943e+00   2.7295940e+00   2.7278187e+00   2.7258856e+00   2.7238481e+00   2.7217476e+00   2.7196190e+00   2.7175138e+00   2.7153876e+00   2.7131946e+00   2.7109296e+00   2.7087078e+00   2.7066987e+00   2.7049856e+00   2.7035234e+00   2.7022562e+00   2.7011836e+00   2.7003822e+00   2.6999331e+00   2.6998730e+00   2.7001965e+00   2.7009022e+00   2.7019587e+00   2.7033098e+00   2.7049377e+00   2.7067976e+00   2.7088697e+00   2.7111759e+00   2.7136719e+00   2.7162817e+00   2.7188747e+00   2.7213459e+00   2.7236063e+00   2.7255480e+00   2.7270877e+00   2.7282076e+00   2.7289035e+00   2.7291965e+00   2.7291534e+00   2.7288017e+00   2.7281826e+00   2.7272987e+00   2.7261989e+00   2.7249353e+00   2.7235136e+00   2.7219703e+00   2.7202892e+00   2.7185056e+00   2.7166309e+00   2.7146542e+00   2.7126131e+00   2.7104845e+00   2.7082987e+00   2.7060540e+00   2.7037814e+00   2.7015028e+00   2.6991632e+00   2.6967916e+00   2.6944096e+00   2.6920509e+00   2.6897056e+00   2.6873713e+00   2.6850636e+00   2.6827781e+00   2.6805274e+00   2.6782866e+00   2.6760433e+00   2.6738026e+00
   2.9187050e+00   2.9156721e+00   2.9126351e+00   2.9095714e+00   2.9065180e+00   2.9034567e+00   2.9004059e+00   2.8973980e+00   2.8944080e+00   2.8914645e+00   2.8885365e+00   2.8856289e+00   2.8827698e+00   2.8799582e+00   2.8772173e+00   2.8745558e+00   2.8719552e+00   2.8694687e+00   2.8671093e+00   2.8648512e+00   2.8626835e+00   2.8605878e+00   2.8585746e+00   2.8566513e+00   2.8547614e+00   2.8529320e+00   2.8511772e+00   2.8494394e+00   2.8476772e+00   2.8458507e+00   2.8439209e+00   2.8418677e+00   2.8396454e+00   2.8372364e+00   2.8346989e+00   2.8320291e+00   2.8292141e+00   2.8263175e+00   2.8233778e+00   2.8204682e+00   2.8175707e+00   2.8146200e+00   2.8116691e+00   2.8087451e+00   2.8059790e+00   2.8034904e+00   2.8012488e+00   2.7992058e+00   2.7973385e+00   2.7957947e+00   2.7946432e+00   2.7938855e+00   2.7935059e+00   2.7934856e+00   2.7938316e+00   2.7944839e+00   2.7954085e+00   2.7966111e+00   2.7980683e+00   2.7997742e+00   2.8016942e+00   2.8037236e+00   2.8057649e+00   2.8076661e+00   2.8093455e+00   2.8107290e+00   2.8117392e+00   2.8123169e+00   2.8124626e+00   2.8122098e+00   2.8115971e+00   2.8106892e+00   2.8094828e+00   2.8080399e+00   2.8063800e+00   2.8045499e+00   2.8025684e+00   2.8004334e+00   2.7981694e+00   2.7957995e+00   2.7933490e+00   2.7908096e+00   2.7881863e+00   2.7855027e+00   2.7827568e+00   2.7799428e+00   2.7770760e+00   2.7741745e+00   2.7712834e+00   2.7683849e+00   2.7654781e+00   2.7625492e+00   2.7596104e+00   2.7567027e+00   2.7538254e+00   2.7509966e+00   2.7482173e+00   2.7454805e+00   2.7427442e+00   2.7400100e+00
   3.0481508e+00   3.0455370e+00   3.0429363e+00   3.0403354e+00   3.0377283e+00   3.0351236e+00   3.0325329e+00   3.0299537e+00   3.0273988e+00   3.0248823e+00   3.0224106e+00   3.0199890e+00   3.0176322e+00   3.0153706e+00   3.0131702e+00   3.0110729e+00   3.0091059e+00   3.0072527e+00   3.0055180e+00   3.0038860e+00   3.0023625e+00   3.0009663e+00   2.9996507e+00   2.9984045e+00   2.9972351e+00   2.9961040e+00   2.9950068e+00   2.9939239e+00   2.9927940e+00   2.9915457e+00   2.9901254e+00   2.9885113e+00   2.9867179e+00   2.9847343e+00   2.9825389e+00   2.9801733e+00   2.9776657e+00   2.9750793e+00   2.9724686e+00   2.9698334e+00   2.9671624e+00   2.9644153e+00   2.9616249e+00   2.9589331e+00   2.9565468e+00   2.9545357e+00   2.9527903e+00   2.9512646e+00   2.9500096e+00   2.9491730e+00   2.9488258e+00   2.9489806e+00   2.9496136e+00   2.9506912e+00   2.9521458e+00   2.9539669e+00   2.9561396e+00   2.9586258e+00   2.9613984e+00   2.9644001e+00   2.9675887e+00   2.9708862e+00   2.9741328e+00   2.9771636e+00   2.9798419e+00   2.9820864e+00   2.9838626e+00   2.9850919e+00   2.9858115e+00   2.9860697e+00   2.9858916e+00   2.9853604e+00   2.9845321e+00   2.9834173e+00   2.9820528e+00   2.9804630e+00   2.9787035e+00   2.9768019e+00   2.9747784e+00   2.9726372e+00   2.9703836e+00   2.9680216e+00   2.9655771e+00   2.9630585e+00   2.9604645e+00   2.9578362e+00   2.9551771e+00   2.9524963e+00   2.9497902e+00   2.9470723e+00   2.9443529e+00   2.9416525e+00   2.9389906e+00   2.9363563e+00   2.9337804e+00   2.9312544e+00   2.9287465e+00   2.9262588e+00   2.9237611e+00   2.9212449e+00
   2.6456289e+00   2.6435235e+00   2.6414182e+00   2.6393166e+00   2.6372159e+00   2.6350644e+00   2.6328974e+00   2.6307633e+00   2.6286557e+00   2.6265588e+00   2.6244876e+00   2.6224298e+00   2.6203802e+00   2.6183622e+00   2.6163547e+00   2.6144159e+00   2.6125650e+00   2.6107912e+00   2.6090977e+00   2.6074641e+00   2.6058772e+00   2.6043453e+00   2.6028757e+00   2.6014738e+00   2.6001031e+00   2.5987723e+00   2.5974741e+00   2.5961728e+00   2.5948985e+00   2.5935612e+00   2.5921400e+00   2.5906065e+00   2.5889409e+00   2.5871840e+00   2.5853314e+00   2.5833874e+00   2.5813379e+00   2.5792005e+00   2.5770350e+00   2.5748661e+00   2.5727417e+00   2.5706089e+00   2.5684423e+00   2.5662348e+00   2.5641110e+00   2.5622189e+00   2.5605614e+00   2.5590432e+00   2.5576642e+00   2.5564864e+00   2.5556300e+00   2.5551085e+00   2.5548596e+00   2.5548642e+00   2.5550959e+00   2.5555711e+00   2.5562637e+00   2.5571616e+00   2.5582619e+00   2.5595405e+00   2.5609629e+00   2.5624657e+00   2.5639694e+00   2.5653946e+00   2.5666697e+00   2.5676985e+00   2.5684545e+00   2.5688984e+00   2.5690205e+00   2.5688374e+00   2.5683467e+00   2.5676098e+00   2.5666640e+00   2.5655723e+00   2.5643318e+00   2.5629270e+00   2.5613642e+00   2.5596802e+00   2.5579026e+00   2.5560462e+00   2.5541294e+00   2.5521526e+00   2.5501201e+00   2.5480163e+00   2.5458574e+00   2.5436475e+00   2.5413840e+00   2.5390844e+00   2.5367825e+00   2.5344827e+00   2.5321648e+00   2.5298576e+00   2.5275457e+00   2.5252352e+00   2.5229251e+00   2.5206664e+00   2.5184724e+00   2.5162916e+00   2.5140512e+00   2.5117764e+00
   2.7016799e+00   2.6994650e+00   2.6972599e+00   2.6950531e+00   2.6928358e+00   2.6906192e+00   2.6884201e+00   2.6862547e+00   2.6841238e+00   2.6819789e+00   2.6798604e+00   2.6777713e+00   2.6757290e+00   2.6737442e+00   2.6718006e+00   2.6699197e+00   2.6681101e+00   2.6663883e+00   2.6647398e+00   2.6631806e+00   2.6616945e+00   2.6603012e+00   2.6589785e+00   2.6576970e+00   2.6564360e+00   2.6552165e+00   2.6540353e+00   2.6528795e+00   2.6517239e+00   2.6505125e+00   2.6492002e+00   2.6477554e+00   2.6461599e+00   2.6444492e+00   2.6426222e+00   2.6406848e+00   2.6386561e+00   2.6365726e+00   2.6344779e+00   2.6323874e+00   2.6302738e+00   2.6281021e+00   2.6258705e+00   2.6236651e+00   2.6216261e+00   2.6198697e+00   2.6183274e+00   2.6169388e+00   2.6156962e+00   2.6146908e+00   2.6140049e+00   2.6136549e+00   2.6136274e+00   2.6139259e+00   2.6144953e+00   2.6152999e+00   2.6163070e+00   2.6175148e+00   2.6189482e+00   2.6205873e+00   2.6223900e+00   2.6242912e+00   2.6261737e+00   2.6279523e+00   2.6295302e+00   2.6308279e+00   2.6318278e+00   2.6324790e+00   2.6327999e+00   2.6328166e+00   2.6325452e+00   2.6320045e+00   2.6312244e+00   2.6302109e+00   2.6290267e+00   2.6276963e+00   2.6262672e+00   2.6247303e+00   2.6230934e+00   2.6213605e+00   2.6195467e+00   2.6176436e+00   2.6156635e+00   2.6136162e+00   2.6115401e+00   2.6094553e+00   2.6073282e+00   2.6051681e+00   2.6029556e+00   2.6007307e+00   2.5985096e+00   2.5962906e+00   2.5940952e+00   2.5919197e+00   2.5897620e+00   2.5876293e+00   2.5855014e+00   2.5833635e+00   2.5812385e+00   2.5791221e+00
   3.1235962e+00   3.1203029e+00   3.1169908e+00   3.1136580e+00   3.1103275e+00   3.1070263e+00   3.1037233e+00   3.1004364e+00   3.0971854e+00   3.0939500e+00   3.0907462e+00   3.0875747e+00   3.0844543e+00   3.0814245e+00   3.0784662e+00   3.0755899e+00   3.0728180e+00   3.0701485e+00   3.0676012e+00   3.0651944e+00   3.0628774e+00   3.0606728e+00   3.0585642e+00   3.0565422e+00   3.0546043e+00   3.0527239e+00   3.0509059e+00   3.0491247e+00   3.0473289e+00   3.0454333e+00   3.0433943e+00   3.0411873e+00   3.0387871e+00   3.0361812e+00   3.0333679e+00   3.0303841e+00   3.0272634e+00   3.0240300e+00   3.0207088e+00   3.0173709e+00   3.0140049e+00   3.0106237e+00   3.0072238e+00   3.0039101e+00   3.0008230e+00   2.9980524e+00   2.9955742e+00   2.9933383e+00   2.9913540e+00   2.9897602e+00   2.9886427e+00   2.9880207e+00   2.9878643e+00   2.9881642e+00   2.9888980e+00   2.9900100e+00   2.9914436e+00   2.9931927e+00   2.9952316e+00   2.9975731e+00   3.0001307e+00   3.0028479e+00   3.0055370e+00   3.0080531e+00   3.0102804e+00   3.0121136e+00   3.0134916e+00   3.0143681e+00   3.0147305e+00   3.0146182e+00   3.0140769e+00   3.0131385e+00   3.0119009e+00   3.0103695e+00   3.0086019e+00   3.0066242e+00   3.0044680e+00   3.0021551e+00   2.9996927e+00   2.9971006e+00   2.9943962e+00   2.9916058e+00   2.9887257e+00   2.9857700e+00   2.9827387e+00   2.9796522e+00   2.9765079e+00   2.9733229e+00   2.9701035e+00   2.9668701e+00   2.9636371e+00   2.9604034e+00   2.9571850e+00   2.9539757e+00   2.9507949e+00   2.9476578e+00   2.9445980e+00   2.9415672e+00   2.9385388e+00   2.9354827e+00
   3.1120796e+00   3.1090927e+00   3.1060555e+00   3.1029854e+00   3.0999005e+00   3.0968029e+00   3.0937557e+00   3.0907619e+00   3.0877655e+00   3.0847943e+00   3.0818243e+00   3.0788848e+00   3.0760012e+00   3.0731792e+00   3.0704501e+00   3.0678208e+00   3.0652864e+00   3.0628531e+00   3.0605614e+00   3.0583780e+00   3.0563071e+00   3.0543489e+00   3.0524886e+00   3.0507143e+00   3.0490091e+00   3.0473330e+00   3.0457268e+00   3.0441453e+00   3.0425615e+00   3.0409062e+00   3.0391152e+00   3.0371282e+00   3.0349433e+00   3.0325506e+00   3.0299509e+00   3.0271053e+00   3.0241292e+00   3.0210378e+00   3.0179176e+00   3.0147789e+00   3.0115976e+00   3.0083797e+00   3.0051384e+00   3.0019560e+00   2.9989841e+00   2.9962952e+00   2.9939280e+00   2.9918327e+00   2.9900367e+00   2.9886501e+00   2.9877264e+00   2.9872921e+00   2.9873021e+00   2.9878061e+00   2.9887428e+00   2.9900291e+00   2.9916725e+00   2.9936459e+00   2.9959452e+00   2.9984837e+00   3.0011933e+00   3.0040340e+00   3.0068486e+00   3.0095377e+00   3.0119550e+00   3.0139771e+00   3.0155270e+00   3.0165317e+00   3.0170228e+00   3.0170190e+00   3.0165548e+00   3.0157344e+00   3.0145836e+00   3.0131378e+00   3.0114095e+00   3.0094292e+00   3.0072753e+00   3.0049322e+00   3.0024564e+00   2.9998779e+00   2.9972103e+00   2.9944506e+00   2.9915707e+00   2.9886177e+00   2.9855824e+00   2.9824584e+00   2.9792938e+00   2.9761069e+00   2.9729187e+00   2.9697149e+00   2.9664831e+00   2.9632485e+00   2.9600143e+00   2.9568014e+00   2.9536564e+00   2.9505501e+00   2.9474945e+00   2.9444504e+00   2.9413843e+00   2.9383049e+00
   3.1318791e+00   3.1286736e+00   3.1253765e+00   3.1220829e+00   3.1187706e+00   3.1154835e+00   3.1122472e+00   3.1090622e+00   3.1058948e+00   3.1027734e+00   3.0996399e+00   3.0965624e+00   3.0935681e+00   3.0906761e+00   3.0879059e+00   3.0852497e+00   3.0827265e+00   3.0803528e+00   3.0780833e+00   3.0759251e+00   3.0739241e+00   3.0720818e+00   3.0703964e+00   3.0687962e+00   3.0672510e+00   3.0657635e+00   3.0642917e+00   3.0628417e+00   3.0613511e+00   3.0597584e+00   3.0580118e+00   3.0560653e+00   3.0538800e+00   3.0514386e+00   3.0487080e+00   3.0457513e+00   3.0426180e+00   3.0393932e+00   3.0361109e+00   3.0327990e+00   3.0294521e+00   3.0260630e+00   3.0226355e+00   3.0192831e+00   3.0162094e+00   3.0135205e+00   3.0111983e+00   3.0091722e+00   3.0074646e+00   3.0061905e+00   3.0054433e+00   3.0052688e+00   3.0056579e+00   3.0065987e+00   3.0080297e+00   3.0098736e+00   3.0121028e+00   3.0146790e+00   3.0175505e+00   3.0207236e+00   3.0241292e+00   3.0276854e+00   3.0312202e+00   3.0345585e+00   3.0375674e+00   3.0400698e+00   3.0419972e+00   3.0432866e+00   3.0439956e+00   3.0441780e+00   3.0438812e+00   3.0431509e+00   3.0420530e+00   3.0406103e+00   3.0388229e+00   3.0367460e+00   3.0344689e+00   3.0320625e+00   3.0295181e+00   3.0268078e+00   3.0239818e+00   3.0209887e+00   3.0178490e+00   3.0145686e+00   3.0112457e+00   3.0079248e+00   3.0045369e+00   3.0010910e+00   2.9975784e+00   2.9940383e+00   2.9904253e+00   2.9868033e+00   2.9832351e+00   2.9797547e+00   2.9763546e+00   2.9729557e+00   2.9695642e+00   2.9661865e+00   2.9628165e+00   2.9594936e+00
   3.0685577e+00   3.0649769e+00   3.0614007e+00   3.0578482e+00   3.0543365e+00   3.0508623e+00   3.0474312e+00   3.0440176e+00   3.0406635e+00   3.0373726e+00   3.0341380e+00   3.0309536e+00   3.0278442e+00   3.0248077e+00   3.0218894e+00   3.0191135e+00   3.0164955e+00   3.0140026e+00   3.0116520e+00   3.0094309e+00   3.0073669e+00   3.0054591e+00   3.0036786e+00   3.0019875e+00   3.0003960e+00   2.9988477e+00   2.9973919e+00   2.9959660e+00   2.9945090e+00   2.9929488e+00   2.9912140e+00   2.9892595e+00   2.9870872e+00   2.9846709e+00   2.9820240e+00   2.9791584e+00   2.9761245e+00   2.9729722e+00   2.9697406e+00   2.9664962e+00   2.9632356e+00   2.9599669e+00   2.9566543e+00   2.9533775e+00   2.9503410e+00   2.9476700e+00   2.9453926e+00   2.9433992e+00   2.9417000e+00   2.9404070e+00   2.9396279e+00   2.9393828e+00   2.9396496e+00   2.9404514e+00   2.9417393e+00   2.9434528e+00   2.9455338e+00   2.9479427e+00   2.9506872e+00   2.9537296e+00   2.9570096e+00   2.9604120e+00   2.9638221e+00   2.9670801e+00   2.9700432e+00   2.9725544e+00   2.9745197e+00   2.9758899e+00   2.9766922e+00   2.9769554e+00   2.9767592e+00   2.9761441e+00   2.9751523e+00   2.9738114e+00   2.9721737e+00   2.9702890e+00   2.9681656e+00   2.9658725e+00   2.9634266e+00   2.9608586e+00   2.9581633e+00   2.9553411e+00   2.9523821e+00   2.9492924e+00   2.9460983e+00   2.9428473e+00   2.9395802e+00   2.9363029e+00   2.9329758e+00   2.9296005e+00   2.9261854e+00   2.9227715e+00   2.9193785e+00   2.9160311e+00   2.9127378e+00   2.9094963e+00   2.9063213e+00   2.9031627e+00   2.9000111e+00   2.8968353e+00
   2.8421965e+00   2.8397951e+00   2.8373585e+00   2.8349073e+00   2.8324754e+00   2.8300850e+00   2.8277028e+00   2.8253412e+00   2.8229873e+00   2.8206499e+00   2.8183281e+00   2.8160565e+00   2.8138313e+00   2.8116767e+00   2.8095655e+00   2.8075511e+00   2.8056147e+00   2.8037624e+00   2.8020089e+00   2.8003511e+00   2.7987909e+00   2.7973201e+00   2.7958996e+00   2.7945411e+00   2.7932386e+00   2.7919791e+00   2.7907639e+00   2.7895491e+00   2.7882936e+00   2.7869642e+00   2.7855093e+00   2.7839344e+00   2.7822115e+00   2.7803223e+00   2.7782784e+00   2.7761219e+00   2.7738466e+00   2.7715054e+00   2.7691362e+00   2.7667687e+00   2.7643979e+00   2.7619479e+00   2.7594357e+00   2.7570159e+00   2.7548163e+00   2.7529058e+00   2.7512248e+00   2.7497177e+00   2.7484272e+00   2.7474291e+00   2.7467983e+00   2.7465675e+00   2.7466936e+00   2.7471869e+00   2.7479866e+00   2.7490895e+00   2.7504718e+00   2.7520990e+00   2.7539968e+00   2.7561169e+00   2.7584057e+00   2.7607787e+00   2.7631252e+00   2.7653410e+00   2.7673066e+00   2.7689416e+00   2.7702110e+00   2.7710667e+00   2.7715099e+00   2.7715647e+00   2.7712781e+00   2.7707183e+00   2.7698975e+00   2.7688503e+00   2.7675941e+00   2.7661755e+00   2.7646029e+00   2.7628958e+00   2.7610857e+00   2.7592037e+00   2.7572548e+00   2.7552145e+00   2.7530897e+00   2.7509005e+00   2.7486553e+00   2.7463655e+00   2.7440424e+00   2.7417181e+00   2.7393878e+00   2.7370243e+00   2.7346656e+00   2.7323010e+00   2.7299662e+00   2.7276633e+00   2.7254095e+00   2.7231867e+00   2.7209585e+00   2.7187586e+00   2.7165585e+00   2.7143505e+00
   2.9184783e+00   2.9155552e+00   2.9125900e+00   2.9096053e+00   2.9066086e+00   2.9036033e+00   2.9006212e+00   2.8976629e+00   2.8947203e+00   2.8918266e+00   2.8889542e+00   2.8860958e+00   2.8832734e+00   2.8805072e+00   2.8778183e+00   2.8751996e+00   2.8726728e+00   2.8702552e+00   2.8679810e+00   2.8657932e+00   2.8636801e+00   2.8616440e+00   2.8597119e+00   2.8578866e+00   2.8561592e+00   2.8544941e+00   2.8528900e+00   2.8513172e+00   2.8497570e+00   2.8481429e+00   2.8464346e+00   2.8445728e+00   2.8425379e+00   2.8403203e+00   2.8379176e+00   2.8353436e+00   2.8325970e+00   2.8296926e+00   2.8267181e+00   2.8237381e+00   2.8207598e+00   2.8177803e+00   2.8147666e+00   2.8117592e+00   2.8088686e+00   2.8062255e+00   2.8038530e+00   2.8017032e+00   2.7997847e+00   2.7981739e+00   2.7969468e+00   2.7961366e+00   2.7957566e+00   2.7958384e+00   2.7963359e+00   2.7971773e+00   2.7983339e+00   2.7997787e+00   2.8015234e+00   2.8035710e+00   2.8059008e+00   2.8084166e+00   2.8110037e+00   2.8135405e+00   2.8158619e+00   2.8178625e+00   2.8194220e+00   2.8205092e+00   2.8211050e+00   2.8212442e+00   2.8209782e+00   2.8203375e+00   2.8193195e+00   2.8180058e+00   2.8164120e+00   2.8145607e+00   2.8125134e+00   2.8103111e+00   2.8079894e+00   2.8055294e+00   2.8029478e+00   2.8002396e+00   2.7974026e+00   2.7944601e+00   2.7914374e+00   2.7883635e+00   2.7852173e+00   2.7820165e+00   2.7787635e+00   2.7754412e+00   2.7720897e+00   2.7687118e+00   2.7653630e+00   2.7620409e+00   2.7587519e+00   2.7554944e+00   2.7522380e+00   2.7490041e+00   2.7457774e+00   2.7425766e+00
   2.8432817e+00   2.8406818e+00   2.8380492e+00   2.8354299e+00   2.8328350e+00   2.8302987e+00   2.8277962e+00   2.8253067e+00   2.8228130e+00   2.8203449e+00   2.8179245e+00   2.8155668e+00   2.8132610e+00   2.8110225e+00   2.8088837e+00   2.8068504e+00   2.8048799e+00   2.8029935e+00   2.8012135e+00   2.7995634e+00   2.7980454e+00   2.7966082e+00   2.7952664e+00   2.7939961e+00   2.7927520e+00   2.7915599e+00   2.7904079e+00   2.7893074e+00   2.7881820e+00   2.7869771e+00   2.7856553e+00   2.7841444e+00   2.7824280e+00   2.7805316e+00   2.7784784e+00   2.7762976e+00   2.7739832e+00   2.7715790e+00   2.7691195e+00   2.7666414e+00   2.7641351e+00   2.7615998e+00   2.7590287e+00   2.7565155e+00   2.7542264e+00   2.7522442e+00   2.7505186e+00   2.7489841e+00   2.7476509e+00   2.7466595e+00   2.7460995e+00   2.7459793e+00   2.7462966e+00   2.7470388e+00   2.7481534e+00   2.7495878e+00   2.7513199e+00   2.7533557e+00   2.7556880e+00   2.7582920e+00   2.7611091e+00   2.7640629e+00   2.7669945e+00   2.7697761e+00   2.7722914e+00   2.7744396e+00   2.7761424e+00   2.7773545e+00   2.7780914e+00   2.7783854e+00   2.7782412e+00   2.7777145e+00   2.7768853e+00   2.7758129e+00   2.7744930e+00   2.7729352e+00   2.7712231e+00   2.7693672e+00   2.7673733e+00   2.7652321e+00   2.7629936e+00   2.7606602e+00   2.7582257e+00   2.7557259e+00   2.7531869e+00   2.7505848e+00   2.7479079e+00   2.7451887e+00   2.7424517e+00   2.7397034e+00   2.7369497e+00   2.7342043e+00   2.7314770e+00   2.7287629e+00   2.7260828e+00   2.7234428e+00   2.7208650e+00   2.7183225e+00   2.7157800e+00   2.7132280e+00
   2.8439744e+00   2.8415387e+00   2.8391082e+00   2.8366630e+00   2.8341949e+00   2.8317177e+00   2.8292429e+00   2.8268030e+00   2.8243692e+00   2.8219502e+00   2.8195579e+00   2.8172047e+00   2.8148746e+00   2.8125937e+00   2.8104086e+00   2.8082979e+00   2.8062456e+00   2.8042715e+00   2.8023784e+00   2.8006010e+00   2.7989197e+00   2.7973034e+00   2.7957745e+00   2.7943325e+00   2.7929525e+00   2.7916126e+00   2.7902997e+00   2.7889888e+00   2.7876730e+00   2.7862856e+00   2.7847908e+00   2.7831528e+00   2.7813196e+00   2.7793179e+00   2.7771456e+00   2.7748251e+00   2.7723777e+00   2.7698181e+00   2.7672176e+00   2.7645979e+00   2.7619963e+00   2.7594051e+00   2.7568016e+00   2.7542212e+00   2.7517719e+00   2.7495861e+00   2.7476733e+00   2.7459860e+00   2.7445266e+00   2.7433891e+00   2.7426503e+00   2.7423184e+00   2.7423801e+00   2.7428226e+00   2.7436035e+00   2.7446868e+00   2.7460396e+00   2.7476928e+00   2.7496269e+00   2.7517993e+00   2.7541237e+00   2.7565289e+00   2.7589390e+00   2.7612293e+00   2.7632835e+00   2.7649860e+00   2.7662880e+00   2.7671337e+00   2.7675304e+00   2.7675133e+00   2.7671118e+00   2.7663791e+00   2.7653430e+00   2.7640641e+00   2.7625763e+00   2.7608855e+00   2.7590382e+00   2.7570295e+00   2.7548819e+00   2.7526150e+00   2.7502530e+00   2.7478378e+00   2.7453508e+00   2.7427948e+00   2.7401383e+00   2.7374020e+00   2.7346127e+00   2.7317991e+00   2.7289536e+00   2.7261159e+00   2.7232971e+00   2.7204673e+00   2.7176170e+00   2.7147815e+00   2.7120092e+00   2.7092845e+00   2.7065976e+00   2.7039483e+00   2.7013261e+00   2.6986904e+00
   3.0949156e+00   3.0924826e+00   3.0900147e+00   3.0875340e+00   3.0850775e+00   3.0826151e+00   3.0801518e+00   3.0776970e+00   3.0752618e+00   3.0728533e+00   3.0704839e+00   3.0681403e+00   3.0658872e+00   3.0637445e+00   3.0617115e+00   3.0597627e+00   3.0578926e+00   3.0561335e+00   3.0545254e+00   3.0530441e+00   3.0516975e+00   3.0504758e+00   3.0493326e+00   3.0482514e+00   3.0472043e+00   3.0462129e+00   3.0452795e+00   3.0443342e+00   3.0433691e+00   3.0423133e+00   3.0410903e+00   3.0396745e+00   3.0380564e+00   3.0362198e+00   3.0341761e+00   3.0319138e+00   3.0295260e+00   3.0270538e+00   3.0245831e+00   3.0220692e+00   3.0194438e+00   3.0166442e+00   3.0138156e+00   3.0111847e+00   3.0089028e+00   3.0069592e+00   3.0052750e+00   3.0037715e+00   3.0025623e+00   3.0017948e+00   3.0015519e+00   3.0018101e+00   3.0025594e+00   3.0037949e+00   3.0054886e+00   3.0075464e+00   3.0099192e+00   3.0126240e+00   3.0156193e+00   3.0188770e+00   3.0223138e+00   3.0258601e+00   3.0293787e+00   3.0327332e+00   3.0357554e+00   3.0383539e+00   3.0404594e+00   3.0420139e+00   3.0430610e+00   3.0436127e+00   3.0437539e+00   3.0435340e+00   3.0429811e+00   3.0421469e+00   3.0410430e+00   3.0397170e+00   3.0381968e+00   3.0365295e+00   3.0347421e+00   3.0328395e+00   3.0308278e+00   3.0287361e+00   3.0265405e+00   3.0242355e+00   3.0218499e+00   3.0194399e+00   3.0170231e+00   3.0145476e+00   3.0120399e+00   3.0095103e+00   3.0069714e+00   3.0044546e+00   3.0019429e+00   2.9994891e+00   2.9970763e+00   2.9947090e+00   2.9923649e+00   2.9899890e+00   2.9875996e+00   2.9851496e+00
   2.9384029e+00   2.9353917e+00   2.9323599e+00   2.9293201e+00   2.9263191e+00   2.9233263e+00   2.9203379e+00   2.9173431e+00   2.9143696e+00   2.9114301e+00   2.9085209e+00   2.9056408e+00   2.9028473e+00   2.9001257e+00   2.8974943e+00   2.8949273e+00   2.8924420e+00   2.8900874e+00   2.8878329e+00   2.8857024e+00   2.8836772e+00   2.8817368e+00   2.8798819e+00   2.8781006e+00   2.8763788e+00   2.8747008e+00   2.8730557e+00   2.8714240e+00   2.8697815e+00   2.8680599e+00   2.8662021e+00   2.8641956e+00   2.8620310e+00   2.8597031e+00   2.8572276e+00   2.8546104e+00   2.8518906e+00   2.8491204e+00   2.8463337e+00   2.8435323e+00   2.8406732e+00   2.8377221e+00   2.8347347e+00   2.8318539e+00   2.8292513e+00   2.8269949e+00   2.8249767e+00   2.8231421e+00   2.8215361e+00   2.8202703e+00   2.8194256e+00   2.8190048e+00   2.8189871e+00   2.8193872e+00   2.8201349e+00   2.8212194e+00   2.8225811e+00   2.8242302e+00   2.8261564e+00   2.8283303e+00   2.8306999e+00   2.8331623e+00   2.8356228e+00   2.8379261e+00   2.8399506e+00   2.8416376e+00   2.8429272e+00   2.8437650e+00   2.8441470e+00   2.8441269e+00   2.8437774e+00   2.8430965e+00   2.8421326e+00   2.8408947e+00   2.8394601e+00   2.8378351e+00   2.8360815e+00   2.8342216e+00   2.8322427e+00   2.8301630e+00   2.8279855e+00   2.8257074e+00   2.8233268e+00   2.8208740e+00   2.8183825e+00   2.8158867e+00   2.8133755e+00   2.8108475e+00   2.8082569e+00   2.8056374e+00   2.8030186e+00   2.8004196e+00   2.7978637e+00   2.7953317e+00   2.7928374e+00   2.7903900e+00   2.7879703e+00   2.7855303e+00   2.7830544e+00   2.7805712e+00
   2.8525057e+00   2.8503683e+00   2.8481989e+00   2.8460264e+00   2.8438492e+00   2.8416812e+00   2.8394959e+00   2.8373349e+00   2.8351905e+00   2.8330801e+00   2.8309755e+00   2.8289213e+00   2.8269060e+00   2.8249617e+00   2.8230736e+00   2.8212693e+00   2.8195324e+00   2.8179023e+00   2.8163459e+00   2.8149154e+00   2.8135822e+00   2.8123407e+00   2.8111811e+00   2.8100817e+00   2.8090155e+00   2.8079927e+00   2.8069813e+00   2.8059895e+00   2.8049686e+00   2.8038721e+00   2.8026602e+00   2.8012962e+00   2.7997372e+00   2.7979901e+00   2.7960746e+00   2.7940109e+00   2.7918122e+00   2.7895095e+00   2.7871497e+00   2.7848194e+00   2.7824738e+00   2.7800751e+00   2.7775981e+00   2.7751572e+00   2.7729294e+00   2.7710068e+00   2.7693577e+00   2.7679126e+00   2.7666676e+00   2.7657330e+00   2.7652004e+00   2.7651088e+00   2.7654400e+00   2.7661629e+00   2.7672367e+00   2.7686443e+00   2.7703235e+00   2.7722466e+00   2.7744131e+00   2.7768250e+00   2.7794113e+00   2.7820930e+00   2.7847564e+00   2.7873173e+00   2.7896223e+00   2.7915633e+00   2.7930782e+00   2.7941377e+00   2.7947407e+00   2.7949104e+00   2.7947121e+00   2.7941818e+00   2.7933791e+00   2.7923191e+00   2.7910373e+00   2.7895422e+00   2.7878797e+00   2.7860792e+00   2.7841635e+00   2.7821496e+00   2.7800283e+00   2.7777879e+00   2.7754660e+00   2.7730706e+00   2.7705975e+00   2.7680523e+00   2.7654998e+00   2.7629395e+00   2.7603209e+00   2.7576606e+00   2.7549822e+00   2.7523086e+00   2.7496474e+00   2.7470124e+00   2.7444394e+00   2.7419045e+00   2.7393949e+00   2.7369041e+00   2.7344160e+00   2.7318995e+00
   3.1553333e+00   3.1523278e+00   3.1492786e+00   3.1461830e+00   3.1430407e+00   3.1398623e+00   3.1366594e+00   3.1334295e+00   3.1301935e+00   3.1269894e+00   3.1238034e+00   3.1206601e+00   3.1175013e+00   3.1143863e+00   3.1113083e+00   3.1082745e+00   3.1052742e+00   3.1023636e+00   3.0995579e+00   3.0968554e+00   3.0942268e+00   3.0917032e+00   3.0892761e+00   3.0869427e+00   3.0846431e+00   3.0823982e+00   3.0801766e+00   3.0780032e+00   3.0758045e+00   3.0735457e+00   3.0712023e+00   3.0687180e+00   3.0660508e+00   3.0632067e+00   3.0601985e+00   3.0570526e+00   3.0537527e+00   3.0503047e+00   3.0467815e+00   3.0432479e+00   3.0397356e+00   3.0362556e+00   3.0328133e+00   3.0294445e+00   3.0261762e+00   3.0231178e+00   3.0203111e+00   3.0177295e+00   3.0153978e+00   3.0133808e+00   3.0117633e+00   3.0105686e+00   3.0098026e+00   3.0094519e+00   3.0094821e+00   3.0098326e+00   3.0104554e+00   3.0113518e+00   3.0124989e+00   3.0138876e+00   3.0154984e+00   3.0172465e+00   3.0189908e+00   3.0206106e+00   3.0220108e+00   3.0231133e+00   3.0238254e+00   3.0240576e+00   3.0238545e+00   3.0232289e+00   3.0221977e+00   3.0208111e+00   3.0191529e+00   3.0172813e+00   3.0151727e+00   3.0128620e+00   3.0103981e+00   3.0078065e+00   3.0050602e+00   3.0021870e+00   2.9992378e+00   2.9962196e+00   2.9931366e+00   2.9899797e+00   2.9867637e+00   2.9835122e+00   2.9802010e+00   2.9768460e+00   2.9734516e+00   2.9700403e+00   2.9666240e+00   2.9632146e+00   2.9598305e+00   2.9564342e+00   2.9530618e+00   2.9497211e+00   2.9464633e+00   2.9432430e+00   2.9400263e+00   2.9368038e+00
   3.1027126e+00   3.0991318e+00   3.0955667e+00   3.0920117e+00   3.0884418e+00   3.0849142e+00   3.0813789e+00   3.0779257e+00   3.0745161e+00   3.0711296e+00   3.0677903e+00   3.0645313e+00   3.0613639e+00   3.0582952e+00   3.0553303e+00   3.0524905e+00   3.0497856e+00   3.0471923e+00   3.0447547e+00   3.0424881e+00   3.0403605e+00   3.0383656e+00   3.0365067e+00   3.0347335e+00   3.0330584e+00   3.0314541e+00   3.0298948e+00   3.0283651e+00   3.0268135e+00   3.0251744e+00   3.0233681e+00   3.0213392e+00   3.0190401e+00   3.0165100e+00   3.0137355e+00   3.0107305e+00   3.0075438e+00   3.0042088e+00   3.0007904e+00   2.9973452e+00   2.9938805e+00   2.9903831e+00   2.9869049e+00   2.9835289e+00   2.9803874e+00   2.9775858e+00   2.9751093e+00   2.9729335e+00   2.9711113e+00   2.9697514e+00   2.9689550e+00   2.9687290e+00   2.9690607e+00   2.9699764e+00   2.9714117e+00   2.9732742e+00   2.9755180e+00   2.9781315e+00   2.9811220e+00   2.9844444e+00   2.9879963e+00   2.9916909e+00   2.9953804e+00   2.9989111e+00   3.0020897e+00   3.0047748e+00   3.0068696e+00   3.0083344e+00   3.0092032e+00   3.0094910e+00   3.0092230e+00   3.0085030e+00   3.0073640e+00   3.0058854e+00   3.0040922e+00   3.0020180e+00   2.9997578e+00   2.9972870e+00   2.9946368e+00   2.9918175e+00   2.9888735e+00   2.9858148e+00   2.9826167e+00   2.9792926e+00   2.9758968e+00   2.9724677e+00   2.9689763e+00   2.9654102e+00   2.9617469e+00   2.9580431e+00   2.9543521e+00   2.9506867e+00   2.9470513e+00   2.9434206e+00   2.9398291e+00   2.9363029e+00   2.9328394e+00   2.9294212e+00   2.9260099e+00   2.9226043e+00
   2.9979742e+00   2.9950564e+00   2.9920990e+00   2.9891360e+00   2.9861791e+00   2.9831932e+00   2.9802182e+00   2.9772317e+00   2.9742682e+00   2.9713333e+00   2.9684126e+00   2.9655228e+00   2.9627161e+00   2.9599507e+00   2.9572458e+00   2.9546280e+00   2.9521122e+00   2.9496772e+00   2.9473259e+00   2.9450996e+00   2.9429758e+00   2.9409151e+00   2.9388857e+00   2.9369278e+00   2.9350653e+00   2.9332473e+00   2.9314384e+00   2.9296379e+00   2.9278028e+00   2.9258890e+00   2.9238262e+00   2.9216487e+00   2.9193304e+00   2.9168689e+00   2.9142818e+00   2.9115894e+00   2.9088078e+00   2.9059629e+00   2.9030616e+00   2.9001634e+00   2.8972473e+00   2.8943017e+00   2.8913257e+00   2.8884561e+00   2.8858187e+00   2.8834391e+00   2.8812981e+00   2.8793287e+00   2.8775778e+00   2.8761618e+00   2.8751457e+00   2.8745136e+00   2.8742487e+00   2.8743076e+00   2.8746881e+00   2.8753586e+00   2.8763068e+00   2.8775585e+00   2.8790848e+00   2.8808300e+00   2.8827219e+00   2.8846676e+00   2.8865678e+00   2.8883219e+00   2.8898485e+00   2.8910511e+00   2.8918750e+00   2.8923118e+00   2.8923662e+00   2.8920288e+00   2.8913670e+00   2.8904247e+00   2.8892784e+00   2.8879354e+00   2.8864117e+00   2.8847504e+00   2.8829377e+00   2.8809903e+00   2.8789482e+00   2.8768313e+00   2.8746402e+00   2.8723953e+00   2.8700931e+00   2.8677318e+00   2.8652961e+00   2.8628123e+00   2.8603354e+00   2.8578699e+00   2.8553517e+00   2.8528364e+00   2.8503463e+00   2.8478868e+00   2.8454304e+00   2.8429744e+00   2.8405416e+00   2.8381472e+00   2.8358305e+00   2.8335450e+00   2.8312180e+00   2.8288472e+00
   3.0015345e+00   2.9988363e+00   2.9961278e+00   2.9934101e+00   2.9906757e+00   2.9879456e+00   2.9852264e+00   2.9825249e+00   2.9798269e+00   2.9771230e+00   2.9744537e+00   2.9718428e+00   2.9692738e+00   2.9667814e+00   2.9643440e+00   2.9619896e+00   2.9597585e+00   2.9575996e+00   2.9555569e+00   2.9536297e+00   2.9517956e+00   2.9500601e+00   2.9483912e+00   2.9468069e+00   2.9453065e+00   2.9438293e+00   2.9423828e+00   2.9409335e+00   2.9394767e+00   2.9379461e+00   2.9362757e+00   2.9344466e+00   2.9324152e+00   2.9302022e+00   2.9277925e+00   2.9252312e+00   2.9225614e+00   2.9197762e+00   2.9169619e+00   2.9141273e+00   2.9112663e+00   2.9083455e+00   2.9053886e+00   2.9025257e+00   2.8998909e+00   2.8975532e+00   2.8954995e+00   2.8936663e+00   2.8920586e+00   2.8907969e+00   2.8899677e+00   2.8895900e+00   2.8896408e+00   2.8901045e+00   2.8909657e+00   2.8921869e+00   2.8937016e+00   2.8954964e+00   2.8975637e+00   2.8999031e+00   2.9024370e+00   2.9050858e+00   2.9077060e+00   2.9101493e+00   2.9123030e+00   2.9140854e+00   2.9154365e+00   2.9162900e+00   2.9166622e+00   2.9166012e+00   2.9161899e+00   2.9154415e+00   2.9143572e+00   2.9130008e+00   2.9114113e+00   2.9096434e+00   2.9077003e+00   2.9056079e+00   2.9034061e+00   2.9010866e+00   2.8986797e+00   2.8961704e+00   2.8935888e+00   2.8909209e+00   2.8881786e+00   2.8854125e+00   2.8825922e+00   2.8797426e+00   2.8768618e+00   2.8739831e+00   2.8710830e+00   2.8681657e+00   2.8652859e+00   2.8624547e+00   2.8596509e+00   2.8568661e+00   2.8541424e+00   2.8514559e+00   2.8487790e+00   2.8460767e+00
   2.9636402e+00   2.9603131e+00   2.9569633e+00   2.9536054e+00   2.9502468e+00   2.9469242e+00   2.9436214e+00   2.9403279e+00   2.9370804e+00   2.9338703e+00   2.9306738e+00   2.9275215e+00   2.9244030e+00   2.9213893e+00   2.9184551e+00   2.9156151e+00   2.9128742e+00   2.9102476e+00   2.9077349e+00   2.9053357e+00   2.9030592e+00   2.9009018e+00   2.8988125e+00   2.8968112e+00   2.8948934e+00   2.8930559e+00   2.8912547e+00   2.8894594e+00   2.8876488e+00   2.8858004e+00   2.8838463e+00   2.8817272e+00   2.8794012e+00   2.8768845e+00   2.8741710e+00   2.8713086e+00   2.8683031e+00   2.8651869e+00   2.8620331e+00   2.8588746e+00   2.8556833e+00   2.8524582e+00   2.8491943e+00   2.8460033e+00   2.8430173e+00   2.8403199e+00   2.8378937e+00   2.8357351e+00   2.8338299e+00   2.8323090e+00   2.8312256e+00   2.8305871e+00   2.8303869e+00   2.8306322e+00   2.8312874e+00   2.8322985e+00   2.8336248e+00   2.8352611e+00   2.8371909e+00   2.8393986e+00   2.8418305e+00   2.8443832e+00   2.8469336e+00   2.8493519e+00   2.8515303e+00   2.8533621e+00   2.8547630e+00   2.8556621e+00   2.8560324e+00   2.8559253e+00   2.8554299e+00   2.8545787e+00   2.8534231e+00   2.8519804e+00   2.8502553e+00   2.8483012e+00   2.8461685e+00   2.8438962e+00   2.8414853e+00   2.8389556e+00   2.8363421e+00   2.8336341e+00   2.8308096e+00   2.8278878e+00   2.8249075e+00   2.8218746e+00   2.8187768e+00   2.8156435e+00   2.8124883e+00   2.8093088e+00   2.8061326e+00   2.8029602e+00   2.7998028e+00   2.7966301e+00   2.7934906e+00   2.7904110e+00   2.7873795e+00   2.7843676e+00   2.7813447e+00   2.7783325e+00
   3.0659342e+00   3.0629056e+00   3.0598471e+00   3.0567753e+00   3.0537012e+00   3.0505841e+00   3.0474672e+00   3.0443611e+00   3.0412350e+00   3.0381434e+00   3.0350869e+00   3.0320575e+00   3.0290477e+00   3.0260990e+00   3.0232220e+00   3.0204494e+00   3.0177228e+00   3.0150883e+00   3.0125904e+00   3.0102141e+00   3.0079308e+00   3.0057204e+00   3.0035868e+00   3.0015490e+00   2.9995468e+00   2.9975913e+00   2.9956779e+00   2.9937756e+00   2.9918718e+00   2.9898741e+00   2.9877701e+00   2.9855139e+00   2.9830806e+00   2.9805133e+00   2.9778080e+00   2.9749629e+00   2.9719763e+00   2.9689064e+00   2.9658296e+00   2.9627724e+00   2.9596856e+00   2.9565265e+00   2.9533813e+00   2.9503486e+00   2.9475267e+00   2.9449832e+00   2.9427040e+00   2.9406357e+00   2.9388049e+00   2.9373000e+00   2.9362204e+00   2.9355717e+00   2.9353249e+00   2.9354718e+00   2.9359646e+00   2.9367685e+00   2.9378731e+00   2.9392490e+00   2.9408853e+00   2.9427249e+00   2.9447453e+00   2.9468677e+00   2.9489672e+00   2.9509563e+00   2.9527037e+00   2.9541309e+00   2.9551675e+00   2.9557562e+00   2.9559295e+00   2.9556973e+00   2.9551213e+00   2.9542389e+00   2.9530506e+00   2.9516618e+00   2.9500697e+00   2.9483025e+00   2.9463615e+00   2.9442842e+00   2.9421260e+00   2.9398661e+00   2.9375107e+00   2.9350712e+00   2.9325542e+00   2.9299877e+00   2.9273283e+00   2.9246376e+00   2.9219151e+00   2.9191618e+00   2.9163826e+00   2.9135859e+00   2.9108078e+00   2.9080353e+00   2.9052963e+00   2.9025803e+00   2.8998852e+00   2.8972187e+00   2.8946078e+00   2.8920355e+00   2.8894539e+00   2.8868606e+00
   2.8262510e+00   2.8237932e+00   2.8213074e+00   2.8188279e+00   2.8163617e+00   2.8139083e+00   2.8114665e+00   2.8090451e+00   2.8066368e+00   2.8042538e+00   2.8019097e+00   2.7996044e+00   2.7973659e+00   2.7951758e+00   2.7930696e+00   2.7910402e+00   2.7890961e+00   2.7872474e+00   2.7855022e+00   2.7838802e+00   2.7823610e+00   2.7809436e+00   2.7795956e+00   2.7782872e+00   2.7770512e+00   2.7758687e+00   2.7747355e+00   2.7736213e+00   2.7724574e+00   2.7712219e+00   2.7698429e+00   2.7682979e+00   2.7665856e+00   2.7647083e+00   2.7626762e+00   2.7604856e+00   2.7581673e+00   2.7557700e+00   2.7533340e+00   2.7508790e+00   2.7484167e+00   2.7458992e+00   2.7433548e+00   2.7409060e+00   2.7386696e+00   2.7367229e+00   2.7349985e+00   2.7334454e+00   2.7321422e+00   2.7312129e+00   2.7307005e+00   2.7306261e+00   2.7309704e+00   2.7317193e+00   2.7328269e+00   2.7342310e+00   2.7359321e+00   2.7379265e+00   2.7402041e+00   2.7427254e+00   2.7454262e+00   2.7482157e+00   2.7509596e+00   2.7535617e+00   2.7559214e+00   2.7579353e+00   2.7595232e+00   2.7606423e+00   2.7612965e+00   2.7615139e+00   2.7613308e+00   2.7608049e+00   2.7599838e+00   2.7589138e+00   2.7576182e+00   2.7561309e+00   2.7544787e+00   2.7526772e+00   2.7507381e+00   2.7486942e+00   2.7465656e+00   2.7443416e+00   2.7420366e+00   2.7396476e+00   2.7371986e+00   2.7346904e+00   2.7321303e+00   2.7295418e+00   2.7269123e+00   2.7242813e+00   2.7216456e+00   2.7190354e+00   2.7164395e+00   2.7138567e+00   2.7113228e+00   2.7088289e+00   2.7063820e+00   2.7039521e+00   2.7015517e+00   2.6991596e+00
   3.0895414e+00   3.0868301e+00   3.0840979e+00   3.0812979e+00   3.0784776e+00   3.0756295e+00   3.0727952e+00   3.0700169e+00   3.0672510e+00   3.0645239e+00   3.0618322e+00   3.0591393e+00   3.0564840e+00   3.0538712e+00   3.0513566e+00   3.0489576e+00   3.0466712e+00   3.0444782e+00   3.0423775e+00   3.0403793e+00   3.0384846e+00   3.0367050e+00   3.0350273e+00   3.0334370e+00   3.0319357e+00   3.0304654e+00   3.0290043e+00   3.0275536e+00   3.0260518e+00   3.0244930e+00   3.0228245e+00   3.0209694e+00   3.0188990e+00   3.0165970e+00   3.0140827e+00   3.0113819e+00   3.0085011e+00   3.0055320e+00   3.0025303e+00   2.9995129e+00   2.9964659e+00   2.9933536e+00   2.9902446e+00   2.9872246e+00   2.9843922e+00   2.9818470e+00   2.9796104e+00   2.9776719e+00   2.9760005e+00   2.9746962e+00   2.9738426e+00   2.9734786e+00   2.9735825e+00   2.9741428e+00   2.9751027e+00   2.9764519e+00   2.9781523e+00   2.9801693e+00   2.9824817e+00   2.9850395e+00   2.9878139e+00   2.9907100e+00   2.9935806e+00   2.9963219e+00   2.9988091e+00   3.0009077e+00   3.0025308e+00   3.0036182e+00   3.0041656e+00   3.0042126e+00   3.0038452e+00   3.0031128e+00   3.0020764e+00   3.0007219e+00   2.9990864e+00   2.9972203e+00   2.9951258e+00   2.9928677e+00   2.9904490e+00   2.9879353e+00   2.9853315e+00   2.9826105e+00   2.9797843e+00   2.9768543e+00   2.9738476e+00   2.9707565e+00   2.9676256e+00   2.9644566e+00   2.9612808e+00   2.9580772e+00   2.9548502e+00   2.9516251e+00   2.9484017e+00   2.9452064e+00   2.9420683e+00   2.9389946e+00   2.9359896e+00   2.9329593e+00   2.9299395e+00   2.9269345e+00
   3.0963848e+00   3.0937691e+00   3.0910890e+00   3.0883911e+00   3.0856760e+00   3.0829985e+00   3.0803044e+00   3.0776017e+00   3.0748813e+00   3.0721724e+00   3.0694897e+00   3.0668323e+00   3.0642281e+00   3.0617301e+00   3.0593317e+00   3.0570371e+00   3.0548084e+00   3.0526454e+00   3.0505915e+00   3.0486705e+00   3.0468495e+00   3.0451448e+00   3.0435107e+00   3.0419743e+00   3.0404975e+00   3.0390389e+00   3.0376122e+00   3.0361955e+00   3.0347483e+00   3.0332015e+00   3.0314858e+00   3.0295956e+00   3.0275469e+00   3.0253048e+00   3.0229309e+00   3.0204213e+00   3.0177908e+00   3.0150883e+00   3.0123937e+00   3.0096529e+00   3.0068123e+00   3.0038288e+00   3.0008144e+00   2.9980180e+00   2.9955752e+00   2.9934795e+00   2.9916050e+00   2.9898882e+00   2.9884179e+00   2.9873123e+00   2.9866676e+00   2.9864798e+00   2.9867439e+00   2.9874523e+00   2.9885387e+00   2.9899738e+00   2.9916975e+00   2.9937124e+00   2.9959991e+00   2.9985294e+00   3.0012264e+00   3.0040066e+00   3.0067527e+00   3.0093412e+00   3.0116453e+00   3.0135641e+00   3.0150719e+00   3.0161102e+00   3.0167115e+00   3.0168972e+00   3.0167179e+00   3.0161941e+00   3.0153685e+00   3.0143139e+00   3.0130434e+00   3.0115957e+00   3.0099823e+00   3.0082476e+00   3.0064209e+00   3.0044944e+00   3.0024374e+00   3.0003116e+00   2.9980955e+00   2.9957993e+00   2.9934337e+00   2.9910457e+00   2.9886620e+00   2.9862421e+00   2.9837863e+00   2.9813149e+00   2.9788177e+00   2.9763546e+00   2.9739316e+00   2.9715254e+00   2.9691498e+00   2.9667990e+00   2.9645126e+00   2.9621904e+00   2.9598386e+00   2.9574878e+00
   3.1002760e+00   3.0970757e+00   3.0938625e+00   3.0906706e+00   3.0875292e+00   3.0844314e+00   3.0813801e+00   3.0783653e+00   3.0753765e+00   3.0724659e+00   3.0696020e+00   3.0668380e+00   3.0642073e+00   3.0616863e+00   3.0592604e+00   3.0569322e+00   3.0547497e+00   3.0527604e+00   3.0509450e+00   3.0492809e+00   3.0477855e+00   3.0464451e+00   3.0452452e+00   3.0441494e+00   3.0431035e+00   3.0421228e+00   3.0412302e+00   3.0403388e+00   3.0394151e+00   3.0383651e+00   3.0371015e+00   3.0355618e+00   3.0337074e+00   3.0315554e+00   3.0291545e+00   3.0264893e+00   3.0235977e+00   3.0205224e+00   3.0173149e+00   3.0140429e+00   3.0107403e+00   3.0074346e+00   3.0041695e+00   3.0009854e+00   2.9980438e+00   2.9954758e+00   2.9933136e+00   2.9914734e+00   2.9899769e+00   2.9890029e+00   2.9886427e+00   2.9889400e+00   2.9898851e+00   2.9914734e+00   2.9936187e+00   2.9961929e+00   2.9991786e+00   3.0026112e+00   3.0064487e+00   3.0106506e+00   3.0151122e+00   3.0197370e+00   3.0243189e+00   3.0286953e+00   3.0326805e+00   3.0360906e+00   3.0388126e+00   3.0407648e+00   3.0419884e+00   3.0425537e+00   3.0425460e+00   3.0420275e+00   3.0410118e+00   3.0395691e+00   3.0377901e+00   3.0357285e+00   3.0334148e+00   3.0308607e+00   3.0281155e+00   3.0251856e+00   3.0220950e+00   3.0188472e+00   3.0154631e+00   3.0119679e+00   3.0083733e+00   3.0047035e+00   3.0009649e+00   2.9971657e+00   2.9933197e+00   2.9894140e+00   2.9854939e+00   2.9815807e+00   2.9776947e+00   2.9738843e+00   2.9701231e+00   2.9664180e+00   2.9627631e+00   2.9591398e+00   2.9555323e+00   2.9519398e+00
   2.9942157e+00   2.9913538e+00   2.9884799e+00   2.9855816e+00   2.9826612e+00   2.9797506e+00   2.9768455e+00   2.9739819e+00   2.9711258e+00   2.9682877e+00   2.9654744e+00   2.9627056e+00   2.9599886e+00   2.9573171e+00   2.9547021e+00   2.9521868e+00   2.9497831e+00   2.9475124e+00   2.9453449e+00   2.9432566e+00   2.9412766e+00   2.9393985e+00   2.9376061e+00   2.9359026e+00   2.9342642e+00   2.9326897e+00   2.9311650e+00   2.9296296e+00   2.9280434e+00   2.9263885e+00   2.9246185e+00   2.9226961e+00   2.9205801e+00   2.9182761e+00   2.9157906e+00   2.9131248e+00   2.9103298e+00   2.9074335e+00   2.9044933e+00   2.9015310e+00   2.8985484e+00   2.8955383e+00   2.8925254e+00   2.8895805e+00   2.8868492e+00   2.8843968e+00   2.8822277e+00   2.8803015e+00   2.8786266e+00   2.8773391e+00   2.8764837e+00   2.8760853e+00   2.8761361e+00   2.8766034e+00   2.8774669e+00   2.8786738e+00   2.8802197e+00   2.8820922e+00   2.8842618e+00   2.8866796e+00   2.8892739e+00   2.8919685e+00   2.8946583e+00   2.8971951e+00   2.8994653e+00   2.9013641e+00   2.9028003e+00   2.9037580e+00   2.9042120e+00   2.9042060e+00   2.9037685e+00   2.9029884e+00   2.9019270e+00   2.9005890e+00   2.8990147e+00   2.8972244e+00   2.8952444e+00   2.8930836e+00   2.8907950e+00   2.8884029e+00   2.8859031e+00   2.8832977e+00   2.8806026e+00   2.8778293e+00   2.8749771e+00   2.8720877e+00   2.8691609e+00   2.8662097e+00   2.8632185e+00   2.8602030e+00   2.8571808e+00   2.8541472e+00   2.8511343e+00   2.8481367e+00   2.8451998e+00   2.8423393e+00   2.8394945e+00   2.8366597e+00   2.8338172e+00   2.8309753e+00
   3.0447044e+00   3.0417862e+00   3.0388412e+00   3.0358741e+00   3.0329132e+00   3.0299933e+00   3.0271404e+00   3.0243223e+00   3.0215371e+00   3.0187800e+00   3.0160904e+00   3.0134716e+00   3.0109370e+00   3.0084753e+00   3.0061359e+00   3.0039160e+00   3.0018365e+00   2.9998844e+00   2.9980743e+00   2.9964046e+00   2.9948614e+00   2.9934368e+00   2.9921501e+00   2.9909449e+00   2.9898112e+00   2.9887285e+00   2.9876881e+00   2.9866924e+00   2.9856269e+00   2.9844284e+00   2.9830408e+00   2.9814193e+00   2.9795988e+00   2.9775276e+00   2.9752138e+00   2.9726565e+00   2.9699271e+00   2.9670722e+00   2.9641685e+00   2.9612246e+00   2.9582653e+00   2.9552681e+00   2.9522572e+00   2.9493361e+00   2.9466581e+00   2.9443340e+00   2.9423473e+00   2.9406538e+00   2.9392793e+00   2.9383488e+00   2.9379551e+00   2.9381120e+00   2.9388106e+00   2.9400370e+00   2.9417651e+00   2.9439316e+00   2.9464617e+00   2.9493725e+00   2.9526303e+00   2.9561989e+00   2.9599907e+00   2.9638929e+00   2.9677689e+00   2.9714429e+00   2.9747388e+00   2.9775372e+00   2.9797382e+00   2.9812965e+00   2.9822400e+00   2.9826138e+00   2.9824903e+00   2.9819181e+00   2.9809532e+00   2.9796495e+00   2.9780285e+00   2.9761569e+00   2.9740813e+00   2.9718196e+00   2.9693983e+00   2.9668255e+00   2.9641209e+00   2.9612968e+00   2.9583490e+00   2.9553239e+00   2.9522057e+00   2.9490061e+00   2.9457588e+00   2.9424706e+00   2.9391787e+00   2.9358785e+00   2.9325488e+00   2.9292114e+00   2.9259031e+00   2.9226453e+00   2.9194403e+00   2.9162798e+00   2.9131782e+00   2.9101038e+00   2.9070480e+00   2.9040003e+00
   2.8014858e+00   2.7990453e+00   2.7966034e+00   2.7941711e+00   2.7917614e+00   2.7893574e+00   2.7869861e+00   2.7846529e+00   2.7823114e+00   2.7799881e+00   2.7776957e+00   2.7754505e+00   2.7732747e+00   2.7711926e+00   2.7691820e+00   2.7672684e+00   2.7654407e+00   2.7637355e+00   2.7621405e+00   2.7606442e+00   2.7592251e+00   2.7579088e+00   2.7566872e+00   2.7555587e+00   2.7544792e+00   2.7534602e+00   2.7524922e+00   2.7515538e+00   2.7505710e+00   2.7494934e+00   2.7482703e+00   2.7468793e+00   2.7452900e+00   2.7435246e+00   2.7415845e+00   2.7395031e+00   2.7373068e+00   2.7349927e+00   2.7326176e+00   2.7302246e+00   2.7278376e+00   2.7253902e+00   2.7228644e+00   2.7203808e+00   2.7181389e+00   2.7162430e+00   2.7146225e+00   2.7131851e+00   2.7119515e+00   2.7110786e+00   2.7106240e+00   2.7106001e+00   2.7110021e+00   2.7118120e+00   2.7130115e+00   2.7145450e+00   2.7163913e+00   2.7185452e+00   2.7209895e+00   2.7236860e+00   2.7265813e+00   2.7295811e+00   2.7325842e+00   2.7354639e+00   2.7380989e+00   2.7403629e+00   2.7421732e+00   2.7434826e+00   2.7443101e+00   2.7446921e+00   2.7446835e+00   2.7443056e+00   2.7436206e+00   2.7426751e+00   2.7414954e+00   2.7400873e+00   2.7384803e+00   2.7367370e+00   2.7348518e+00   2.7328541e+00   2.7307365e+00   2.7285433e+00   2.7262499e+00   2.7238457e+00   2.7213962e+00   2.7188809e+00   2.7163496e+00   2.7137585e+00   2.7111588e+00   2.7085364e+00   2.7058942e+00   2.7032375e+00   2.7005975e+00   2.6979837e+00   2.6953933e+00   2.6928484e+00   2.6903527e+00   2.6879234e+00   2.6854680e+00   2.6829853e+00
   2.8918521e+00   2.8892763e+00   2.8866642e+00   2.8840172e+00   2.8813694e+00   2.8787420e+00   2.8761189e+00   2.8735173e+00   2.8709338e+00   2.8683803e+00   2.8658264e+00   2.8633137e+00   2.8608606e+00   2.8584635e+00   2.8561380e+00   2.8538945e+00   2.8517249e+00   2.8496590e+00   2.8476791e+00   2.8458004e+00   2.8440406e+00   2.8424003e+00   2.8408566e+00   2.8393745e+00   2.8379390e+00   2.8365448e+00   2.8351891e+00   2.8338339e+00   2.8324449e+00   2.8309853e+00   2.8294065e+00   2.8276882e+00   2.8257873e+00   2.8237133e+00   2.8214490e+00   2.8190148e+00   2.8164587e+00   2.8138084e+00   2.8111227e+00   2.8084290e+00   2.8057289e+00   2.8029659e+00   2.8001339e+00   2.7973635e+00   2.7948005e+00   2.7925532e+00   2.7905951e+00   2.7888472e+00   2.7872941e+00   2.7860582e+00   2.7852144e+00   2.7848103e+00   2.7848260e+00   2.7852566e+00   2.7860861e+00   2.7872508e+00   2.7887194e+00   2.7904732e+00   2.7924833e+00   2.7947502e+00   2.7972324e+00   2.7998478e+00   2.8024759e+00   2.8049934e+00   2.8072703e+00   2.8091877e+00   2.8106754e+00   2.8116624e+00   2.8122013e+00   2.8123026e+00   2.8120277e+00   2.8114088e+00   2.8104773e+00   2.8092949e+00   2.8078661e+00   2.8062201e+00   2.8043749e+00   2.8023822e+00   2.8002625e+00   2.7980442e+00   2.7957318e+00   2.7933376e+00   2.7908173e+00   2.7881842e+00   2.7854834e+00   2.7827358e+00   2.7799644e+00   2.7771599e+00   2.7743454e+00   2.7715046e+00   2.7686481e+00   2.7657824e+00   2.7629082e+00   2.7600667e+00   2.7572708e+00   2.7545173e+00   2.7518005e+00   2.7490931e+00   2.7463810e+00   2.7436485e+00
   3.0246534e+00   3.0217941e+00   3.0189075e+00   3.0160167e+00   3.0130889e+00   3.0101426e+00   3.0072124e+00   3.0042896e+00   3.0013711e+00   2.9984620e+00   2.9955807e+00   2.9927328e+00   2.9899292e+00   2.9871514e+00   2.9844420e+00   2.9817975e+00   2.9792473e+00   2.9767637e+00   2.9743760e+00   2.9721231e+00   2.9699669e+00   2.9679029e+00   2.9658954e+00   2.9639366e+00   2.9620502e+00   2.9601734e+00   2.9583206e+00   2.9564979e+00   2.9546926e+00   2.9528434e+00   2.9508660e+00   2.9487526e+00   2.9464748e+00   2.9440415e+00   2.9414675e+00   2.9387627e+00   2.9359672e+00   2.9331205e+00   2.9302385e+00   2.9273713e+00   2.9244623e+00   2.9214766e+00   2.9184618e+00   2.9155519e+00   2.9128582e+00   2.9104519e+00   2.9082782e+00   2.9062929e+00   2.9044907e+00   2.9029672e+00   2.9018021e+00   2.9010677e+00   2.9007607e+00   2.9008229e+00   2.9012249e+00   2.9018734e+00   2.9027843e+00   2.9039624e+00   2.9053915e+00   2.9070494e+00   2.9088821e+00   2.9108009e+00   2.9127064e+00   2.9144971e+00   2.9160824e+00   2.9173639e+00   2.9182718e+00   2.9187658e+00   2.9188681e+00   2.9185913e+00   2.9179928e+00   2.9171064e+00   2.9159822e+00   2.9146307e+00   2.9130573e+00   2.9113407e+00   2.9094689e+00   2.9074628e+00   2.9053409e+00   2.9031188e+00   2.9008319e+00   2.8984158e+00   2.8959458e+00   2.8934515e+00   2.8909044e+00   2.8882933e+00   2.8856666e+00   2.8830259e+00   2.8803673e+00   2.8776581e+00   2.8749180e+00   2.8721979e+00   2.8694880e+00   2.8668320e+00   2.8642046e+00   2.8616133e+00   2.8590488e+00   2.8564892e+00   2.8539078e+00   2.8513095e+00
   2.8895495e+00   2.8865807e+00   2.8836081e+00   2.8806250e+00   2.8776333e+00   2.8746107e+00   2.8716347e+00   2.8686905e+00   2.8657849e+00   2.8628991e+00   2.8600209e+00   2.8571737e+00   2.8543766e+00   2.8516233e+00   2.8489501e+00   2.8463714e+00   2.8439095e+00   2.8415544e+00   2.8392761e+00   2.8370922e+00   2.8350153e+00   2.8330460e+00   2.8311608e+00   2.8293269e+00   2.8275607e+00   2.8258827e+00   2.8242538e+00   2.8226521e+00   2.8210175e+00   2.8193123e+00   2.8175075e+00   2.8155470e+00   2.8133972e+00   2.8110874e+00   2.8085918e+00   2.8059444e+00   2.8031695e+00   2.8003094e+00   2.7974107e+00   2.7944973e+00   2.7915604e+00   2.7886057e+00   2.7856131e+00   2.7826693e+00   2.7799056e+00   2.7774105e+00   2.7751949e+00   2.7732003e+00   2.7714422e+00   2.7700408e+00   2.7690423e+00   2.7684662e+00   2.7683084e+00   2.7685480e+00   2.7691591e+00   2.7700903e+00   2.7713206e+00   2.7728503e+00   2.7746680e+00   2.7767317e+00   2.7789755e+00   2.7813280e+00   2.7836754e+00   2.7859008e+00   2.7878904e+00   2.7895348e+00   2.7907734e+00   2.7915585e+00   2.7918956e+00   2.7918146e+00   2.7913368e+00   2.7905161e+00   2.7893763e+00   2.7879810e+00   2.7863648e+00   2.7845576e+00   2.7825778e+00   2.7804348e+00   2.7781534e+00   2.7757740e+00   2.7732995e+00   2.7707417e+00   2.7680829e+00   2.7653465e+00   2.7625530e+00   2.7596905e+00   2.7567739e+00   2.7538307e+00   2.7508624e+00   2.7478762e+00   2.7448959e+00   2.7419207e+00   2.7389576e+00   2.7360060e+00   2.7330978e+00   2.7302258e+00   2.7273855e+00   2.7245770e+00   2.7217925e+00   2.7190201e+00
   2.9835529e+00   2.9806032e+00   2.9776523e+00   2.9747112e+00   2.9717758e+00   2.9688685e+00   2.9659834e+00   2.9630949e+00   2.9602537e+00   2.9574864e+00   2.9547560e+00   2.9520791e+00   2.9494505e+00   2.9469039e+00   2.9444742e+00   2.9421132e+00   2.9398568e+00   2.9377210e+00   2.9357507e+00   2.9339235e+00   2.9322138e+00   2.9306002e+00   2.9290791e+00   2.9276450e+00   2.9262898e+00   2.9249976e+00   2.9237692e+00   2.9225638e+00   2.9213142e+00   2.9199574e+00   2.9184253e+00   2.9166830e+00   2.9146945e+00   2.9124978e+00   2.9101162e+00   2.9075558e+00   2.9048035e+00   2.9018977e+00   2.8989060e+00   2.8958988e+00   2.8928750e+00   2.8898249e+00   2.8867657e+00   2.8837960e+00   2.8810425e+00   2.8786051e+00   2.8764865e+00   2.8746135e+00   2.8730309e+00   2.8718557e+00   2.8712018e+00   2.8711090e+00   2.8715315e+00   2.8724349e+00   2.8737431e+00   2.8754337e+00   2.8774712e+00   2.8798382e+00   2.8825340e+00   2.8855171e+00   2.8887284e+00   2.8920567e+00   2.8953645e+00   2.8984840e+00   2.9012754e+00   2.9035988e+00   2.9054210e+00   2.9066947e+00   2.9074075e+00   2.9075825e+00   2.9072735e+00   2.9065561e+00   2.9054787e+00   2.9040887e+00   2.9024239e+00   2.9005203e+00   2.8984296e+00   2.8961525e+00   2.8937206e+00   2.8911660e+00   2.8884745e+00   2.8856914e+00   2.8827953e+00   2.8798313e+00   2.8767843e+00   2.8736579e+00   2.8704641e+00   2.8672025e+00   2.8639157e+00   2.8606131e+00   2.8573320e+00   2.8540401e+00   2.8507574e+00   2.8474915e+00   2.8442869e+00   2.8411074e+00   2.8379505e+00   2.8348343e+00   2.8317454e+00   2.8286743e+00
   2.9521482e+00   2.9495907e+00   2.9470360e+00   2.9444711e+00   2.9418869e+00   2.9393222e+00   2.9367759e+00   2.9342492e+00   2.9317591e+00   2.9292936e+00   2.9268353e+00   2.9243965e+00   2.9219999e+00   2.9196956e+00   2.9174812e+00   2.9153264e+00   2.9132354e+00   2.9112446e+00   2.9093883e+00   2.9076374e+00   2.9059799e+00   2.9043968e+00   2.9028864e+00   2.9014351e+00   2.9000466e+00   2.8986742e+00   2.8973405e+00   2.8960266e+00   2.8947027e+00   2.8932941e+00   2.8917303e+00   2.8900261e+00   2.8881729e+00   2.8861494e+00   2.8839576e+00   2.8816411e+00   2.8792126e+00   2.8766968e+00   2.8741462e+00   2.8715916e+00   2.8690164e+00   2.8663719e+00   2.8636761e+00   2.8610582e+00   2.8586791e+00   2.8565905e+00   2.8547318e+00   2.8530276e+00   2.8515275e+00   2.8503494e+00   2.8495712e+00   2.8491898e+00   2.8492002e+00   2.8495920e+00   2.8503273e+00   2.8513908e+00   2.8527470e+00   2.8543730e+00   2.8562572e+00   2.8583870e+00   2.8607137e+00   2.8631523e+00   2.8655612e+00   2.8678360e+00   2.8698590e+00   2.8715227e+00   2.8728034e+00   2.8736486e+00   2.8740695e+00   2.8740747e+00   2.8737171e+00   2.8730533e+00   2.8720992e+00   2.8709061e+00   2.8695147e+00   2.8679569e+00   2.8662632e+00   2.8644238e+00   2.8624620e+00   2.8603833e+00   2.8582058e+00   2.8559361e+00   2.8535883e+00   2.8511782e+00   2.8487120e+00   2.8462117e+00   2.8436735e+00   2.8411176e+00   2.8385255e+00   2.8359098e+00   2.8333197e+00   2.8307359e+00   2.8281624e+00   2.8256094e+00   2.8231287e+00   2.8206704e+00   2.8181918e+00   2.8157492e+00   2.8133183e+00   2.8108768e+00
   2.8833144e+00   2.8807132e+00   2.8780835e+00   2.8754714e+00   2.8728580e+00   2.8702276e+00   2.8675909e+00   2.8649540e+00   2.8623583e+00   2.8598125e+00   2.8572791e+00   2.8547869e+00   2.8523538e+00   2.8499756e+00   2.8476646e+00   2.8454170e+00   2.8432844e+00   2.8412578e+00   2.8393285e+00   2.8375149e+00   2.8357928e+00   2.8341560e+00   2.8325975e+00   2.8310852e+00   2.8296499e+00   2.8282788e+00   2.8269513e+00   2.8256304e+00   2.8242719e+00   2.8228378e+00   2.8212624e+00   2.8195171e+00   2.8175869e+00   2.8155129e+00   2.8132889e+00   2.8109181e+00   2.8084202e+00   2.8058167e+00   2.8031638e+00   2.8004961e+00   2.7978239e+00   2.7951534e+00   2.7924545e+00   2.7898290e+00   2.7873926e+00   2.7852221e+00   2.7833073e+00   2.7816036e+00   2.7801278e+00   2.7790012e+00   2.7783000e+00   2.7780380e+00   2.7781794e+00   2.7786999e+00   2.7795696e+00   2.7807639e+00   2.7822778e+00   2.7840798e+00   2.7861583e+00   2.7884862e+00   2.7910011e+00   2.7936132e+00   2.7961941e+00   2.7986212e+00   2.8007944e+00   2.8026135e+00   2.8040154e+00   2.8049812e+00   2.8054638e+00   2.8055036e+00   2.8051479e+00   2.8044796e+00   2.8035405e+00   2.8023500e+00   2.8009231e+00   2.7992909e+00   2.7975006e+00   2.7955716e+00   2.7935131e+00   2.7913368e+00   2.7890580e+00   2.7867088e+00   2.7842824e+00   2.7817745e+00   2.7791946e+00   2.7765596e+00   2.7738819e+00   2.7711649e+00   2.7684295e+00   2.7657044e+00   2.7629778e+00   2.7602615e+00   2.7575417e+00   2.7548583e+00   2.7522047e+00   2.7495944e+00   2.7470331e+00   2.7445090e+00   2.7420247e+00   2.7395134e+00
   3.0991142e+00   3.0961959e+00   3.0932658e+00   3.0903273e+00   3.0874023e+00   3.0844669e+00   3.0815179e+00   3.0785878e+00   3.0756671e+00   3.0727539e+00   3.0698817e+00   3.0670154e+00   3.0642259e+00   3.0615177e+00   3.0588923e+00   3.0563564e+00   3.0538712e+00   3.0514793e+00   3.0492287e+00   3.0471165e+00   3.0451202e+00   3.0432074e+00   3.0413740e+00   3.0396633e+00   3.0380442e+00   3.0364850e+00   3.0349352e+00   3.0333958e+00   3.0318196e+00   3.0301800e+00   3.0284040e+00   3.0264502e+00   3.0242727e+00   3.0218506e+00   3.0192063e+00   3.0163519e+00   3.0133064e+00   3.0101511e+00   3.0068924e+00   3.0035846e+00   3.0002298e+00   2.9968879e+00   2.9936142e+00   2.9904158e+00   2.9873531e+00   2.9845562e+00   2.9820645e+00   2.9798660e+00   2.9779549e+00   2.9764194e+00   2.9753850e+00   2.9748476e+00   2.9748020e+00   2.9752414e+00   2.9761286e+00   2.9774430e+00   2.9791126e+00   2.9810982e+00   2.9834120e+00   2.9860160e+00   2.9888878e+00   2.9918997e+00   2.9949062e+00   2.9977674e+00   3.0003674e+00   3.0025356e+00   3.0041821e+00   3.0052478e+00   3.0057495e+00   3.0057356e+00   3.0052688e+00   3.0044243e+00   3.0031862e+00   3.0016184e+00   2.9997537e+00   2.9976389e+00   2.9953058e+00   2.9927731e+00   2.9900770e+00   2.9872377e+00   2.9842837e+00   2.9812317e+00   2.9780548e+00   2.9747524e+00   2.9714050e+00   2.9680002e+00   2.9645100e+00   2.9609702e+00   2.9574146e+00   2.9538486e+00   2.9502487e+00   2.9466169e+00   2.9429855e+00   2.9393978e+00   2.9358628e+00   2.9323623e+00   2.9289253e+00   2.9255104e+00   2.9221163e+00   2.9187367e+00
   3.1372490e+00   3.1340396e+00   3.1308403e+00   3.1276493e+00   3.1244576e+00   3.1213093e+00   3.1181600e+00   3.1150510e+00   3.1119778e+00   3.1089752e+00   3.1060636e+00   3.1032279e+00   3.1004312e+00   3.0977008e+00   3.0950634e+00   3.0925796e+00   3.0902557e+00   3.0881026e+00   3.0861065e+00   3.0842772e+00   3.0825813e+00   3.0810394e+00   3.0796139e+00   3.0782738e+00   3.0770159e+00   3.0758016e+00   3.0746682e+00   3.0735846e+00   3.0724335e+00   3.0711536e+00   3.0696604e+00   3.0679061e+00   3.0659297e+00   3.0636666e+00   3.0611293e+00   3.0583575e+00   3.0553768e+00   3.0522397e+00   3.0489924e+00   3.0456839e+00   3.0423534e+00   3.0389893e+00   3.0356281e+00   3.0323665e+00   3.0293787e+00   3.0267398e+00   3.0244367e+00   3.0224648e+00   3.0208406e+00   3.0196846e+00   3.0191050e+00   3.0191603e+00   3.0198262e+00   3.0210693e+00   3.0228004e+00   3.0249774e+00   3.0275810e+00   3.0305679e+00   3.0339413e+00   3.0376289e+00   3.0415688e+00   3.0456517e+00   3.0496819e+00   3.0535381e+00   3.0570400e+00   3.0600364e+00   3.0624287e+00   3.0641680e+00   3.0652847e+00   3.0657501e+00   3.0656536e+00   3.0650756e+00   3.0640934e+00   3.0627444e+00   3.0610485e+00   3.0590858e+00   3.0568972e+00   3.0544786e+00   3.0518789e+00   3.0491276e+00   3.0462439e+00   3.0432320e+00   3.0400667e+00   3.0368102e+00   3.0334854e+00   3.0300510e+00   3.0265408e+00   3.0229671e+00   3.0193975e+00   3.0157979e+00   3.0121491e+00   3.0085230e+00   3.0048969e+00   3.0013177e+00   2.9977839e+00   2.9943161e+00   2.9908817e+00   2.9874704e+00   2.9840851e+00   2.9807312e+00
   3.0279827e+00   3.0250559e+00   3.0220768e+00   3.0191126e+00   3.0161877e+00   3.0132570e+00   3.0103378e+00   3.0074189e+00   3.0045183e+00   3.0016296e+00   2.9987590e+00   2.9959486e+00   2.9931977e+00   2.9905198e+00   2.9879169e+00   2.9853981e+00   2.9829683e+00   2.9806311e+00   2.9784002e+00   2.9762986e+00   2.9743407e+00   2.9724932e+00   2.9707482e+00   2.9690664e+00   2.9674442e+00   2.9658844e+00   2.9643748e+00   2.9628744e+00   2.9613314e+00   2.9596965e+00   2.9578962e+00   2.9559155e+00   2.9537504e+00   2.9513614e+00   2.9487932e+00   2.9460347e+00   2.9431260e+00   2.9401157e+00   2.9370325e+00   2.9339314e+00   2.9308002e+00   2.9276047e+00   2.9243977e+00   2.9213097e+00   2.9184735e+00   2.9159565e+00   2.9136937e+00   2.9116619e+00   2.9099028e+00   2.9085515e+00   2.9076805e+00   2.9073045e+00   2.9074299e+00   2.9080200e+00   2.9090226e+00   2.9103835e+00   2.9120715e+00   2.9140732e+00   2.9163752e+00   2.9189384e+00   2.9217129e+00   2.9245903e+00   2.9274662e+00   2.9302006e+00   2.9326403e+00   2.9346554e+00   2.9361763e+00   2.9372046e+00   2.9377394e+00   2.9377918e+00   2.9373989e+00   2.9366159e+00   2.9354937e+00   2.9340832e+00   2.9324191e+00   2.9305553e+00   2.9285047e+00   2.9263022e+00   2.9239645e+00   2.9215114e+00   2.9189355e+00   2.9162576e+00   2.9134874e+00   2.9106073e+00   2.9076626e+00   2.9046581e+00   2.9016247e+00   2.8985271e+00   2.8953884e+00   2.8922336e+00   2.8890479e+00   2.8858554e+00   2.8826969e+00   2.8795891e+00   2.8765068e+00   2.8734264e+00   2.8703749e+00   2.8673718e+00   2.8643703e+00   2.8613584e+00
   2.9747870e+00   2.9717200e+00   2.9686413e+00   2.9655561e+00   2.9624805e+00   2.9594600e+00   2.9564655e+00   2.9534738e+00   2.9505265e+00   2.9475887e+00   2.9447014e+00   2.9418690e+00   2.9391110e+00   2.9364538e+00   2.9338913e+00   2.9314415e+00   2.9291046e+00   2.9268625e+00   2.9247396e+00   2.9227531e+00   2.9209163e+00   2.9192047e+00   2.9176016e+00   2.9160931e+00   2.9146690e+00   2.9132740e+00   2.9119158e+00   2.9105761e+00   2.9092224e+00   2.9077809e+00   2.9062092e+00   2.9044478e+00   2.9024436e+00   2.9002085e+00   2.8977766e+00   2.8951681e+00   2.8924065e+00   2.8895333e+00   2.8866222e+00   2.8837030e+00   2.8807268e+00   2.8776684e+00   2.8745432e+00   2.8715496e+00   2.8688295e+00   2.8664694e+00   2.8643992e+00   2.8625839e+00   2.8610458e+00   2.8599169e+00   2.8592644e+00   2.8591297e+00   2.8595035e+00   2.8603766e+00   2.8617070e+00   2.8634052e+00   2.8654757e+00   2.8678913e+00   2.8706191e+00   2.8736172e+00   2.8768361e+00   2.8802021e+00   2.8835592e+00   2.8867586e+00   2.8896685e+00   2.8921540e+00   2.8941193e+00   2.8955190e+00   2.8963864e+00   2.8967316e+00   2.8966198e+00   2.8961165e+00   2.8952770e+00   2.8941059e+00   2.8926375e+00   2.8909397e+00   2.8890378e+00   2.8869846e+00   2.8847950e+00   2.8824739e+00   2.8800066e+00   2.8774109e+00   2.8747063e+00   2.8719194e+00   2.8690426e+00   2.8661118e+00   2.8631275e+00   2.8601186e+00   2.8570874e+00   2.8540113e+00   2.8509235e+00   2.8478291e+00   2.8447583e+00   2.8417196e+00   2.8387139e+00   2.8357723e+00   2.8328779e+00   2.8299973e+00   2.8271067e+00   2.8242199e+00
   2.7195184e+00   2.7173588e+00   2.7151935e+00   2.7130358e+00   2.7108762e+00   2.7087278e+00   2.7065849e+00   2.7044404e+00   2.7022865e+00   2.7001441e+00   2.6980221e+00   2.6959476e+00   2.6939352e+00   2.6919606e+00   2.6900394e+00   2.6881485e+00   2.6863050e+00   2.6845415e+00   2.6828768e+00   2.6813104e+00   2.6798332e+00   2.6784256e+00   2.6770656e+00   2.6757424e+00   2.6744499e+00   2.6731832e+00   2.6719601e+00   2.6707659e+00   2.6695614e+00   2.6682990e+00   2.6669130e+00   2.6654043e+00   2.6637747e+00   2.6620147e+00   2.6601286e+00   2.6581371e+00   2.6560471e+00   2.6539116e+00   2.6517432e+00   2.6495860e+00   2.6474068e+00   2.6451781e+00   2.6429021e+00   2.6406791e+00   2.6386337e+00   2.6368408e+00   2.6352451e+00   2.6337740e+00   2.6324537e+00   2.6314061e+00   2.6306837e+00   2.6303031e+00   2.6302464e+00   2.6305006e+00   2.6310437e+00   2.6318157e+00   2.6328125e+00   2.6340225e+00   2.6354380e+00   2.6370637e+00   2.6388593e+00   2.6407528e+00   2.6426141e+00   2.6443627e+00   2.6459005e+00   2.6471770e+00   2.6481333e+00   2.6487398e+00   2.6490078e+00   2.6489553e+00   2.6486118e+00   2.6479859e+00   2.6471152e+00   2.6460402e+00   2.6447928e+00   2.6434069e+00   2.6419134e+00   2.6403151e+00   2.6386139e+00   2.6368268e+00   2.6349418e+00   2.6329744e+00   2.6309233e+00   2.6288214e+00   2.6266785e+00   2.6244977e+00   2.6222942e+00   2.6200554e+00   2.6177800e+00   2.6154635e+00   2.6131337e+00   2.6108119e+00   2.6085203e+00   2.6062548e+00   2.6040032e+00   2.6017849e+00   2.5995941e+00   2.5973983e+00   2.5951941e+00   2.5929985e+00
   2.9190857e+00   2.9164629e+00   2.9138043e+00   2.9111278e+00   2.9084551e+00   2.9058011e+00   2.9031696e+00   2.9005318e+00   2.8979111e+00   2.8953190e+00   2.8927631e+00   2.8902423e+00   2.8877800e+00   2.8853657e+00   2.8830178e+00   2.8807411e+00   2.8785789e+00   2.8765182e+00   2.8745756e+00   2.8727200e+00   2.8709793e+00   2.8693192e+00   2.8677356e+00   2.8662198e+00   2.8647556e+00   2.8633556e+00   2.8619998e+00   2.8606570e+00   2.8592739e+00   2.8577955e+00   2.8561852e+00   2.8544471e+00   2.8525457e+00   2.8504534e+00   2.8481753e+00   2.8457584e+00   2.8432267e+00   2.8406239e+00   2.8379700e+00   2.8352978e+00   2.8326123e+00   2.8298759e+00   2.8271158e+00   2.8244658e+00   2.8220313e+00   2.8198960e+00   2.8179743e+00   2.8162434e+00   2.8147719e+00   2.8136642e+00   2.8129625e+00   2.8127000e+00   2.8128517e+00   2.8134136e+00   2.8143110e+00   2.8155031e+00   2.8169825e+00   2.8187637e+00   2.8208141e+00   2.8230903e+00   2.8255565e+00   2.8281162e+00   2.8306453e+00   2.8330076e+00   2.8351161e+00   2.8368890e+00   2.8382494e+00   2.8391473e+00   2.8395932e+00   2.8396225e+00   2.8392704e+00   2.8385928e+00   2.8376408e+00   2.8364327e+00   2.8350179e+00   2.8334296e+00   2.8316848e+00   2.8297899e+00   2.8277786e+00   2.8256686e+00   2.8234761e+00   2.8211844e+00   2.8188260e+00   2.8164194e+00   2.8139582e+00   2.8114369e+00   2.8088424e+00   2.8062341e+00   2.8036153e+00   2.8009892e+00   2.7983387e+00   2.7957156e+00   2.7931356e+00   2.7905560e+00   2.7880032e+00   2.7854674e+00   2.7829912e+00   2.7805128e+00   2.7780571e+00   2.7756212e+00
   3.1465378e+00   3.1434004e+00   3.1402075e+00   3.1370118e+00   3.1338234e+00   3.1306164e+00   3.1274068e+00   3.1242168e+00   3.1210940e+00   3.1180058e+00   3.1148949e+00   3.1118462e+00   3.1088629e+00   3.1059332e+00   3.1030807e+00   3.1002948e+00   3.0976288e+00   3.0950615e+00   3.0925906e+00   3.0902765e+00   3.0880880e+00   3.0859692e+00   3.0839627e+00   3.0820439e+00   3.0802357e+00   3.0784626e+00   3.0766952e+00   3.0749729e+00   3.0732319e+00   3.0714161e+00   3.0694256e+00   3.0672626e+00   3.0648935e+00   3.0622919e+00   3.0594723e+00   3.0564840e+00   3.0533412e+00   3.0500596e+00   3.0466557e+00   3.0432100e+00   3.0397995e+00   3.0363858e+00   3.0329971e+00   3.0296571e+00   3.0264702e+00   3.0236092e+00   3.0210266e+00   3.0187280e+00   3.0167036e+00   3.0150363e+00   3.0138662e+00   3.0131819e+00   3.0129957e+00   3.0132892e+00   3.0139906e+00   3.0150831e+00   3.0165308e+00   3.0183201e+00   3.0204389e+00   3.0228302e+00   3.0254300e+00   3.0281715e+00   3.0309203e+00   3.0335324e+00   3.0358574e+00   3.0377502e+00   3.0391695e+00   3.0400732e+00   3.0404294e+00   3.0402431e+00   3.0395834e+00   3.0385387e+00   3.0371678e+00   3.0354745e+00   3.0335190e+00   3.0313442e+00   3.0289268e+00   3.0263369e+00   3.0235856e+00   3.0207026e+00   3.0176976e+00   3.0145538e+00   3.0113323e+00   3.0080464e+00   3.0046852e+00   3.0012293e+00   2.9976871e+00   2.9941156e+00   2.9905097e+00   2.9868844e+00   2.9832680e+00   2.9796562e+00   2.9760592e+00   2.9724529e+00   2.9689028e+00   2.9654000e+00   2.9619696e+00   2.9585953e+00   2.9552383e+00   2.9518907e+00
   2.7584803e+00   2.7563994e+00   2.7542934e+00   2.7521784e+00   2.7500420e+00   2.7478974e+00   2.7457628e+00   2.7436574e+00   2.7415750e+00   2.7395017e+00   2.7374411e+00   2.7354107e+00   2.7334287e+00   2.7315066e+00   2.7296505e+00   2.7278564e+00   2.7261219e+00   2.7244732e+00   2.7229221e+00   2.7214470e+00   2.7200596e+00   2.7187531e+00   2.7175066e+00   2.7163241e+00   2.7151985e+00   2.7141163e+00   2.7130558e+00   2.7119977e+00   2.7109137e+00   2.7097549e+00   2.7084763e+00   2.7070646e+00   2.7054958e+00   2.7038023e+00   2.7019415e+00   2.6999595e+00   2.6978636e+00   2.6956856e+00   2.6934636e+00   2.6912324e+00   2.6889904e+00   2.6867077e+00   2.6843841e+00   2.6820927e+00   2.6799939e+00   2.6781597e+00   2.6765530e+00   2.6751204e+00   2.6738741e+00   2.6729138e+00   2.6723168e+00   2.6720905e+00   2.6722157e+00   2.6726761e+00   2.6734383e+00   2.6744831e+00   2.6757920e+00   2.6773617e+00   2.6791642e+00   2.6811798e+00   2.6833572e+00   2.6856239e+00   2.6878750e+00   2.6900036e+00   2.6919062e+00   2.6935151e+00   2.6947739e+00   2.6956310e+00   2.6960793e+00   2.6961422e+00   2.6958835e+00   2.6953471e+00   2.6945419e+00   2.6935151e+00   2.6923048e+00   2.6909325e+00   2.6894014e+00   2.6877296e+00   2.6859474e+00   2.6840656e+00   2.6821184e+00   2.6800959e+00   2.6779957e+00   2.6758204e+00   2.6735859e+00   2.6712837e+00   2.6689374e+00   2.6665821e+00   2.6642153e+00   2.6618357e+00   2.6594405e+00   2.6570609e+00   2.6546938e+00   2.6523428e+00   2.6500156e+00   2.6477129e+00   2.6454546e+00   2.6432269e+00   2.6410129e+00   2.6387680e+00
   2.8310263e+00   2.8286304e+00   2.8262308e+00   2.8238094e+00   2.8213627e+00   2.8189125e+00   2.8164675e+00   2.8140595e+00   2.8116829e+00   2.8093128e+00   2.8069503e+00   2.8046229e+00   2.8023288e+00   2.8001087e+00   2.7979422e+00   2.7958386e+00   2.7938211e+00   2.7919066e+00   2.7900960e+00   2.7883756e+00   2.7867110e+00   2.7851164e+00   2.7836201e+00   2.7822134e+00   2.7808685e+00   2.7795513e+00   2.7782609e+00   2.7769716e+00   2.7756445e+00   2.7742455e+00   2.7727394e+00   2.7711048e+00   2.7692919e+00   2.7673054e+00   2.7651653e+00   2.7628841e+00   2.7604818e+00   2.7580070e+00   2.7554920e+00   2.7529707e+00   2.7504351e+00   2.7478971e+00   2.7453384e+00   2.7428157e+00   2.7404649e+00   2.7383788e+00   2.7365315e+00   2.7348773e+00   2.7334440e+00   2.7323182e+00   2.7315762e+00   2.7312059e+00   2.7312119e+00   2.7315836e+00   2.7323005e+00   2.7333233e+00   2.7346241e+00   2.7361891e+00   2.7380173e+00   2.7400715e+00   2.7423227e+00   2.7446506e+00   2.7469587e+00   2.7491324e+00   2.7510936e+00   2.7527599e+00   2.7540109e+00   2.7548189e+00   2.7551842e+00   2.7551537e+00   2.7547779e+00   2.7540872e+00   2.7531385e+00   2.7519588e+00   2.7505751e+00   2.7489929e+00   2.7472432e+00   2.7453661e+00   2.7433548e+00   2.7412536e+00   2.7390614e+00   2.7367895e+00   2.7344353e+00   2.7319911e+00   2.7294824e+00   2.7269239e+00   2.7243435e+00   2.7217340e+00   2.7191069e+00   2.7164633e+00   2.7137957e+00   2.7111034e+00   2.7084286e+00   2.7058022e+00   2.7032077e+00   2.7006409e+00   2.6981056e+00   2.6956072e+00   2.6931162e+00   2.6906090e+00
   2.8832684e+00   2.8806610e+00   2.8780286e+00   2.8753977e+00   2.8727791e+00   2.8701446e+00   2.8675146e+00   2.8649054e+00   2.8623192e+00   2.8597648e+00   2.8572247e+00   2.8547201e+00   2.8522885e+00   2.8498986e+00   2.8475635e+00   2.8453071e+00   2.8431513e+00   2.8410847e+00   2.8391001e+00   2.8372161e+00   2.8354244e+00   2.8337152e+00   2.8320971e+00   2.8305466e+00   2.8290355e+00   2.8275821e+00   2.8261526e+00   2.8247507e+00   2.8233042e+00   2.8217602e+00   2.8200858e+00   2.8182907e+00   2.8163664e+00   2.8143072e+00   2.8120804e+00   2.8096974e+00   2.8072231e+00   2.8046875e+00   2.8021395e+00   2.7995815e+00   2.7969799e+00   2.7943115e+00   2.7916298e+00   2.7890365e+00   2.7866614e+00   2.7845306e+00   2.7826250e+00   2.7809114e+00   2.7794063e+00   2.7781918e+00   2.7773507e+00   2.7768948e+00   2.7768214e+00   2.7770875e+00   2.7776840e+00   2.7785807e+00   2.7797754e+00   2.7812402e+00   2.7829521e+00   2.7849131e+00   2.7870586e+00   2.7892971e+00   2.7914979e+00   2.7935765e+00   2.7954323e+00   2.7969773e+00   2.7981298e+00   2.7988768e+00   2.7992256e+00   2.7991798e+00   2.7987893e+00   2.7980931e+00   2.7971675e+00   2.7959979e+00   2.7946236e+00   2.7930815e+00   2.7914107e+00   2.7896230e+00   2.7877109e+00   2.7856967e+00   2.7835991e+00   2.7814283e+00   2.7791996e+00   2.7768948e+00   2.7745121e+00   2.7720861e+00   2.7696335e+00   2.7671652e+00   2.7646596e+00   2.7621336e+00   2.7596195e+00   2.7571075e+00   2.7545879e+00   2.7520936e+00   2.7496517e+00   2.7472680e+00   2.7449038e+00   2.7425337e+00   2.7401686e+00   2.7377796e+00
   2.8689995e+00   2.8666480e+00   2.8642900e+00   2.8619378e+00   2.8595841e+00   2.8572500e+00   2.8549297e+00   2.8526227e+00   2.8503399e+00   2.8480721e+00   2.8458204e+00   2.8435984e+00   2.8414471e+00   2.8393848e+00   2.8373902e+00   2.8354626e+00   2.8336227e+00   2.8319027e+00   2.8302794e+00   2.8287430e+00   2.8272846e+00   2.8259366e+00   2.8246555e+00   2.8234413e+00   2.8222561e+00   2.8211114e+00   2.8200033e+00   2.8189058e+00   2.8177702e+00   2.8165369e+00   2.8151712e+00   2.8136673e+00   2.8120100e+00   2.8101795e+00   2.8081963e+00   2.8060646e+00   2.8038206e+00   2.8015201e+00   2.7992134e+00   2.7968929e+00   2.7945271e+00   2.7920754e+00   2.7895920e+00   2.7871959e+00   2.7850277e+00   2.7831619e+00   2.7815526e+00   2.7801189e+00   2.7789009e+00   2.7780201e+00   2.7775381e+00   2.7774687e+00   2.7777679e+00   2.7784386e+00   2.7794511e+00   2.7807827e+00   2.7824008e+00   2.7843113e+00   2.7864830e+00   2.7888699e+00   2.7914217e+00   2.7940447e+00   2.7966366e+00   2.7990704e+00   2.8012438e+00   2.8030853e+00   2.8045175e+00   2.8055093e+00   2.8060653e+00   2.8062372e+00   2.8060577e+00   2.8055620e+00   2.8048055e+00   2.8038146e+00   2.8026257e+00   2.8012455e+00   2.7997024e+00   2.7980306e+00   2.7962506e+00   2.7943990e+00   2.7924435e+00   2.7903862e+00   2.7882395e+00   2.7860184e+00   2.7837667e+00   2.7814863e+00   2.7791660e+00   2.7768195e+00   2.7744477e+00   2.7720757e+00   2.7696888e+00   2.7672939e+00   2.7649376e+00   2.7626221e+00   2.7603204e+00   2.7580616e+00   2.7558489e+00   2.7536614e+00   2.7514546e+00   2.7492058e+00
   2.8330526e+00   2.8307934e+00   2.8285017e+00   2.8261688e+00   2.8237782e+00   2.8213847e+00   2.8190553e+00   2.8167984e+00   2.8146126e+00   2.8124657e+00   2.8103008e+00   2.8081477e+00   2.8060067e+00   2.8039143e+00   2.8019543e+00   2.8001337e+00   2.7984476e+00   2.7968724e+00   2.7953713e+00   2.7939322e+00   2.7925556e+00   2.7912636e+00   2.7900865e+00   2.7890322e+00   2.7880676e+00   2.7871666e+00   2.7862713e+00   2.7853367e+00   2.7843058e+00   2.7831829e+00   2.7819474e+00   2.7806070e+00   2.7790916e+00   2.7773807e+00   2.7754819e+00   2.7733781e+00   2.7711060e+00   2.7687280e+00   2.7663348e+00   2.7639754e+00   2.7616241e+00   2.7592342e+00   2.7567923e+00   2.7543850e+00   2.7521667e+00   2.7502391e+00   2.7485926e+00   2.7472115e+00   2.7461121e+00   2.7453921e+00   2.7450666e+00   2.7451427e+00   2.7456143e+00   2.7465103e+00   2.7478111e+00   2.7494631e+00   2.7514322e+00   2.7537167e+00   2.7562969e+00   2.7590916e+00   2.7620189e+00   2.7650459e+00   2.7680485e+00   2.7709141e+00   2.7735157e+00   2.7757375e+00   2.7775316e+00   2.7788076e+00   2.7795792e+00   2.7798760e+00   2.7797470e+00   2.7792749e+00   2.7785079e+00   2.7774804e+00   2.7762220e+00   2.7747366e+00   2.7730463e+00   2.7711971e+00   2.7692223e+00   2.7671478e+00   2.7649734e+00   2.7627392e+00   2.7604282e+00   2.7580040e+00   2.7554553e+00   2.7528410e+00   2.7501910e+00   2.7475450e+00   2.7448981e+00   2.7422483e+00   2.7395840e+00   2.7368896e+00   2.7342141e+00   2.7315586e+00   2.7289460e+00   2.7264049e+00   2.7239408e+00   2.7215312e+00   2.7191103e+00   2.7166426e+00
   2.7135715e+00   2.7116632e+00   2.7097185e+00   2.7077372e+00   2.7057750e+00   2.7038343e+00   2.7019112e+00   2.7000122e+00   2.6981137e+00   2.6962273e+00   2.6943524e+00   2.6924839e+00   2.6906669e+00   2.6888931e+00   2.6871893e+00   2.6855638e+00   2.6840115e+00   2.6825237e+00   2.6811068e+00   2.6797762e+00   2.6785419e+00   2.6773968e+00   2.6763134e+00   2.6753113e+00   2.6743658e+00   2.6734591e+00   2.6725681e+00   2.6716735e+00   2.6707656e+00   2.6698058e+00   2.6687357e+00   2.6675255e+00   2.6661532e+00   2.6646087e+00   2.6628864e+00   2.6610355e+00   2.6590426e+00   2.6569660e+00   2.6548469e+00   2.6527436e+00   2.6506555e+00   2.6485369e+00   2.6463525e+00   2.6441553e+00   2.6421020e+00   2.6403191e+00   2.6388097e+00   2.6374750e+00   2.6362944e+00   2.6353734e+00   2.6347849e+00   2.6345627e+00   2.6347058e+00   2.6351950e+00   2.6360216e+00   2.6371317e+00   2.6384954e+00   2.6400862e+00   2.6418879e+00   2.6439147e+00   2.6461325e+00   2.6484733e+00   2.6508391e+00   2.6531177e+00   2.6552100e+00   2.6570098e+00   2.6584303e+00   2.6594336e+00   2.6600375e+00   2.6602516e+00   2.6601112e+00   2.6596649e+00   2.6589434e+00   2.6579797e+00   2.6567798e+00   2.6553876e+00   2.6538336e+00   2.6521504e+00   2.6503632e+00   2.6484730e+00   2.6464844e+00   2.6443865e+00   2.6421824e+00   2.6399193e+00   2.6376009e+00   2.6352170e+00   2.6327703e+00   2.6302986e+00   2.6278076e+00   2.6252763e+00   2.6227169e+00   2.6201541e+00   2.6176069e+00   2.6150739e+00   2.6125839e+00   2.6101406e+00   2.6077201e+00   2.6052952e+00   2.6028712e+00   2.6004534e+00
   3.0426571e+00   3.0395815e+00   3.0364711e+00   3.0333645e+00   3.0302689e+00   3.0271733e+00   3.0240915e+00   3.0210555e+00   3.0180607e+00   3.0150983e+00   3.0121801e+00   3.0092773e+00   3.0064375e+00   3.0036955e+00   3.0010376e+00   2.9985025e+00   2.9960680e+00   2.9937458e+00   2.9915638e+00   2.9894936e+00   2.9875336e+00   2.9856749e+00   2.9839218e+00   2.9822743e+00   2.9807003e+00   2.9791782e+00   2.9776928e+00   2.9762404e+00   2.9747610e+00   2.9731748e+00   2.9714372e+00   2.9695060e+00   2.9673491e+00   2.9649925e+00   2.9624479e+00   2.9597275e+00   2.9568408e+00   2.9538317e+00   2.9507420e+00   2.9476376e+00   2.9445102e+00   2.9413738e+00   2.9382169e+00   2.9351168e+00   2.9322262e+00   2.9296703e+00   2.9274375e+00   2.9254811e+00   2.9238281e+00   2.9225762e+00   2.9217987e+00   2.9215386e+00   2.9217637e+00   2.9224474e+00   2.9235506e+00   2.9250200e+00   2.9268525e+00   2.9290159e+00   2.9314907e+00   2.9342279e+00   2.9371529e+00   2.9401913e+00   2.9432061e+00   2.9460456e+00   2.9485800e+00   2.9507225e+00   2.9523907e+00   2.9535074e+00   2.9540799e+00   2.9541690e+00   2.9538355e+00   2.9531059e+00   2.9520445e+00   2.9506836e+00   2.9490683e+00   2.9472411e+00   2.9452026e+00   2.9430211e+00   2.9406769e+00   2.9382174e+00   2.9356594e+00   2.9329708e+00   2.9301770e+00   2.9272814e+00   2.9243364e+00   2.9213393e+00   2.9182746e+00   2.9151433e+00   2.9119737e+00   2.9087956e+00   2.9056408e+00   2.9024670e+00   2.8993070e+00   2.8961651e+00   2.8930671e+00   2.8900051e+00   2.8869715e+00   2.8839948e+00   2.8809958e+00   2.8780162e+00
   3.0071774e+00   3.0044234e+00   3.0016134e+00   2.9988146e+00   2.9960194e+00   2.9932346e+00   2.9904287e+00   2.9876168e+00   2.9848154e+00   2.9820416e+00   2.9792798e+00   2.9765720e+00   2.9739296e+00   2.9713566e+00   2.9688499e+00   2.9664185e+00   2.9640882e+00   2.9618816e+00   2.9597857e+00   2.9577620e+00   2.9558532e+00   2.9540555e+00   2.9523723e+00   2.9507749e+00   2.9492276e+00   2.9477365e+00   2.9462836e+00   2.9448354e+00   2.9433491e+00   2.9417591e+00   2.9400139e+00   2.9380724e+00   2.9359331e+00   2.9336197e+00   2.9311583e+00   2.9285476e+00   2.9257934e+00   2.9229231e+00   2.9199903e+00   2.9170430e+00   2.9140656e+00   2.9110401e+00   2.9080203e+00   2.9051256e+00   2.9024742e+00   2.9001207e+00   2.8980081e+00   2.8961103e+00   2.8944757e+00   2.8932264e+00   2.8924351e+00   2.8920994e+00   2.8922012e+00   2.8927281e+00   2.8936481e+00   2.8949063e+00   2.8964708e+00   2.8983300e+00   2.9004822e+00   2.9029009e+00   2.9055274e+00   2.9082184e+00   2.9108570e+00   2.9133377e+00   2.9155772e+00   2.9174652e+00   2.9189320e+00   2.9199221e+00   2.9204037e+00   2.9204483e+00   2.9200723e+00   2.9193451e+00   2.9183147e+00   2.9169929e+00   2.9154625e+00   2.9137335e+00   2.9118359e+00   2.9098079e+00   2.9076288e+00   2.9053090e+00   2.9028924e+00   2.9004180e+00   2.8978536e+00   2.8951635e+00   2.8923833e+00   2.8895779e+00   2.8867152e+00   2.8838089e+00   2.8808632e+00   2.8779027e+00   2.8749335e+00   2.8719680e+00   2.8690252e+00   2.8660696e+00   2.8631303e+00   2.8602269e+00   2.8574045e+00   2.8546150e+00   2.8517935e+00   2.8489749e+00
   2.9659159e+00   2.9633667e+00   2.9608021e+00   2.9582081e+00   2.9556262e+00   2.9530723e+00   2.9505203e+00   2.9480145e+00   2.9455144e+00   2.9430392e+00   2.9406002e+00   2.9382217e+00   2.9359014e+00   2.9336617e+00   2.9314976e+00   2.9294312e+00   2.9274623e+00   2.9255962e+00   2.9238415e+00   2.9222100e+00   2.9207029e+00   2.9193106e+00   2.9180164e+00   2.9167891e+00   2.9156063e+00   2.9144890e+00   2.9134350e+00   2.9123914e+00   2.9113071e+00   2.9101315e+00   2.9088233e+00   2.9073226e+00   2.9055948e+00   2.9036655e+00   2.9015524e+00   2.8992558e+00   2.8967972e+00   2.8942220e+00   2.8915987e+00   2.8889649e+00   2.8862917e+00   2.8835735e+00   2.8807876e+00   2.8780787e+00   2.8756084e+00   2.8734682e+00   2.8716209e+00   2.8699989e+00   2.8686416e+00   2.8676879e+00   2.8671796e+00   2.8671398e+00   2.8675807e+00   2.8684978e+00   2.8698514e+00   2.8715618e+00   2.8735726e+00   2.8758860e+00   2.8784969e+00   2.8813725e+00   2.8844509e+00   2.8876536e+00   2.8908405e+00   2.8938758e+00   2.8966186e+00   2.8989763e+00   2.9008465e+00   2.9021838e+00   2.9030001e+00   2.9033530e+00   2.9032896e+00   2.9028275e+00   2.9020250e+00   2.9009049e+00   2.8995161e+00   2.8979120e+00   2.8961229e+00   2.8941746e+00   2.8921003e+00   2.8899024e+00   2.8875816e+00   2.8851440e+00   2.8825958e+00   2.8799565e+00   2.8772089e+00   2.8744137e+00   2.8715906e+00   2.8687363e+00   2.8658400e+00   2.8628986e+00   2.8599484e+00   2.8569920e+00   2.8540390e+00   2.8511250e+00   2.8482666e+00   2.8454525e+00   2.8426411e+00   2.8398407e+00   2.8370581e+00   2.8342659e+00
   2.9630108e+00   2.9601734e+00   2.9573328e+00   2.9545133e+00   2.9517047e+00   2.9489257e+00   2.9461720e+00   2.9434440e+00   2.9407609e+00   2.9381340e+00   2.9355838e+00   2.9330866e+00   2.9306316e+00   2.9282608e+00   2.9259999e+00   2.9238567e+00   2.9218550e+00   2.9199915e+00   2.9182675e+00   2.9166858e+00   2.9152405e+00   2.9139063e+00   2.9127052e+00   2.9115899e+00   2.9105365e+00   2.9095528e+00   2.9086292e+00   2.9077146e+00   2.9067612e+00   2.9056799e+00   2.9044209e+00   2.9029436e+00   2.9011943e+00   2.8991776e+00   2.8969345e+00   2.8944590e+00   2.8918231e+00   2.8890572e+00   2.8862021e+00   2.8833370e+00   2.8804238e+00   2.8774860e+00   2.8745344e+00   2.8716660e+00   2.8690531e+00   2.8667896e+00   2.8648529e+00   2.8631954e+00   2.8618538e+00   2.8609600e+00   2.8606176e+00   2.8608243e+00   2.8615983e+00   2.8629119e+00   2.8646967e+00   2.8669021e+00   2.8694944e+00   2.8724527e+00   2.8757632e+00   2.8794014e+00   2.8832991e+00   2.8873379e+00   2.8913548e+00   2.8951778e+00   2.8986549e+00   2.9016495e+00   2.9040625e+00   2.9058378e+00   2.9069889e+00   2.9075661e+00   2.9076245e+00   2.9072030e+00   2.9063568e+00   2.9051464e+00   2.9036369e+00   2.9018638e+00   2.8998635e+00   2.8976517e+00   2.8952560e+00   2.8927147e+00   2.8900487e+00   2.8872566e+00   2.8843148e+00   2.8812783e+00   2.8781493e+00   2.8749530e+00   2.8716860e+00   2.8683519e+00   2.8649857e+00   2.8615923e+00   2.8581908e+00   2.8547802e+00   2.8514004e+00   2.8480644e+00   2.8447526e+00   2.8415306e+00   2.8383598e+00   2.8352096e+00   2.8320513e+00   2.8289115e+00
   2.8923600e+00   2.8895247e+00   2.8866608e+00   2.8837841e+00   2.8809004e+00   2.8780344e+00   2.8751755e+00   2.8723257e+00   2.8694956e+00   2.8666992e+00   2.8639538e+00   2.8612568e+00   2.8586204e+00   2.8560307e+00   2.8535080e+00   2.8510501e+00   2.8486679e+00   2.8463917e+00   2.8442373e+00   2.8422077e+00   2.8402843e+00   2.8384616e+00   2.8367207e+00   2.8350580e+00   2.8334417e+00   2.8318574e+00   2.8303106e+00   2.8287790e+00   2.8272362e+00   2.8256435e+00   2.8239200e+00   2.8220341e+00   2.8199835e+00   2.8177614e+00   2.8153985e+00   2.8128850e+00   2.8102398e+00   2.8075230e+00   2.8047688e+00   2.8020430e+00   2.7992735e+00   2.7964528e+00   2.7935972e+00   2.7908437e+00   2.7883091e+00   2.7860668e+00   2.7840633e+00   2.7822161e+00   2.7805767e+00   2.7792757e+00   2.7783749e+00   2.7778864e+00   2.7778103e+00   2.7781506e+00   2.7788570e+00   2.7798538e+00   2.7811291e+00   2.7826700e+00   2.7844801e+00   2.7865522e+00   2.7888200e+00   2.7911937e+00   2.7935698e+00   2.7958431e+00   2.7979167e+00   2.7996581e+00   2.8009827e+00   2.8018427e+00   2.8022528e+00   2.8022549e+00   2.8018887e+00   2.8011847e+00   2.8002055e+00   2.7989814e+00   2.7975509e+00   2.7959349e+00   2.7941577e+00   2.7922108e+00   2.7901471e+00   2.7879703e+00   2.7857122e+00   2.7833540e+00   2.7808876e+00   2.7783508e+00   2.7757530e+00   2.7731171e+00   2.7704239e+00   2.7676804e+00   2.7648976e+00   2.7621067e+00   2.7593029e+00   2.7564895e+00   2.7536952e+00   2.7509482e+00   2.7482560e+00   2.7455909e+00   2.7429545e+00   2.7403238e+00   2.7376812e+00   2.7350290e+00
   3.0379620e+00   3.0349562e+00   3.0319598e+00   3.0289364e+00   3.0258830e+00   3.0228260e+00   3.0197668e+00   3.0167363e+00   3.0137451e+00   3.0107677e+00   3.0078490e+00   3.0049694e+00   3.0021508e+00   2.9993775e+00   2.9966800e+00   2.9941046e+00   2.9916689e+00   2.9893405e+00   2.9871094e+00   2.9849708e+00   2.9829376e+00   2.9810407e+00   2.9792345e+00   2.9774945e+00   2.9758484e+00   2.9742682e+00   2.9727318e+00   2.9711773e+00   2.9695780e+00   2.9678850e+00   2.9660394e+00   2.9639857e+00   2.9617424e+00   2.9593296e+00   2.9567149e+00   2.9539025e+00   2.9509268e+00   2.9478605e+00   2.9447429e+00   2.9415772e+00   2.9383872e+00   2.9351976e+00   2.9320247e+00   2.9289234e+00   2.9260406e+00   2.9234312e+00   2.9211323e+00   2.9190967e+00   2.9173510e+00   2.9160020e+00   2.9151144e+00   2.9147100e+00   2.9147959e+00   2.9153080e+00   2.9162061e+00   2.9174492e+00   2.9190276e+00   2.9209480e+00   2.9231617e+00   2.9255960e+00   2.9282243e+00   2.9309371e+00   2.9336014e+00   2.9360905e+00   2.9382906e+00   2.9400995e+00   2.9414434e+00   2.9422538e+00   2.9425755e+00   2.9424331e+00   2.9418631e+00   2.9409339e+00   2.9396985e+00   2.9382105e+00   2.9364755e+00   2.9345162e+00   2.9323814e+00   2.9300735e+00   2.9276440e+00   2.9250987e+00   2.9224548e+00   2.9197114e+00   2.9168718e+00   2.9139431e+00   2.9109361e+00   2.9078617e+00   2.9047613e+00   2.9016340e+00   2.8984816e+00   2.8953171e+00   2.8921394e+00   2.8889644e+00   2.8857794e+00   2.8826396e+00   2.8795776e+00   2.8765585e+00   2.8735731e+00   2.8705673e+00   2.8675892e+00   2.8646438e+00
   2.7321336e+00   2.7302084e+00   2.7282493e+00   2.7262313e+00   2.7241776e+00   2.7221200e+00   2.7201030e+00   2.7181368e+00   2.7161987e+00   2.7142620e+00   2.7123253e+00   2.7103930e+00   2.7084877e+00   2.7066345e+00   2.7048600e+00   2.7031915e+00   2.7016246e+00   2.7001159e+00   2.6986673e+00   2.6972778e+00   2.6959527e+00   2.6947203e+00   2.6935647e+00   2.6924984e+00   2.6914775e+00   2.6904833e+00   2.6894844e+00   2.6884634e+00   2.6873963e+00   2.6862729e+00   2.6850607e+00   2.6837342e+00   2.6822548e+00   2.6806443e+00   2.6788960e+00   2.6770146e+00   2.6750300e+00   2.6729743e+00   2.6709182e+00   2.6688964e+00   2.6668348e+00   2.6646869e+00   2.6624737e+00   2.6603048e+00   2.6583612e+00   2.6566956e+00   2.6552770e+00   2.6540153e+00   2.6529210e+00   2.6520998e+00   2.6516345e+00   2.6515214e+00   2.6517298e+00   2.6522644e+00   2.6531200e+00   2.6542623e+00   2.6556492e+00   2.6572688e+00   2.6590879e+00   2.6610918e+00   2.6632373e+00   2.6654744e+00   2.6676877e+00   2.6697614e+00   2.6716194e+00   2.6731987e+00   2.6744254e+00   2.6752465e+00   2.6756775e+00   2.6757767e+00   2.6755903e+00   2.6751537e+00   2.6744807e+00   2.6735919e+00   2.6725104e+00   2.6712503e+00   2.6698658e+00   2.6683922e+00   2.6668282e+00   2.6651926e+00   2.6634769e+00   2.6617036e+00   2.6598313e+00   2.6578693e+00   2.6558516e+00   2.6538038e+00   2.6517477e+00   2.6496961e+00   2.6476383e+00   2.6455510e+00   2.6434195e+00   2.6413014e+00   2.6392295e+00   2.6371787e+00   2.6351593e+00   2.6331589e+00   2.6312065e+00   2.6292543e+00   2.6272862e+00   2.6252844e+00
   2.8534634e+00   2.8508871e+00   2.8483012e+00   2.8457139e+00   2.8431103e+00   2.8405488e+00   2.8380213e+00   2.8355129e+00   2.8330238e+00   2.8305509e+00   2.8280830e+00   2.8256702e+00   2.8232975e+00   2.8210146e+00   2.8188210e+00   2.8167088e+00   2.8146799e+00   2.8127458e+00   2.8108985e+00   2.8091660e+00   2.8075283e+00   2.8059978e+00   2.8045595e+00   2.8031852e+00   2.8018627e+00   2.8005664e+00   2.7993038e+00   2.7980754e+00   2.7968180e+00   2.7954807e+00   2.7940044e+00   2.7923710e+00   2.7905884e+00   2.7886364e+00   2.7865269e+00   2.7842541e+00   2.7818706e+00   2.7794170e+00   2.7769167e+00   2.7743986e+00   2.7718689e+00   2.7693212e+00   2.7667465e+00   2.7642128e+00   2.7618911e+00   2.7598715e+00   2.7581112e+00   2.7565372e+00   2.7551851e+00   2.7541714e+00   2.7535536e+00   2.7533503e+00   2.7535450e+00   2.7541459e+00   2.7550907e+00   2.7563350e+00   2.7578793e+00   2.7597027e+00   2.7618115e+00   2.7641571e+00   2.7666786e+00   2.7692883e+00   2.7718647e+00   2.7742879e+00   2.7764733e+00   2.7783234e+00   2.7797558e+00   2.7807324e+00   2.7812603e+00   2.7813919e+00   2.7811434e+00   2.7805481e+00   2.7796447e+00   2.7784853e+00   2.7771130e+00   2.7755661e+00   2.7738831e+00   2.7720528e+00   2.7700851e+00   2.7679951e+00   2.7658145e+00   2.7635431e+00   2.7611980e+00   2.7587841e+00   2.7563112e+00   2.7537816e+00   2.7512054e+00   2.7486022e+00   2.7459726e+00   2.7433388e+00   2.7407010e+00   2.7380800e+00   2.7354965e+00   2.7329407e+00   2.7304142e+00   2.7279282e+00   2.7254953e+00   2.7230787e+00   2.7206745e+00   2.7182770e+00
   3.0095890e+00   3.0065367e+00   3.0034409e+00   3.0003326e+00   2.9972160e+00   2.9940965e+00   2.9909799e+00   2.9879348e+00   2.9849360e+00   2.9819682e+00   2.9789934e+00   2.9760239e+00   2.9731112e+00   2.9702978e+00   2.9675763e+00   2.9649334e+00   2.9623928e+00   2.9599888e+00   2.9576924e+00   2.9554863e+00   2.9533961e+00   2.9514329e+00   2.9495857e+00   2.9477987e+00   2.9460804e+00   2.9444592e+00   2.9428966e+00   2.9413197e+00   2.9396954e+00   2.9380045e+00   2.9361994e+00   2.9342163e+00   2.9320042e+00   2.9295599e+00   2.9269142e+00   2.9240749e+00   2.9210663e+00   2.9179428e+00   2.9147530e+00   2.9115636e+00   2.9083712e+00   2.9051571e+00   2.9019175e+00   2.8987513e+00   2.8957756e+00   2.8930957e+00   2.8907146e+00   2.8885858e+00   2.8867171e+00   2.8852398e+00   2.8842037e+00   2.8836668e+00   2.8835814e+00   2.8839600e+00   2.8847904e+00   2.8859797e+00   2.8875256e+00   2.8894231e+00   2.8916452e+00   2.8941667e+00   2.8969009e+00   2.8998020e+00   2.9027297e+00   2.9055202e+00   2.9080250e+00   2.9101336e+00   2.9117670e+00   2.9128494e+00   2.9133890e+00   2.9134300e+00   2.9130185e+00   2.9122298e+00   2.9110823e+00   2.9096286e+00   2.9078743e+00   2.9058583e+00   2.9036407e+00   2.9012382e+00   2.8986957e+00   2.8960342e+00   2.8932655e+00   2.8903999e+00   2.8874061e+00   2.8842986e+00   2.8810930e+00   2.8778050e+00   2.8744857e+00   2.8711233e+00   2.8677299e+00   2.8642998e+00   2.8608372e+00   2.8573864e+00   2.8539546e+00   2.8505812e+00   2.8472373e+00   2.8439252e+00   2.8406532e+00   2.8374064e+00   2.8341691e+00   2.8309271e+00
   2.7121823e+00   2.7100074e+00   2.7078054e+00   2.7055779e+00   2.7033589e+00   2.7011318e+00   2.6989110e+00   2.6967156e+00   2.6945512e+00   2.6923954e+00   2.6902688e+00   2.6881568e+00   2.6860931e+00   2.6840897e+00   2.6821415e+00   2.6802547e+00   2.6784384e+00   2.6766884e+00   2.6750374e+00   2.6734602e+00   2.6719773e+00   2.6705902e+00   2.6692812e+00   2.6680171e+00   2.6667793e+00   2.6655843e+00   2.6644402e+00   2.6633036e+00   2.6621616e+00   2.6609771e+00   2.6596875e+00   2.6582520e+00   2.6566536e+00   2.6549153e+00   2.6530378e+00   2.6510446e+00   2.6489429e+00   2.6467607e+00   2.6445377e+00   2.6423013e+00   2.6400886e+00   2.6378744e+00   2.6356049e+00   2.6333129e+00   2.6311545e+00   2.6292555e+00   2.6276147e+00   2.6261463e+00   2.6248338e+00   2.6237943e+00   2.6230903e+00   2.6227429e+00   2.6227436e+00   2.6230829e+00   2.6237319e+00   2.6246383e+00   2.6257851e+00   2.6271610e+00   2.6287596e+00   2.6305704e+00   2.6325490e+00   2.6346414e+00   2.6367447e+00   2.6387527e+00   2.6405597e+00   2.6420853e+00   2.6432617e+00   2.6440403e+00   2.6444216e+00   2.6444457e+00   2.6441667e+00   2.6436141e+00   2.6427977e+00   2.6417391e+00   2.6404889e+00   2.6390629e+00   2.6374829e+00   2.6357749e+00   2.6339560e+00   2.6320622e+00   2.6300726e+00   2.6280081e+00   2.6258476e+00   2.6236124e+00   2.6213160e+00   2.6189814e+00   2.6166093e+00   2.6141946e+00   2.6117468e+00   2.6092703e+00   2.6067867e+00   2.6042941e+00   2.6018188e+00   2.5993598e+00   2.5969441e+00   2.5945559e+00   2.5921824e+00   2.5898197e+00   2.5874374e+00   2.5850677e+00
   2.8156240e+00   2.8131638e+00   2.8106840e+00   2.8081739e+00   2.8056755e+00   2.8031874e+00   2.8007176e+00   2.7982924e+00   2.7958965e+00   2.7935288e+00   2.7911816e+00   2.7888577e+00   2.7866144e+00   2.7844181e+00   2.7822807e+00   2.7802238e+00   2.7782612e+00   2.7764282e+00   2.7747002e+00   2.7730713e+00   2.7715378e+00   2.7700980e+00   2.7687576e+00   2.7674768e+00   2.7662497e+00   2.7650669e+00   2.7639179e+00   2.7627842e+00   2.7616205e+00   2.7603734e+00   2.7590256e+00   2.7574949e+00   2.7557876e+00   2.7538979e+00   2.7518511e+00   2.7496555e+00   2.7473238e+00   2.7449007e+00   2.7424326e+00   2.7399569e+00   2.7374747e+00   2.7349615e+00   2.7324173e+00   2.7299125e+00   2.7276058e+00   2.7255917e+00   2.7238522e+00   2.7223189e+00   2.7209980e+00   2.7200124e+00   2.7194335e+00   2.7193050e+00   2.7195892e+00   2.7202713e+00   2.7213087e+00   2.7226601e+00   2.7242944e+00   2.7262087e+00   2.7283695e+00   2.7307703e+00   2.7333720e+00   2.7360737e+00   2.7387531e+00   2.7412999e+00   2.7435882e+00   2.7455313e+00   2.7470510e+00   2.7481050e+00   2.7487199e+00   2.7488916e+00   2.7486808e+00   2.7481222e+00   2.7472713e+00   2.7461550e+00   2.7448070e+00   2.7432702e+00   2.7415733e+00   2.7397153e+00   2.7377145e+00   2.7356186e+00   2.7334268e+00   2.7311316e+00   2.7287397e+00   2.7262576e+00   2.7237167e+00   2.7211306e+00   2.7184861e+00   2.7158108e+00   2.7130992e+00   2.7103808e+00   2.7076626e+00   2.7049382e+00   2.7022164e+00   2.6994855e+00   2.6967986e+00   2.6941662e+00   2.6915772e+00   2.6890039e+00   2.6864402e+00   2.6838713e+00
   2.8192360e+00   2.8166587e+00   2.8140643e+00   2.8114803e+00   2.8088968e+00   2.8062961e+00   2.8037007e+00   2.8011138e+00   2.7985470e+00   2.7960322e+00   2.7935283e+00   2.7910659e+00   2.7886422e+00   2.7862656e+00   2.7839673e+00   2.7817459e+00   2.7796099e+00   2.7775428e+00   2.7755411e+00   2.7736549e+00   2.7718687e+00   2.7701886e+00   2.7685807e+00   2.7670443e+00   2.7655632e+00   2.7641103e+00   2.7626724e+00   2.7612484e+00   2.7598126e+00   2.7583191e+00   2.7567208e+00   2.7549675e+00   2.7530639e+00   2.7510159e+00   2.7488308e+00   2.7465165e+00   2.7440774e+00   2.7415607e+00   2.7390182e+00   2.7364681e+00   2.7339013e+00   2.7312829e+00   2.7286260e+00   2.7260449e+00   2.7236776e+00   2.7215807e+00   2.7197077e+00   2.7179992e+00   2.7164752e+00   2.7152708e+00   2.7144506e+00   2.7140095e+00   2.7139266e+00   2.7141981e+00   2.7148192e+00   2.7157414e+00   2.7169130e+00   2.7183263e+00   2.7199888e+00   2.7218895e+00   2.7239790e+00   2.7261412e+00   2.7282732e+00   2.7302761e+00   2.7320919e+00   2.7336254e+00   2.7347839e+00   2.7355330e+00   2.7358780e+00   2.7358294e+00   2.7354238e+00   2.7347214e+00   2.7337770e+00   2.7325861e+00   2.7311935e+00   2.7296340e+00   2.7279549e+00   2.7261484e+00   2.7242002e+00   2.7221527e+00   2.7200205e+00   2.7177982e+00   2.7154939e+00   2.7131245e+00   2.7107050e+00   2.7082369e+00   2.7057190e+00   2.7031868e+00   2.7006168e+00   2.6980169e+00   2.6954060e+00   2.6928024e+00   2.6902168e+00   2.6876442e+00   2.6851003e+00   2.6825979e+00   2.6801269e+00   2.6776688e+00   2.6752119e+00   2.6727340e+00
   2.8286819e+00   2.8261395e+00   2.8235922e+00   2.8210342e+00   2.8184831e+00   2.8159454e+00   2.8134053e+00   2.8108978e+00   2.8084011e+00   2.8059251e+00   2.8034523e+00   2.8010149e+00   2.7986259e+00   2.7963028e+00   2.7940600e+00   2.7918777e+00   2.7897823e+00   2.7877805e+00   2.7858620e+00   2.7840252e+00   2.7822654e+00   2.7806003e+00   2.7790356e+00   2.7775517e+00   2.7761135e+00   2.7747161e+00   2.7733335e+00   2.7719605e+00   2.7705574e+00   2.7690992e+00   2.7675488e+00   2.7658768e+00   2.7640457e+00   2.7620499e+00   2.7598813e+00   2.7575722e+00   2.7551453e+00   2.7526610e+00   2.7501557e+00   2.7476940e+00   2.7452297e+00   2.7427149e+00   2.7401254e+00   2.7375600e+00   2.7351751e+00   2.7330844e+00   2.7312534e+00   2.7296174e+00   2.7281628e+00   2.7270052e+00   2.7261972e+00   2.7257462e+00   2.7256615e+00   2.7259369e+00   2.7265513e+00   2.7274573e+00   2.7286396e+00   2.7300923e+00   2.7317584e+00   2.7336042e+00   2.7356384e+00   2.7377765e+00   2.7399294e+00   2.7419417e+00   2.7437284e+00   2.7452402e+00   2.7463682e+00   2.7470677e+00   2.7473466e+00   2.7472546e+00   2.7468548e+00   2.7461796e+00   2.7452533e+00   2.7441018e+00   2.7427330e+00   2.7411900e+00   2.7394822e+00   2.7376468e+00   2.7357223e+00   2.7337389e+00   2.7316916e+00   2.7295468e+00   2.7273076e+00   2.7249851e+00   2.7225907e+00   2.7201252e+00   2.7176249e+00   2.7151172e+00   2.7126009e+00   2.7100661e+00   2.7075169e+00   2.7049687e+00   2.7024214e+00   2.6998727e+00   2.6973708e+00   2.6949341e+00   2.6925275e+00   2.6901224e+00   2.6876972e+00   2.6852772e+00
   2.8035142e+00   2.8011720e+00   2.7987840e+00   2.7963791e+00   2.7939758e+00   2.7915761e+00   2.7891810e+00   2.7867901e+00   2.7844226e+00   2.7820787e+00   2.7797334e+00   2.7774096e+00   2.7751267e+00   2.7729023e+00   2.7707465e+00   2.7686470e+00   2.7666347e+00   2.7647095e+00   2.7628546e+00   2.7610929e+00   2.7594073e+00   2.7577941e+00   2.7562683e+00   2.7548130e+00   2.7533963e+00   2.7520120e+00   2.7506390e+00   2.7492845e+00   2.7479210e+00   2.7464855e+00   2.7449334e+00   2.7432716e+00   2.7414639e+00   2.7395184e+00   2.7374430e+00   2.7352514e+00   2.7329814e+00   2.7306499e+00   2.7282889e+00   2.7259538e+00   2.7235844e+00   2.7211435e+00   2.7186565e+00   2.7162311e+00   2.7140303e+00   2.7120945e+00   2.7103794e+00   2.7088192e+00   2.7074430e+00   2.7063377e+00   2.7055683e+00   2.7051485e+00   2.7050779e+00   2.7053411e+00   2.7059014e+00   2.7067292e+00   2.7078078e+00   2.7091181e+00   2.7106454e+00   2.7123623e+00   2.7142293e+00   2.7161877e+00   2.7181313e+00   2.7199717e+00   2.7216027e+00   2.7229614e+00   2.7239974e+00   2.7246659e+00   2.7249658e+00   2.7249119e+00   2.7245619e+00   2.7239625e+00   2.7231343e+00   2.7220986e+00   2.7208784e+00   2.7195156e+00   2.7180223e+00   2.7164154e+00   2.7147291e+00   2.7129581e+00   2.7111082e+00   2.7091830e+00   2.7071810e+00   2.7051218e+00   2.7029994e+00   2.7008457e+00   2.6986711e+00   2.6964922e+00   2.6942751e+00   2.6920331e+00   2.6897631e+00   2.6875083e+00   2.6852789e+00   2.6830771e+00   2.6809218e+00   2.6787891e+00   2.6766746e+00   2.6745818e+00   2.6724873e+00   2.6703770e+00
   2.8175352e+00   2.8154690e+00   2.8133955e+00   2.8112910e+00   2.8091955e+00   2.8070915e+00   2.8050146e+00   2.8029544e+00   2.8008959e+00   2.7988520e+00   2.7968118e+00   2.7947958e+00   2.7928231e+00   2.7909138e+00   2.7890546e+00   2.7872725e+00   2.7855914e+00   2.7839968e+00   2.7824762e+00   2.7810268e+00   2.7796726e+00   2.7784150e+00   2.7772048e+00   2.7760515e+00   2.7749441e+00   2.7738745e+00   2.7728271e+00   2.7717724e+00   2.7706759e+00   2.7694941e+00   2.7681968e+00   2.7667801e+00   2.7652035e+00   2.7634652e+00   2.7615700e+00   2.7595403e+00   2.7574093e+00   2.7552216e+00   2.7530239e+00   2.7508380e+00   2.7486362e+00   2.7463863e+00   2.7440596e+00   2.7417734e+00   2.7396934e+00   2.7379253e+00   2.7364218e+00   2.7350652e+00   2.7339125e+00   2.7330577e+00   2.7325571e+00   2.7324035e+00   2.7325995e+00   2.7331543e+00   2.7340410e+00   2.7351849e+00   2.7365706e+00   2.7382019e+00   2.7400627e+00   2.7421312e+00   2.7443399e+00   2.7466307e+00   2.7488778e+00   2.7509899e+00   2.7528889e+00   2.7544794e+00   2.7556896e+00   2.7564878e+00   2.7568910e+00   2.7569427e+00   2.7566795e+00   2.7561562e+00   2.7553971e+00   2.7544343e+00   2.7532704e+00   2.7519302e+00   2.7504594e+00   2.7488916e+00   2.7472332e+00   2.7454875e+00   2.7436752e+00   2.7417858e+00   2.7398062e+00   2.7377350e+00   2.7356060e+00   2.7334430e+00   2.7312527e+00   2.7290666e+00   2.7268600e+00   2.7246284e+00   2.7223470e+00   2.7200882e+00   2.7178795e+00   2.7156887e+00   2.7135341e+00   2.7114220e+00   2.7093570e+00   2.7072723e+00   2.7051659e+00   2.7030468e+00
   2.9160435e+00   2.9134834e+00   2.9109230e+00   2.9083674e+00   2.9057999e+00   2.9031537e+00   2.9004879e+00   2.8978436e+00   2.8952353e+00   2.8926694e+00   2.8901327e+00   2.8876381e+00   2.8851814e+00   2.8827541e+00   2.8803635e+00   2.8780429e+00   2.8758259e+00   2.8737481e+00   2.8718083e+00   2.8699577e+00   2.8681648e+00   2.8664398e+00   2.8648005e+00   2.8632565e+00   2.8617690e+00   2.8603477e+00   2.8589852e+00   2.8576441e+00   2.8562596e+00   2.8547745e+00   2.8531361e+00   2.8513346e+00   2.8493760e+00   2.8472986e+00   2.8451092e+00   2.8427832e+00   2.8403158e+00   2.8377659e+00   2.8351619e+00   2.8325567e+00   2.8299484e+00   2.8272851e+00   2.8245709e+00   2.8219290e+00   2.8195217e+00   2.8174334e+00   2.8155937e+00   2.8138931e+00   2.8123741e+00   2.8111839e+00   2.8104200e+00   2.8100986e+00   2.8101845e+00   2.8106534e+00   2.8114414e+00   2.8124945e+00   2.8138311e+00   2.8154647e+00   2.8173797e+00   2.8195431e+00   2.8219197e+00   2.8244133e+00   2.8268979e+00   2.8292153e+00   2.8312979e+00   2.8330820e+00   2.8345153e+00   2.8355122e+00   2.8360918e+00   2.8362486e+00   2.8360279e+00   2.8354485e+00   2.8345950e+00   2.8335192e+00   2.8322382e+00   2.8307905e+00   2.8291943e+00   2.8274794e+00   2.8256366e+00   2.8236687e+00   2.8216093e+00   2.8194504e+00   2.8172147e+00   2.8149054e+00   2.8125293e+00   2.8101037e+00   2.8076375e+00   2.8051395e+00   2.8026199e+00   2.8000796e+00   2.7975302e+00   2.7949884e+00   2.7924621e+00   2.7899637e+00   2.7874596e+00   2.7849886e+00   2.7825496e+00   2.7801399e+00   2.7777612e+00   2.7753694e+00
   2.8964529e+00   2.8935812e+00   2.8906748e+00   2.8877413e+00   2.8848236e+00   2.8819635e+00   2.8791878e+00   2.8764484e+00   2.8736985e+00   2.8709469e+00   2.8682070e+00   2.8655243e+00   2.8629191e+00   2.8604076e+00   2.8580122e+00   2.8557069e+00   2.8534811e+00   2.8513479e+00   2.8493099e+00   2.8474000e+00   2.8456190e+00   2.8439772e+00   2.8424511e+00   2.8409612e+00   2.8394928e+00   2.8380477e+00   2.8366547e+00   2.8353283e+00   2.8340056e+00   2.8326197e+00   2.8310974e+00   2.8293848e+00   2.8274672e+00   2.8253565e+00   2.8230686e+00   2.8206539e+00   2.8181393e+00   2.8155715e+00   2.8129623e+00   2.8103228e+00   2.8076324e+00   2.8048458e+00   2.8019817e+00   2.7992256e+00   2.7967396e+00   2.7946227e+00   2.7927799e+00   2.7910988e+00   2.7896070e+00   2.7884324e+00   2.7876863e+00   2.7874203e+00   2.7876070e+00   2.7882240e+00   2.7891967e+00   2.7904961e+00   2.7920773e+00   2.7939224e+00   2.7960451e+00   2.7984180e+00   2.8010387e+00   2.8037996e+00   2.8065557e+00   2.8091431e+00   2.8114159e+00   2.8133147e+00   2.8148041e+00   2.8158636e+00   2.8164952e+00   2.8167324e+00   2.8165648e+00   2.8160355e+00   2.8151770e+00   2.8140395e+00   2.8126457e+00   2.8110607e+00   2.8093605e+00   2.8075578e+00   2.8056262e+00   2.8035526e+00   2.8013427e+00   2.7990272e+00   2.7966120e+00   2.7941239e+00   2.7916071e+00   2.7890685e+00   2.7865241e+00   2.7838993e+00   2.7812014e+00   2.7784569e+00   2.7757213e+00   2.7730525e+00   2.7704346e+00   2.7678535e+00   2.7652674e+00   2.7627079e+00   2.7601452e+00   2.7575777e+00   2.7550433e+00   2.7525597e+00
   2.8129656e+00   2.8106086e+00   2.8082235e+00   2.8058214e+00   2.8034184e+00   2.8010252e+00   2.7986500e+00   2.7963092e+00   2.7939942e+00   2.7917089e+00   2.7894220e+00   2.7871759e+00   2.7849686e+00   2.7828300e+00   2.7807686e+00   2.7787840e+00   2.7768915e+00   2.7750986e+00   2.7733834e+00   2.7717714e+00   2.7702529e+00   2.7688332e+00   2.7675087e+00   2.7662408e+00   2.7650468e+00   2.7639043e+00   2.7627838e+00   2.7616713e+00   2.7605174e+00   2.7593067e+00   2.7579968e+00   2.7565300e+00   2.7548850e+00   2.7530510e+00   2.7510557e+00   2.7488940e+00   2.7465992e+00   2.7441978e+00   2.7417591e+00   2.7393284e+00   2.7368915e+00   2.7344201e+00   2.7318983e+00   2.7294149e+00   2.7271051e+00   2.7250690e+00   2.7232997e+00   2.7217319e+00   2.7203867e+00   2.7193568e+00   2.7187307e+00   2.7185059e+00   2.7186842e+00   2.7192681e+00   2.7201996e+00   2.7214489e+00   2.7229750e+00   2.7247686e+00   2.7268341e+00   2.7291307e+00   2.7316267e+00   2.7342169e+00   2.7368124e+00   2.7392957e+00   2.7415683e+00   2.7435112e+00   2.7450416e+00   2.7461166e+00   2.7467215e+00   2.7469094e+00   2.7467251e+00   2.7462053e+00   2.7453907e+00   2.7443192e+00   2.7430146e+00   2.7415199e+00   2.7398403e+00   2.7380226e+00   2.7360713e+00   2.7340229e+00   2.7318783e+00   2.7296457e+00   2.7273092e+00   2.7248828e+00   2.7223854e+00   2.7198074e+00   2.7171657e+00   2.7144840e+00   2.7117693e+00   2.7090256e+00   2.7062664e+00   2.7035096e+00   2.7007701e+00   2.6980250e+00   2.6953113e+00   2.6926372e+00   2.6899986e+00   2.6873872e+00   2.6847732e+00   2.6821463e+00
   2.9158890e+00   2.9133415e+00   2.9107449e+00   2.9081261e+00   2.9054821e+00   2.9028387e+00   2.9002113e+00   2.8976305e+00   2.8950558e+00   2.8925054e+00   2.8899534e+00   2.8874245e+00   2.8849411e+00   2.8825066e+00   2.8801410e+00   2.8778775e+00   2.8757017e+00   2.8736274e+00   2.8716366e+00   2.8697281e+00   2.8679047e+00   2.8661845e+00   2.8645456e+00   2.8629818e+00   2.8614595e+00   2.8599837e+00   2.8585389e+00   2.8571110e+00   2.8556149e+00   2.8540461e+00   2.8523648e+00   2.8505554e+00   2.8485920e+00   2.8464334e+00   2.8441200e+00   2.8416512e+00   2.8390567e+00   2.8363743e+00   2.8336608e+00   2.8309631e+00   2.8282411e+00   2.8254452e+00   2.8226089e+00   2.8198473e+00   2.8173034e+00   2.8150215e+00   2.8129795e+00   2.8111486e+00   2.8095777e+00   2.8083522e+00   2.8075154e+00   2.8070729e+00   2.8070023e+00   2.8072913e+00   2.8079090e+00   2.8088429e+00   2.8100879e+00   2.8116291e+00   2.8134325e+00   2.8154314e+00   2.8175964e+00   2.8198268e+00   2.8220413e+00   2.8241494e+00   2.8260305e+00   2.8276083e+00   2.8287776e+00   2.8295214e+00   2.8298357e+00   2.8297164e+00   2.8292398e+00   2.8284624e+00   2.8274286e+00   2.8261745e+00   2.8247321e+00   2.8231230e+00   2.8213644e+00   2.8194296e+00   2.8173714e+00   2.8152349e+00   2.8130538e+00   2.8108175e+00   2.8084748e+00   2.8060510e+00   2.8035402e+00   2.8009388e+00   2.7982862e+00   2.7956345e+00   2.7929802e+00   2.7903106e+00   2.7876370e+00   2.7849720e+00   2.7823021e+00   2.7796476e+00   2.7770178e+00   2.7744014e+00   2.7718220e+00   2.7692740e+00   2.7667665e+00   2.7642171e+00
   3.1334956e+00   3.1303940e+00   3.1272857e+00   3.1241608e+00   3.1210213e+00   3.1178837e+00   3.1147802e+00   3.1116626e+00   3.1085656e+00   3.1054678e+00   3.1023846e+00   3.0993783e+00   3.0964534e+00   3.0935915e+00   3.0908115e+00   3.0880566e+00   3.0854132e+00   3.0828621e+00   3.0804355e+00   3.0781305e+00   3.0759640e+00   3.0738685e+00   3.0718606e+00   3.0699310e+00   3.0680630e+00   3.0662642e+00   3.0645382e+00   3.0628242e+00   3.0610893e+00   3.0592496e+00   3.0572755e+00   3.0551589e+00   3.0528586e+00   3.0503409e+00   3.0476465e+00   3.0447657e+00   3.0417557e+00   3.0386598e+00   3.0355103e+00   3.0323277e+00   3.0290928e+00   3.0258350e+00   3.0225515e+00   3.0194066e+00   3.0164673e+00   3.0138330e+00   3.0114777e+00   3.0093386e+00   3.0074642e+00   3.0059967e+00   3.0049725e+00   3.0044048e+00   3.0042801e+00   3.0046217e+00   3.0054302e+00   3.0065739e+00   3.0080140e+00   3.0097589e+00   3.0117958e+00   3.0140982e+00   3.0166113e+00   3.0192373e+00   3.0218723e+00   3.0243728e+00   3.0266056e+00   3.0284462e+00   3.0298042e+00   3.0306740e+00   3.0310485e+00   3.0309694e+00   3.0304859e+00   3.0296371e+00   3.0284746e+00   3.0270271e+00   3.0253284e+00   3.0234158e+00   3.0213106e+00   3.0190475e+00   3.0166757e+00   3.0141733e+00   3.0115898e+00   3.0089006e+00   3.0061014e+00   3.0031996e+00   3.0002301e+00   2.9972217e+00   2.9941769e+00   2.9910727e+00   2.9879334e+00   2.9847898e+00   2.9816453e+00   2.9784772e+00   2.9753025e+00   2.9721537e+00   2.9690635e+00   2.9660311e+00   2.9630420e+00   2.9600506e+00   2.9570549e+00   2.9540799e+00
   2.7635403e+00   2.7612162e+00   2.7588806e+00   2.7565308e+00   2.7541828e+00   2.7518444e+00   2.7495289e+00   2.7472293e+00   2.7449389e+00   2.7426383e+00   2.7403536e+00   2.7380896e+00   2.7358973e+00   2.7337646e+00   2.7316866e+00   2.7296495e+00   2.7276783e+00   2.7257965e+00   2.7240207e+00   2.7223074e+00   2.7206910e+00   2.7191563e+00   2.7176793e+00   2.7162607e+00   2.7148812e+00   2.7135313e+00   2.7122087e+00   2.7109118e+00   2.7096148e+00   2.7082608e+00   2.7067907e+00   2.7051477e+00   2.7033699e+00   2.7014589e+00   2.6994536e+00   2.6973429e+00   2.6951292e+00   2.6928470e+00   2.6905334e+00   2.6882045e+00   2.6858561e+00   2.6834745e+00   2.6810772e+00   2.6787407e+00   2.6765907e+00   2.6746824e+00   2.6730011e+00   2.6714628e+00   2.6700928e+00   2.6689794e+00   2.6681988e+00   2.6677644e+00   2.6676819e+00   2.6679265e+00   2.6684713e+00   2.6692655e+00   2.6703196e+00   2.6716192e+00   2.6731491e+00   2.6748934e+00   2.6768224e+00   2.6788414e+00   2.6808255e+00   2.6826718e+00   2.6843269e+00   2.6857135e+00   2.6867507e+00   2.6874106e+00   2.6877079e+00   2.6876659e+00   2.6873055e+00   2.6866472e+00   2.6857445e+00   2.6846333e+00   2.6833565e+00   2.6819324e+00   2.6803768e+00   2.6786907e+00   2.6768844e+00   2.6749761e+00   2.6730032e+00   2.6709583e+00   2.6688473e+00   2.6666946e+00   2.6644795e+00   2.6622090e+00   2.6599009e+00   2.6575716e+00   2.6552346e+00   2.6528752e+00   2.6505148e+00   2.6481783e+00   2.6458418e+00   2.6435201e+00   2.6412039e+00   2.6389403e+00   2.6367073e+00   2.6345046e+00   2.6323140e+00   2.6300986e+00
   2.7169578e+00   2.7151330e+00   2.7132730e+00   2.7114108e+00   2.7095401e+00   2.7076843e+00   2.7058542e+00   2.7040327e+00   2.7022152e+00   2.7003946e+00   2.6985981e+00   2.6968288e+00   2.6950932e+00   2.6934016e+00   2.6917877e+00   2.6902599e+00   2.6888134e+00   2.6874294e+00   2.6861162e+00   2.6848919e+00   2.6837432e+00   2.6826639e+00   2.6816514e+00   2.6806908e+00   2.6797628e+00   2.6788723e+00   2.6780040e+00   2.6771243e+00   2.6762030e+00   2.6752102e+00   2.6741240e+00   2.6728904e+00   2.6714964e+00   2.6699617e+00   2.6683102e+00   2.6665540e+00   2.6646845e+00   2.6627569e+00   2.6608231e+00   2.6588850e+00   2.6568973e+00   2.6548262e+00   2.6526928e+00   2.6506269e+00   2.6487863e+00   2.6472356e+00   2.6459153e+00   2.6447327e+00   2.6437037e+00   2.6429508e+00   2.6425674e+00   2.6425524e+00   2.6428833e+00   2.6435349e+00   2.6444790e+00   2.6456840e+00   2.6471119e+00   2.6487694e+00   2.6506417e+00   2.6527126e+00   2.6549346e+00   2.6572216e+00   2.6594713e+00   2.6615827e+00   2.6634548e+00   2.6650419e+00   2.6662874e+00   2.6671479e+00   2.6676323e+00   2.6677628e+00   2.6675937e+00   2.6671498e+00   2.6664717e+00   2.6656051e+00   2.6645586e+00   2.6633427e+00   2.6620057e+00   2.6605656e+00   2.6590393e+00   2.6574209e+00   2.6557295e+00   2.6539805e+00   2.6521513e+00   2.6502373e+00   2.6482518e+00   2.6462498e+00   2.6442373e+00   2.6422043e+00   2.6401432e+00   2.6380558e+00   2.6359751e+00   2.6339037e+00   2.6318476e+00   2.6298039e+00   2.6277955e+00   2.6258447e+00   2.6239226e+00   2.6219940e+00   2.6200371e+00   2.6180649e+00
   3.0374334e+00   3.0344105e+00   3.0313690e+00   3.0283515e+00   3.0253823e+00   3.0224574e+00   3.0195694e+00   3.0166943e+00   3.0138500e+00   3.0110419e+00   3.0082862e+00   3.0055945e+00   3.0030115e+00   3.0005770e+00   2.9982355e+00   2.9959624e+00   2.9938176e+00   2.9917667e+00   2.9898889e+00   2.9881690e+00   2.9865866e+00   2.9851811e+00   2.9839108e+00   2.9827156e+00   2.9815922e+00   2.9804833e+00   2.9794254e+00   2.9784098e+00   2.9773920e+00   2.9762995e+00   2.9750500e+00   2.9735584e+00   2.9718018e+00   2.9697630e+00   2.9674904e+00   2.9650280e+00   2.9623890e+00   2.9596040e+00   2.9567325e+00   2.9538147e+00   2.9508560e+00   2.9478419e+00   2.9448135e+00   2.9419076e+00   2.9392471e+00   2.9369326e+00   2.9349225e+00   2.9331810e+00   2.9317563e+00   2.9307592e+00   2.9302995e+00   2.9304073e+00   2.9310913e+00   2.9323409e+00   2.9340856e+00   2.9362242e+00   2.9387424e+00   2.9416208e+00   2.9448490e+00   2.9483891e+00   2.9522245e+00   2.9562671e+00   2.9603138e+00   2.9641781e+00   2.9676991e+00   2.9707763e+00   2.9732959e+00   2.9752014e+00   2.9765005e+00   2.9772141e+00   2.9773862e+00   2.9770796e+00   2.9763582e+00   2.9753044e+00   2.9739246e+00   2.9722760e+00   2.9704006e+00   2.9683371e+00   2.9660590e+00   2.9635937e+00   2.9610107e+00   2.9583042e+00   2.9555044e+00   2.9525754e+00   2.9495640e+00   2.9464581e+00   2.9432585e+00   2.9399996e+00   2.9366934e+00   2.9333651e+00   2.9300239e+00   2.9266889e+00   2.9233649e+00   2.9200609e+00   2.9167757e+00   2.9135389e+00   2.9103596e+00   2.9072266e+00   2.9041216e+00   2.9010041e+00
   3.1126406e+00   3.1096811e+00   3.1067078e+00   3.1037743e+00   3.1008174e+00   3.0978105e+00   3.0947649e+00   3.0917244e+00   3.0887325e+00   3.0858400e+00   3.0829594e+00   3.0800896e+00   3.0772541e+00   3.0744705e+00   3.0717773e+00   3.0691073e+00   3.0664959e+00   3.0640409e+00   3.0617931e+00   3.0596640e+00   3.0576131e+00   3.0555551e+00   3.0535603e+00   3.0516875e+00   3.0498970e+00   3.0481575e+00   3.0464191e+00   3.0447235e+00   3.0430605e+00   3.0413258e+00   3.0393841e+00   3.0372379e+00   3.0348928e+00   3.0324428e+00   3.0298712e+00   3.0271442e+00   3.0242355e+00   3.0212181e+00   3.0181751e+00   3.0151742e+00   3.0121105e+00   3.0089734e+00   3.0058205e+00   3.0027835e+00   2.9999735e+00   2.9974651e+00   2.9951856e+00   2.9931214e+00   2.9913256e+00   2.9899158e+00   2.9889829e+00   2.9884799e+00   2.9883697e+00   2.9886696e+00   2.9893501e+00   2.9903860e+00   2.9916527e+00   2.9931767e+00   2.9949884e+00   2.9971135e+00   2.9994667e+00   3.0018539e+00   3.0041707e+00   3.0063117e+00   3.0082595e+00   3.0099154e+00   3.0111217e+00   3.0118456e+00   3.0120773e+00   3.0119393e+00   3.0114872e+00   3.0106809e+00   3.0095205e+00   3.0080719e+00   3.0064754e+00   3.0047836e+00   3.0028965e+00   3.0007820e+00   2.9984903e+00   2.9961417e+00   2.9937878e+00   2.9913483e+00   2.9888022e+00   2.9861567e+00   2.9834356e+00   2.9807022e+00   2.9779232e+00   2.9750690e+00   2.9721575e+00   2.9692516e+00   2.9664288e+00   2.9636335e+00   2.9607928e+00   2.9578876e+00   2.9550335e+00   2.9523115e+00   2.9496520e+00   2.9469430e+00   2.9441936e+00   2.9414732e+00
   2.8305511e+00   2.8281271e+00   2.8256810e+00   2.8232358e+00   2.8207920e+00   2.8183467e+00   2.8159199e+00   2.8135328e+00   2.8111713e+00   2.8087990e+00   2.8064241e+00   2.8040886e+00   2.8018160e+00   2.7996159e+00   2.7974756e+00   2.7953997e+00   2.7934158e+00   2.7915332e+00   2.7897642e+00   2.7880757e+00   2.7864683e+00   2.7849417e+00   2.7834995e+00   2.7821333e+00   2.7808275e+00   2.7795646e+00   2.7783220e+00   2.7770700e+00   2.7757881e+00   2.7744343e+00   2.7729542e+00   2.7713420e+00   2.7695668e+00   2.7676303e+00   2.7655344e+00   2.7632883e+00   2.7609265e+00   2.7585003e+00   2.7560375e+00   2.7535779e+00   2.7511160e+00   2.7486036e+00   2.7460401e+00   2.7435105e+00   2.7411947e+00   2.7391872e+00   2.7374504e+00   2.7358913e+00   2.7345164e+00   2.7334569e+00   2.7327926e+00   2.7325382e+00   2.7326572e+00   2.7331343e+00   2.7339299e+00   2.7350445e+00   2.7364428e+00   2.7381141e+00   2.7400208e+00   2.7421334e+00   2.7444124e+00   2.7467651e+00   2.7490914e+00   2.7512953e+00   2.7532818e+00   2.7549713e+00   2.7562551e+00   2.7571065e+00   2.7575366e+00   2.7575674e+00   2.7572491e+00   2.7566369e+00   2.7557790e+00   2.7546856e+00   2.7533810e+00   2.7518952e+00   2.7502575e+00   2.7484772e+00   2.7465973e+00   2.7446263e+00   2.7425861e+00   2.7404633e+00   2.7382469e+00   2.7359378e+00   2.7335672e+00   2.7311687e+00   2.7287471e+00   2.7262948e+00   2.7238026e+00   2.7212708e+00   2.7187243e+00   2.7161739e+00   2.7136509e+00   2.7111585e+00   2.7087042e+00   2.7062817e+00   2.7038949e+00   2.7015326e+00   2.6991279e+00   2.6966991e+00
   2.9547644e+00   2.9518034e+00   2.9488218e+00   2.9458208e+00   2.9427967e+00   2.9397814e+00   2.9367707e+00   2.9337854e+00   2.9308250e+00   2.9278824e+00   2.9249713e+00   2.9221008e+00   2.9192581e+00   2.9164822e+00   2.9137695e+00   2.9111385e+00   2.9086158e+00   2.9061840e+00   2.9038575e+00   2.9016392e+00   2.8995330e+00   2.8975227e+00   2.8955886e+00   2.8937283e+00   2.8919382e+00   2.8901672e+00   2.8884437e+00   2.8867285e+00   2.8850088e+00   2.8832257e+00   2.8813267e+00   2.8792751e+00   2.8770554e+00   2.8746498e+00   2.8720772e+00   2.8693573e+00   2.8665154e+00   2.8635960e+00   2.8606308e+00   2.8576689e+00   2.8546696e+00   2.8516228e+00   2.8485413e+00   2.8455296e+00   2.8427153e+00   2.8401921e+00   2.8379257e+00   2.8358917e+00   2.8340797e+00   2.8326132e+00   2.8315623e+00   2.8309412e+00   2.8307426e+00   2.8309412e+00   2.8315003e+00   2.8323867e+00   2.8335435e+00   2.8349981e+00   2.8367183e+00   2.8386943e+00   2.8408689e+00   2.8431504e+00   2.8454244e+00   2.8475761e+00   2.8494823e+00   2.8510544e+00   2.8522253e+00   2.8529530e+00   2.8532476e+00   2.8530986e+00   2.8525703e+00   2.8517218e+00   2.8506024e+00   2.8492324e+00   2.8476317e+00   2.8458424e+00   2.8438756e+00   2.8417532e+00   2.8395078e+00   2.8371611e+00   2.8347566e+00   2.8322685e+00   2.8297052e+00   2.8270588e+00   2.8243160e+00   2.8215237e+00   2.8186786e+00   2.8158104e+00   2.8129227e+00   2.8100255e+00   2.8071373e+00   2.8042364e+00   2.8013484e+00   2.7984848e+00   2.7956669e+00   2.7928598e+00   2.7900960e+00   2.7873421e+00   2.7845933e+00   2.7818880e+00
   2.7181919e+00   2.7162330e+00   2.7142467e+00   2.7122400e+00   2.7102292e+00   2.7082081e+00   2.7061796e+00   2.7041690e+00   2.7021763e+00   2.7002013e+00   2.6982343e+00   2.6962769e+00   2.6943600e+00   2.6924713e+00   2.6906197e+00   2.6888311e+00   2.6871226e+00   2.6854899e+00   2.6839488e+00   2.6825008e+00   2.6811273e+00   2.6797972e+00   2.6785171e+00   2.6772907e+00   2.6761162e+00   2.6749642e+00   2.6738329e+00   2.6727188e+00   2.6716015e+00   2.6703999e+00   2.6690845e+00   2.6676283e+00   2.6660540e+00   2.6643312e+00   2.6624753e+00   2.6605070e+00   2.6584606e+00   2.6563590e+00   2.6542242e+00   2.6520798e+00   2.6499319e+00   2.6477332e+00   2.6454842e+00   2.6432788e+00   2.6412497e+00   2.6394932e+00   2.6379426e+00   2.6365299e+00   2.6352770e+00   2.6342850e+00   2.6336505e+00   2.6333544e+00   2.6333792e+00   2.6336968e+00   2.6342957e+00   2.6351430e+00   2.6362264e+00   2.6375320e+00   2.6390591e+00   2.6407936e+00   2.6426847e+00   2.6446414e+00   2.6465781e+00   2.6484053e+00   2.6500561e+00   2.6514187e+00   2.6524346e+00   2.6530902e+00   2.6533978e+00   2.6533916e+00   2.6530867e+00   2.6525214e+00   2.6517248e+00   2.6507111e+00   2.6495101e+00   2.6481674e+00   2.6466959e+00   2.6451042e+00   2.6434155e+00   2.6416550e+00   2.6398258e+00   2.6379316e+00   2.6359303e+00   2.6338687e+00   2.6317384e+00   2.6295755e+00   2.6273966e+00   2.6251996e+00   2.6229839e+00   2.6207306e+00   2.6184642e+00   2.6161938e+00   2.6139348e+00   2.6117105e+00   2.6095223e+00   2.6073563e+00   2.6052039e+00   2.6030552e+00   2.6008847e+00   2.5987029e+00
   3.1234410e+00   3.1203432e+00   3.1172187e+00   3.1140687e+00   3.1108973e+00   3.1077335e+00   3.1045830e+00   3.1014318e+00   3.0983255e+00   3.0952778e+00   3.0922813e+00   3.0893250e+00   3.0863917e+00   3.0835125e+00   3.0807040e+00   3.0779934e+00   3.0754392e+00   3.0730145e+00   3.0707538e+00   3.0686066e+00   3.0665560e+00   3.0646355e+00   3.0628242e+00   3.0611126e+00   3.0594940e+00   3.0579269e+00   3.0564451e+00   3.0549796e+00   3.0534642e+00   3.0518668e+00   3.0501049e+00   3.0481606e+00   3.0460026e+00   3.0436122e+00   3.0409811e+00   3.0381653e+00   3.0351741e+00   3.0320148e+00   3.0287745e+00   3.0255051e+00   3.0222156e+00   3.0189066e+00   3.0155990e+00   3.0123882e+00   3.0093939e+00   3.0066979e+00   3.0043061e+00   3.0021946e+00   3.0003726e+00   2.9989636e+00   2.9980886e+00   2.9977596e+00   2.9979608e+00   2.9986660e+00   2.9998362e+00   3.0014184e+00   3.0033700e+00   3.0056772e+00   3.0083306e+00   3.0112743e+00   3.0144634e+00   3.0177896e+00   3.0211191e+00   3.0243156e+00   3.0272338e+00   3.0297306e+00   3.0317323e+00   3.0331380e+00   3.0339553e+00   3.0342052e+00   3.0339472e+00   3.0332918e+00   3.0322435e+00   3.0308716e+00   3.0292091e+00   3.0273044e+00   3.0251534e+00   3.0227852e+00   3.0202882e+00   3.0176303e+00   3.0148327e+00   3.0119183e+00   3.0089004e+00   3.0057800e+00   3.0025518e+00   2.9992473e+00   2.9958935e+00   2.9924653e+00   2.9889934e+00   2.9855168e+00   2.9820175e+00   2.9784825e+00   2.9749496e+00   2.9714785e+00   2.9680634e+00   2.9646614e+00   2.9612904e+00   2.9579823e+00   2.9546883e+00   2.9513986e+00
   2.8631442e+00   2.8603542e+00   2.8575566e+00   2.8547547e+00   2.8519886e+00   2.8492479e+00   2.8465278e+00   2.8438215e+00   2.8411343e+00   2.8384664e+00   2.8358357e+00   2.8332479e+00   2.8307159e+00   2.8282712e+00   2.8259087e+00   2.8236377e+00   2.8214560e+00   2.8193388e+00   2.8173244e+00   2.8154163e+00   2.8136396e+00   2.8119638e+00   2.8103783e+00   2.8088541e+00   2.8073719e+00   2.8059175e+00   2.8045101e+00   2.8031185e+00   2.8017118e+00   2.8002367e+00   2.7986429e+00   2.7969112e+00   2.7950070e+00   2.7929211e+00   2.7907012e+00   2.7883418e+00   2.7858686e+00   2.7833440e+00   2.7807958e+00   2.7782497e+00   2.7756574e+00   2.7729740e+00   2.7702446e+00   2.7676125e+00   2.7652223e+00   2.7631493e+00   2.7613256e+00   2.7596972e+00   2.7582662e+00   2.7571671e+00   2.7564723e+00   2.7561922e+00   2.7563248e+00   2.7568395e+00   2.7577105e+00   2.7588851e+00   2.7603362e+00   2.7620590e+00   2.7640190e+00   2.7662210e+00   2.7686241e+00   2.7711418e+00   2.7736228e+00   2.7759464e+00   2.7780097e+00   2.7797346e+00   2.7810366e+00   2.7819107e+00   2.7823679e+00   2.7824290e+00   2.7821445e+00   2.7815335e+00   2.7806761e+00   2.7795756e+00   2.7782459e+00   2.7767122e+00   2.7750261e+00   2.7732432e+00   2.7713459e+00   2.7693498e+00   2.7672455e+00   2.7650435e+00   2.7627678e+00   2.7604244e+00   2.7580378e+00   2.7556179e+00   2.7531681e+00   2.7506912e+00   2.7481506e+00   2.7456005e+00   2.7430513e+00   2.7405148e+00   2.7380037e+00   2.7355320e+00   2.7331092e+00   2.7306900e+00   2.7283103e+00   2.7259552e+00   2.7235794e+00   2.7211502e+00
   2.9919317e+00   2.9891520e+00   2.9863837e+00   2.9835808e+00   2.9807689e+00   2.9779835e+00   2.9751914e+00   2.9724314e+00   2.9697034e+00   2.9670410e+00   2.9644344e+00   2.9618549e+00   2.9593422e+00   2.9569273e+00   2.9545906e+00   2.9523392e+00   2.9501860e+00   2.9481657e+00   2.9462922e+00   2.9445431e+00   2.9429147e+00   2.9414113e+00   2.9399974e+00   2.9386714e+00   2.9374149e+00   2.9362004e+00   2.9350407e+00   2.9339085e+00   2.9327266e+00   2.9314330e+00   2.9299490e+00   2.9282858e+00   2.9264107e+00   2.9243171e+00   2.9220133e+00   2.9194887e+00   2.9167976e+00   2.9139769e+00   2.9111071e+00   2.9082031e+00   2.9052570e+00   2.9022958e+00   2.8993387e+00   2.8964634e+00   2.8938065e+00   2.8914521e+00   2.8894348e+00   2.8876960e+00   2.8862324e+00   2.8851631e+00   2.8845770e+00   2.8844893e+00   2.8849518e+00   2.8859069e+00   2.8873112e+00   2.8890769e+00   2.8911924e+00   2.8936589e+00   2.8964541e+00   2.8995388e+00   2.9028380e+00   2.9062595e+00   2.9096546e+00   2.9128773e+00   2.9157963e+00   2.9182806e+00   2.9202397e+00   2.9216359e+00   2.9224558e+00   2.9227626e+00   2.9225998e+00   2.9220207e+00   2.9210825e+00   2.9197967e+00   2.9182308e+00   2.9164336e+00   2.9144452e+00   2.9122827e+00   2.9099302e+00   2.9074707e+00   2.9048889e+00   2.9021842e+00   2.8993607e+00   2.8964283e+00   2.8934352e+00   2.8903666e+00   2.8872406e+00   2.8840683e+00   2.8808670e+00   2.8776562e+00   2.8744218e+00   2.8711579e+00   2.8679078e+00   2.8647144e+00   2.8615999e+00   2.8585367e+00   2.8554890e+00   2.8524764e+00   2.8494718e+00   2.8464527e+00
   2.7876494e+00   2.7851245e+00   2.7825806e+00   2.7800286e+00   2.7774899e+00   2.7749469e+00   2.7723935e+00   2.7698352e+00   2.7672825e+00   2.7647762e+00   2.7622871e+00   2.7598412e+00   2.7574432e+00   2.7550857e+00   2.7527866e+00   2.7505319e+00   2.7483692e+00   2.7462800e+00   2.7442856e+00   2.7424049e+00   2.7406223e+00   2.7389231e+00   2.7372859e+00   2.7357044e+00   2.7341645e+00   2.7326727e+00   2.7312324e+00   2.7298105e+00   2.7283814e+00   2.7268755e+00   2.7252378e+00   2.7234743e+00   2.7215528e+00   2.7194769e+00   2.7172806e+00   2.7149801e+00   2.7125816e+00   2.7100990e+00   2.7075615e+00   2.7050331e+00   2.7024872e+00   2.6998920e+00   2.6972847e+00   2.6947613e+00   2.6924450e+00   2.6903677e+00   2.6885042e+00   2.6867979e+00   2.6852837e+00   2.6840639e+00   2.6832170e+00   2.6827555e+00   2.6826725e+00   2.6829278e+00   2.6835079e+00   2.6843665e+00   2.6854753e+00   2.6868343e+00   2.6884358e+00   2.6902778e+00   2.6922989e+00   2.6944218e+00   2.6965573e+00   2.6985762e+00   2.7003529e+00   2.7018230e+00   2.7029467e+00   2.7036827e+00   2.7040050e+00   2.7039449e+00   2.7035666e+00   2.7028844e+00   2.7019231e+00   2.7007301e+00   2.6993437e+00   2.6977956e+00   2.6961162e+00   2.6943264e+00   2.6924241e+00   2.6904061e+00   2.6882808e+00   2.6860762e+00   2.6838100e+00   2.6814702e+00   2.6790783e+00   2.6766508e+00   2.6741924e+00   2.6717064e+00   2.6691720e+00   2.6666119e+00   2.6640451e+00   2.6614826e+00   2.6589422e+00   2.6564271e+00   2.6539545e+00   2.6515076e+00   2.6490898e+00   2.6466796e+00   2.6442635e+00   2.6418409e+00
   2.8432693e+00   2.8406086e+00   2.8379071e+00   2.8352215e+00   2.8325422e+00   2.8298509e+00   2.8271639e+00   2.8245552e+00   2.8219976e+00   2.8194818e+00   2.8169801e+00   2.8145180e+00   2.8121073e+00   2.8097572e+00   2.8074903e+00   2.8053257e+00   2.8033068e+00   2.8014147e+00   2.7996261e+00   2.7979496e+00   2.7963836e+00   2.7949202e+00   2.7935841e+00   2.7923186e+00   2.7911146e+00   2.7899790e+00   2.7888954e+00   2.7878411e+00   2.7867501e+00   2.7855635e+00   2.7842510e+00   2.7827556e+00   2.7810490e+00   2.7791216e+00   2.7769783e+00   2.7746468e+00   2.7721415e+00   2.7695181e+00   2.7668390e+00   2.7641551e+00   2.7614787e+00   2.7587738e+00   2.7559984e+00   2.7532673e+00   2.7507160e+00   2.7484744e+00   2.7465150e+00   2.7447979e+00   2.7433455e+00   2.7422752e+00   2.7416637e+00   2.7415245e+00   2.7418499e+00   2.7426243e+00   2.7438147e+00   2.7453775e+00   2.7472792e+00   2.7495062e+00   2.7520201e+00   2.7548106e+00   2.7578442e+00   2.7610261e+00   2.7642314e+00   2.7673295e+00   2.7701528e+00   2.7725928e+00   2.7745609e+00   2.7760026e+00   2.7768819e+00   2.7772434e+00   2.7771623e+00   2.7767146e+00   2.7759163e+00   2.7747993e+00   2.7734146e+00   2.7717857e+00   2.7699566e+00   2.7679482e+00   2.7657976e+00   2.7635295e+00   2.7611294e+00   2.7586269e+00   2.7560399e+00   2.7533534e+00   2.7505553e+00   2.7476723e+00   2.7447293e+00   2.7417145e+00   2.7386475e+00   2.7355592e+00   2.7324855e+00   2.7294166e+00   2.7263334e+00   2.7232602e+00   2.7202168e+00   2.7172282e+00   2.7142727e+00   2.7113514e+00   2.7084229e+00   2.7055066e+00
   2.9673195e+00   2.9641762e+00   2.9610827e+00   2.9580004e+00   2.9549084e+00   2.9517601e+00   2.9486034e+00   2.9454906e+00   2.9424362e+00   2.9394872e+00   2.9365933e+00   2.9337456e+00   2.9309301e+00   2.9281540e+00   2.9254572e+00   2.9228508e+00   2.9203711e+00   2.9180324e+00   2.9158733e+00   2.9138165e+00   2.9118593e+00   2.9099891e+00   2.9082146e+00   2.9065475e+00   2.9049900e+00   2.9034960e+00   2.9020748e+00   2.9006512e+00   2.8992074e+00   2.8976591e+00   2.8959262e+00   2.8940070e+00   2.8919048e+00   2.8896255e+00   2.8871734e+00   2.8845139e+00   2.8816607e+00   2.8786681e+00   2.8756008e+00   2.8725452e+00   2.8694839e+00   2.8664258e+00   2.8633802e+00   2.8603830e+00   2.8575633e+00   2.8550198e+00   2.8527706e+00   2.8507874e+00   2.8490679e+00   2.8477421e+00   2.8469009e+00   2.8465407e+00   2.8466549e+00   2.8472302e+00   2.8482296e+00   2.8496273e+00   2.8513515e+00   2.8534145e+00   2.8557880e+00   2.8584316e+00   2.8613033e+00   2.8643210e+00   2.8673553e+00   2.8702805e+00   2.8729324e+00   2.8751936e+00   2.8769686e+00   2.8781955e+00   2.8788693e+00   2.8790474e+00   2.8787634e+00   2.8780756e+00   2.8770306e+00   2.8756754e+00   2.8740520e+00   2.8721645e+00   2.8700812e+00   2.8678315e+00   2.8654175e+00   2.8628614e+00   2.8601933e+00   2.8574359e+00   2.8545697e+00   2.8515708e+00   2.8484764e+00   2.8453035e+00   2.8420818e+00   2.8388021e+00   2.8354607e+00   2.8320992e+00   2.8287334e+00   2.8253784e+00   2.8220494e+00   2.8187258e+00   2.8154171e+00   2.8121345e+00   2.8089364e+00   2.8058059e+00   2.8026931e+00   2.7995632e+00
   2.8214970e+00   2.8192351e+00   2.8169353e+00   2.8146389e+00   2.8123391e+00   2.8100474e+00   2.8077705e+00   2.8055031e+00   2.8032544e+00   2.8010147e+00   2.7987709e+00   2.7965648e+00   2.7944241e+00   2.7923448e+00   2.7903278e+00   2.7883606e+00   2.7864819e+00   2.7846854e+00   2.7829874e+00   2.7814033e+00   2.7799156e+00   2.7785079e+00   2.7771578e+00   2.7758543e+00   2.7745945e+00   2.7733810e+00   2.7722130e+00   2.7710686e+00   2.7698908e+00   2.7686176e+00   2.7671998e+00   2.7656481e+00   2.7639256e+00   2.7620544e+00   2.7600358e+00   2.7578895e+00   2.7556305e+00   2.7532871e+00   2.7508907e+00   2.7484858e+00   2.7460859e+00   2.7436712e+00   2.7412386e+00   2.7388556e+00   2.7366707e+00   2.7347629e+00   2.7331054e+00   2.7316253e+00   2.7303438e+00   2.7293789e+00   2.7287970e+00   2.7286198e+00   2.7288334e+00   2.7293937e+00   2.7302673e+00   2.7314188e+00   2.7328579e+00   2.7345610e+00   2.7365043e+00   2.7386811e+00   2.7410200e+00   2.7434311e+00   2.7458122e+00   2.7480590e+00   2.7500613e+00   2.7517252e+00   2.7530212e+00   2.7539093e+00   2.7543709e+00   2.7544329e+00   2.7541344e+00   2.7535362e+00   2.7526629e+00   2.7515671e+00   2.7502787e+00   2.7487986e+00   2.7471707e+00   2.7454102e+00   2.7435486e+00   2.7415931e+00   2.7395442e+00   2.7374241e+00   2.7352259e+00   2.7329571e+00   2.7306328e+00   2.7282181e+00   2.7257481e+00   2.7232468e+00   2.7207458e+00   2.7182379e+00   2.7157128e+00   2.7131917e+00   2.7106779e+00   2.7081802e+00   2.7057152e+00   2.7032850e+00   2.7008998e+00   2.6985371e+00   2.6961854e+00   2.6938419e+00
   2.8928528e+00   2.8902466e+00   2.8876240e+00   2.8850048e+00   2.8824031e+00   2.8798072e+00   2.8772438e+00   2.8746789e+00   2.8721256e+00   2.8695908e+00   2.8670845e+00   2.8646257e+00   2.8622239e+00   2.8598547e+00   2.8575547e+00   2.8553340e+00   2.8532159e+00   2.8511956e+00   2.8492663e+00   2.8474464e+00   2.8457229e+00   2.8440800e+00   2.8425074e+00   2.8410013e+00   2.8395612e+00   2.8381760e+00   2.8368168e+00   2.8354585e+00   2.8340728e+00   2.8326302e+00   2.8310483e+00   2.8293078e+00   2.8273773e+00   2.8253105e+00   2.8230951e+00   2.8207417e+00   2.8182755e+00   2.8157218e+00   2.8131065e+00   2.8104980e+00   2.8078735e+00   2.8052323e+00   2.8025627e+00   2.7999389e+00   2.7975099e+00   2.7953651e+00   2.7934704e+00   2.7917655e+00   2.7902813e+00   2.7891490e+00   2.7883899e+00   2.7880304e+00   2.7880814e+00   2.7885227e+00   2.7892878e+00   2.7903445e+00   2.7916844e+00   2.7933290e+00   2.7952480e+00   2.7973967e+00   2.7997227e+00   2.8021472e+00   2.8045437e+00   2.8067911e+00   2.8087933e+00   2.8104517e+00   2.8117230e+00   2.8125618e+00   2.8129823e+00   2.8130019e+00   2.8126364e+00   2.8119352e+00   2.8109677e+00   2.8097813e+00   2.8083880e+00   2.8068058e+00   2.8050811e+00   2.8032086e+00   2.8012345e+00   2.7991464e+00   2.7969723e+00   2.7947204e+00   2.7923756e+00   2.7899854e+00   2.7875109e+00   2.7849941e+00   2.7824156e+00   2.7798061e+00   2.7771652e+00   2.7745104e+00   2.7718861e+00   2.7692592e+00   2.7666643e+00   2.7640631e+00   2.7615135e+00   2.7590134e+00   2.7565367e+00   2.7541044e+00   2.7516735e+00   2.7492435e+00
   3.0071774e+00   3.0041716e+00   3.0011456e+00   2.9981129e+00   2.9950857e+00   2.9920940e+00   2.9891241e+00   2.9861424e+00   2.9832056e+00   2.9802577e+00   2.9773512e+00   2.9745169e+00   2.9717388e+00   2.9690154e+00   2.9663506e+00   2.9637775e+00   2.9613183e+00   2.9589798e+00   2.9567478e+00   2.9546616e+00   2.9526832e+00   2.9507866e+00   2.9489782e+00   2.9472468e+00   2.9455843e+00   2.9439859e+00   2.9424345e+00   2.9409266e+00   2.9393566e+00   2.9376802e+00   2.9358838e+00   2.9339228e+00   2.9317856e+00   2.9294617e+00   2.9269607e+00   2.9242954e+00   2.9214666e+00   2.9185190e+00   2.9155400e+00   2.9125588e+00   2.9095471e+00   2.9064903e+00   2.9034173e+00   2.9004319e+00   2.8976643e+00   2.8951604e+00   2.8929234e+00   2.8909028e+00   2.8891430e+00   2.8877742e+00   2.8868370e+00   2.8863380e+00   2.8862915e+00   2.8866634e+00   2.8874648e+00   2.8886039e+00   2.8900757e+00   2.8918760e+00   2.8939495e+00   2.8962796e+00   2.8988171e+00   2.9014671e+00   2.9041355e+00   2.9066412e+00   2.9088814e+00   2.9107482e+00   2.9121444e+00   2.9130480e+00   2.9134228e+00   2.9133530e+00   2.9128964e+00   2.9120846e+00   2.9109538e+00   2.9095516e+00   2.9079139e+00   2.9060669e+00   2.9040623e+00   2.9019260e+00   2.8996556e+00   2.8972652e+00   2.8947926e+00   2.8922446e+00   2.8895874e+00   2.8868265e+00   2.8839960e+00   2.8811140e+00   2.8781869e+00   2.8752372e+00   2.8722713e+00   2.8692935e+00   2.8662999e+00   2.8632822e+00   2.8602822e+00   2.8572929e+00   2.8543551e+00   2.8514707e+00   2.8486145e+00   2.8457682e+00   2.8429158e+00   2.8400557e+00
   2.9819012e+00   2.9791009e+00   2.9762814e+00   2.9734981e+00   2.9707210e+00   2.9679508e+00   2.9652023e+00   2.9624593e+00   2.9597328e+00   2.9570198e+00   2.9543581e+00   2.9517629e+00   2.9492142e+00   2.9467399e+00   2.9443436e+00   2.9420412e+00   2.9398630e+00   2.9377899e+00   2.9358456e+00   2.9340410e+00   2.9323647e+00   2.9307787e+00   2.9292929e+00   2.9278572e+00   2.9265053e+00   2.9252217e+00   2.9239814e+00   2.9227679e+00   2.9215019e+00   2.9201477e+00   2.9186556e+00   2.9169569e+00   2.9150257e+00   2.9128666e+00   2.9104967e+00   2.9079437e+00   2.9052274e+00   2.9024365e+00   2.8995869e+00   2.8966815e+00   2.8936980e+00   2.8906777e+00   2.8876836e+00   2.8847828e+00   2.8820953e+00   2.8797286e+00   2.8776627e+00   2.8758461e+00   2.8743198e+00   2.8731816e+00   2.8725412e+00   2.8724213e+00   2.8728094e+00   2.8736897e+00   2.8749859e+00   2.8766291e+00   2.8786061e+00   2.8809097e+00   2.8835466e+00   2.8864625e+00   2.8896015e+00   2.8928649e+00   2.8961108e+00   2.8991766e+00   2.9019320e+00   2.9042692e+00   2.9061089e+00   2.9073970e+00   2.9081447e+00   2.9083660e+00   2.9081402e+00   2.9074984e+00   2.9065094e+00   2.9052007e+00   2.9036016e+00   2.9017975e+00   2.8998096e+00   2.8976762e+00   2.8953722e+00   2.8929138e+00   2.8903272e+00   2.8876429e+00   2.8848603e+00   2.8819840e+00   2.8790340e+00   2.8760049e+00   2.8729184e+00   2.8697994e+00   2.8666394e+00   2.8634288e+00   2.8602111e+00   2.8570299e+00   2.8538990e+00   2.8507681e+00   2.8476722e+00   2.8446274e+00   2.8416278e+00   2.8386447e+00   2.8356807e+00   2.8327529e+00
   2.9629688e+00   2.9600513e+00   2.9571326e+00   2.9542110e+00   2.9513080e+00   2.9484203e+00   2.9455521e+00   2.9426868e+00   2.9398239e+00   2.9370320e+00   2.9342792e+00   2.9315727e+00   2.9289100e+00   2.9262769e+00   2.9237359e+00   2.9212964e+00   2.9189651e+00   2.9167414e+00   2.9146268e+00   2.9126256e+00   2.9107358e+00   2.9089470e+00   2.9072409e+00   2.9055855e+00   2.9039850e+00   2.9024613e+00   2.9010012e+00   2.8995647e+00   2.8980987e+00   2.8965557e+00   2.8948915e+00   2.8930333e+00   2.8910000e+00   2.8888113e+00   2.8864501e+00   2.8839455e+00   2.8812921e+00   2.8785639e+00   2.8757861e+00   2.8729935e+00   2.8702042e+00   2.8673849e+00   2.8645203e+00   2.8616819e+00   2.8590534e+00   2.8567522e+00   2.8547251e+00   2.8528874e+00   2.8512437e+00   2.8499413e+00   2.8490622e+00   2.8486321e+00   2.8486328e+00   2.8490372e+00   2.8497791e+00   2.8508222e+00   2.8521774e+00   2.8538263e+00   2.8557618e+00   2.8579397e+00   2.8603299e+00   2.8628495e+00   2.8653557e+00   2.8677328e+00   2.8698609e+00   2.8716459e+00   2.8730316e+00   2.8739688e+00   2.8744621e+00   2.8745611e+00   2.8742752e+00   2.8736401e+00   2.8726847e+00   2.8714561e+00   2.8700049e+00   2.8683650e+00   2.8665857e+00   2.8646762e+00   2.8626077e+00   2.8604062e+00   2.8581228e+00   2.8557568e+00   2.8533163e+00   2.8507798e+00   2.8481796e+00   2.8455303e+00   2.8428280e+00   2.8400948e+00   2.8373225e+00   2.8345287e+00   2.8317344e+00   2.8289585e+00   2.8261938e+00   2.8234336e+00   2.8206847e+00   2.8179798e+00   2.8153193e+00   2.8126876e+00   2.8100922e+00   2.8074944e+00
   2.9879818e+00   2.9850178e+00   2.9820569e+00   2.9791362e+00   2.9762373e+00   2.9733400e+00   2.9704483e+00   2.9675543e+00   2.9647152e+00   2.9618921e+00   2.9591067e+00   2.9563682e+00   2.9536850e+00   2.9510849e+00   2.9485617e+00   2.9461126e+00   2.9437752e+00   2.9415386e+00   2.9394372e+00   2.9374492e+00   2.9355857e+00   2.9338112e+00   2.9321098e+00   2.9304838e+00   2.9289179e+00   2.9273977e+00   2.9259403e+00   2.9244919e+00   2.9230433e+00   2.9214952e+00   2.9197891e+00   2.9178982e+00   2.9158165e+00   2.9135578e+00   2.9111414e+00   2.9085763e+00   2.9058673e+00   2.9030683e+00   2.9002390e+00   2.8974092e+00   2.8945363e+00   2.8915813e+00   2.8885906e+00   2.8857038e+00   2.8830607e+00   2.8807309e+00   2.8786697e+00   2.8767931e+00   2.8751757e+00   2.8739526e+00   2.8731825e+00   2.8728726e+00   2.8729861e+00   2.8735316e+00   2.8744717e+00   2.8757336e+00   2.8773022e+00   2.8791516e+00   2.8812866e+00   2.8836734e+00   2.8862610e+00   2.8889697e+00   2.8916447e+00   2.8941457e+00   2.8963692e+00   2.8982427e+00   2.8996723e+00   2.9006386e+00   2.9011338e+00   2.9011891e+00   2.9008453e+00   2.9001400e+00   2.8991394e+00   2.8978679e+00   2.8963788e+00   2.8946874e+00   2.8928106e+00   2.8907938e+00   2.8886712e+00   2.8864431e+00   2.8841050e+00   2.8816917e+00   2.8791707e+00   2.8765614e+00   2.8738778e+00   2.8711541e+00   2.8683939e+00   2.8655853e+00   2.8627317e+00   2.8598549e+00   2.8569653e+00   2.8540938e+00   2.8512504e+00   2.8484476e+00   2.8456728e+00   2.8429029e+00   2.8401597e+00   2.8374338e+00   2.8347330e+00   2.8320277e+00
   2.9762976e+00   2.9737415e+00   2.9711542e+00   2.9685199e+00   2.9658966e+00   2.9632628e+00   2.9606164e+00   2.9579875e+00   2.9553764e+00   2.9528058e+00   2.9502697e+00   2.9477708e+00   2.9452889e+00   2.9428585e+00   2.9405260e+00   2.9382706e+00   2.9361179e+00   2.9340630e+00   2.9321175e+00   2.9302845e+00   2.9285505e+00   2.9269238e+00   2.9253922e+00   2.9239101e+00   2.9224565e+00   2.9210596e+00   2.9197178e+00   2.9183586e+00   2.9169464e+00   2.9154446e+00   2.9138129e+00   2.9120104e+00   2.9100025e+00   2.9078157e+00   2.9054737e+00   2.9029696e+00   2.9003513e+00   2.8976600e+00   2.8949573e+00   2.8922436e+00   2.8894520e+00   2.8865726e+00   2.8836749e+00   2.8809330e+00   2.8784573e+00   2.8762801e+00   2.8743429e+00   2.8726285e+00   2.8711860e+00   2.8701160e+00   2.8694732e+00   2.8692944e+00   2.8695676e+00   2.8702641e+00   2.8713167e+00   2.8726871e+00   2.8743684e+00   2.8763714e+00   2.8786366e+00   2.8811300e+00   2.8838031e+00   2.8865509e+00   2.8892758e+00   2.8918297e+00   2.8941116e+00   2.8959942e+00   2.8974268e+00   2.8983853e+00   2.8988864e+00   2.8989632e+00   2.8986423e+00   2.8979969e+00   2.8970563e+00   2.8958638e+00   2.8944385e+00   2.8928232e+00   2.8910437e+00   2.8891432e+00   2.8871372e+00   2.8850086e+00   2.8827727e+00   2.8804348e+00   2.8780251e+00   2.8755350e+00   2.8729897e+00   2.8704197e+00   2.8678169e+00   2.8651571e+00   2.8624611e+00   2.8597386e+00   2.8570204e+00   2.8543012e+00   2.8516016e+00   2.8489659e+00   2.8463566e+00   2.8437939e+00   2.8412349e+00   2.8387029e+00   2.8361378e+00   2.8335702e+00
   3.0406086e+00   3.0376790e+00   3.0347221e+00   3.0317552e+00   3.0287592e+00   3.0257835e+00   3.0228355e+00   3.0199149e+00   3.0170324e+00   3.0141857e+00   3.0113800e+00   3.0086138e+00   3.0059290e+00   3.0033092e+00   3.0007684e+00   2.9983380e+00   2.9960556e+00   2.9939301e+00   2.9919312e+00   2.9900377e+00   2.9882748e+00   2.9866288e+00   2.9850819e+00   2.9836276e+00   2.9822350e+00   2.9809277e+00   2.9796832e+00   2.9784429e+00   2.9771469e+00   2.9757040e+00   2.9740918e+00   2.9722519e+00   2.9701786e+00   2.9678574e+00   2.9653447e+00   2.9626520e+00   2.9597948e+00   2.9568088e+00   2.9537456e+00   2.9506619e+00   2.9475689e+00   2.9444475e+00   2.9413321e+00   2.9383461e+00   2.9356213e+00   2.9332302e+00   2.9311445e+00   2.9293318e+00   2.9278433e+00   2.9267933e+00   2.9262753e+00   2.9262960e+00   2.9268351e+00   2.9278820e+00   2.9293754e+00   2.9312818e+00   2.9335454e+00   2.9361761e+00   2.9391358e+00   2.9423730e+00   2.9458332e+00   2.9493961e+00   2.9528944e+00   2.9562168e+00   2.9592059e+00   2.9617622e+00   2.9637520e+00   2.9651577e+00   2.9659865e+00   2.9662755e+00   2.9660809e+00   2.9654617e+00   2.9644816e+00   2.9631574e+00   2.9615250e+00   2.9596462e+00   2.9575579e+00   2.9553273e+00   2.9529409e+00   2.9504271e+00   2.9477918e+00   2.9450159e+00   2.9421196e+00   2.9391155e+00   2.9360447e+00   2.9329154e+00   2.9297225e+00   2.9264820e+00   2.9231806e+00   2.9198503e+00   2.9165366e+00   2.9132292e+00   2.9099638e+00   2.9067152e+00   2.9034970e+00   2.9003286e+00   2.8971701e+00   2.8940628e+00   2.8909836e+00   2.8879373e+00
   2.9196074e+00   2.9166508e+00   2.9136858e+00   2.9107172e+00   2.9077406e+00   2.9047954e+00   2.9018657e+00   2.8989527e+00   2.8960593e+00   2.8931913e+00   2.8903484e+00   2.8875673e+00   2.8848264e+00   2.8821523e+00   2.8795416e+00   2.8770216e+00   2.8746026e+00   2.8722639e+00   2.8700027e+00   2.8678191e+00   2.8657572e+00   2.8638256e+00   2.8619492e+00   2.8601513e+00   2.8584220e+00   2.8567264e+00   2.8550808e+00   2.8534615e+00   2.8518217e+00   2.8501208e+00   2.8482845e+00   2.8463161e+00   2.8442059e+00   2.8418992e+00   2.8394358e+00   2.8368556e+00   2.8341646e+00   2.8313777e+00   2.8285391e+00   2.8257020e+00   2.8228652e+00   2.8199902e+00   2.8170774e+00   2.8142264e+00   2.8115585e+00   2.8091595e+00   2.8070085e+00   2.8050473e+00   2.8032897e+00   2.8018334e+00   2.8007450e+00   2.8000443e+00   2.7997465e+00   2.7998416e+00   2.8003025e+00   2.8010604e+00   2.8021004e+00   2.8034379e+00   2.8050261e+00   2.8068521e+00   2.8088806e+00   2.8110473e+00   2.8132248e+00   2.8153000e+00   2.8171670e+00   2.8186982e+00   2.8198326e+00   2.8205299e+00   2.8207810e+00   2.8206513e+00   2.8201516e+00   2.8193495e+00   2.8182399e+00   2.8168490e+00   2.8152635e+00   2.8134975e+00   2.8115857e+00   2.8095090e+00   2.8073218e+00   2.8050406e+00   2.8026612e+00   2.8001721e+00   2.7975922e+00   2.7949612e+00   2.7922773e+00   2.7895336e+00   2.7867477e+00   2.7839403e+00   2.7810938e+00   2.7782087e+00   2.7753026e+00   2.7723897e+00   2.7695053e+00   2.7666702e+00   2.7638905e+00   2.7611210e+00   2.7583654e+00   2.7556484e+00   2.7529514e+00   2.7502365e+00
   2.7177360e+00   2.7155635e+00   2.7133868e+00   2.7112167e+00   2.7090380e+00   2.7068574e+00   2.7046773e+00   2.7024975e+00   2.7003345e+00   2.6981981e+00   2.6960876e+00   2.6939876e+00   2.6919136e+00   2.6898937e+00   2.6879394e+00   2.6860437e+00   2.6842086e+00   2.6824467e+00   2.6807718e+00   2.6791761e+00   2.6776674e+00   2.6762345e+00   2.6748745e+00   2.6735477e+00   2.6722648e+00   2.6710205e+00   2.6698287e+00   2.6686566e+00   2.6674538e+00   2.6661816e+00   2.6647961e+00   2.6632965e+00   2.6616611e+00   2.6599028e+00   2.6579955e+00   2.6559858e+00   2.6538804e+00   2.6517122e+00   2.6495013e+00   2.6472762e+00   2.6450293e+00   2.6427510e+00   2.6404135e+00   2.6381233e+00   2.6360028e+00   2.6341321e+00   2.6324670e+00   2.6309404e+00   2.6295774e+00   2.6284783e+00   2.6277082e+00   2.6272843e+00   2.6271851e+00   2.6274080e+00   2.6279099e+00   2.6286757e+00   2.6296759e+00   2.6309195e+00   2.6323960e+00   2.6340818e+00   2.6359251e+00   2.6378670e+00   2.6397941e+00   2.6416333e+00   2.6432800e+00   2.6446555e+00   2.6457083e+00   2.6464059e+00   2.6467555e+00   2.6467693e+00   2.6464639e+00   2.6458774e+00   2.6450367e+00   2.6439669e+00   2.6427062e+00   2.6413276e+00   2.6398268e+00   2.6382084e+00   2.6364796e+00   2.6346638e+00   2.6327689e+00   2.6307757e+00   2.6287048e+00   2.6265738e+00   2.6243877e+00   2.6221850e+00   2.6199512e+00   2.6176891e+00   2.6153867e+00   2.6130579e+00   2.6107247e+00   2.6083698e+00   2.6060102e+00   2.6036923e+00   2.6014130e+00   2.5991547e+00   2.5968952e+00   2.5946381e+00   2.5924108e+00   2.5901718e+00
   2.9094498e+00   2.9067252e+00   2.9039614e+00   2.9011924e+00   2.8984158e+00   2.8956506e+00   2.8928986e+00   2.8901823e+00   2.8874772e+00   2.8847733e+00   2.8821042e+00   2.8795090e+00   2.8769729e+00   2.8744743e+00   2.8720303e+00   2.8696525e+00   2.8673677e+00   2.8651779e+00   2.8631022e+00   2.8611534e+00   2.8592975e+00   2.8575304e+00   2.8558691e+00   2.8542936e+00   2.8527851e+00   2.8512986e+00   2.8498428e+00   2.8484421e+00   2.8470333e+00   2.8455284e+00   2.8438795e+00   2.8420432e+00   2.8400385e+00   2.8378561e+00   2.8354862e+00   2.8329515e+00   2.8302968e+00   2.8275299e+00   2.8247077e+00   2.8218546e+00   2.8190300e+00   2.8162031e+00   2.8133523e+00   2.8105421e+00   2.8079083e+00   2.8055496e+00   2.8034837e+00   2.8016510e+00   2.8000333e+00   2.7987287e+00   2.7978389e+00   2.7974098e+00   2.7974224e+00   2.7978468e+00   2.7986395e+00   2.7997561e+00   2.8011589e+00   2.8028333e+00   2.8047915e+00   2.8070037e+00   2.8094242e+00   2.8119555e+00   2.8144855e+00   2.8168995e+00   2.8190651e+00   2.8208609e+00   2.8221920e+00   2.8230526e+00   2.8234491e+00   2.8234079e+00   2.8229504e+00   2.8221467e+00   2.8210256e+00   2.8196242e+00   2.8179798e+00   2.8161442e+00   2.8141487e+00   2.8120070e+00   2.8097076e+00   2.8072948e+00   2.8047867e+00   2.8021767e+00   2.7994778e+00   2.7966864e+00   2.7938454e+00   2.7909327e+00   2.7879636e+00   2.7849369e+00   2.7818992e+00   2.7788305e+00   2.7757540e+00   2.7726822e+00   2.7696314e+00   2.7666152e+00   2.7636130e+00   2.7606437e+00   2.7576978e+00   2.7547939e+00   2.7519302e+00   2.7491095e+00
   2.8064678e+00   2.8040783e+00   2.8017228e+00   2.7993727e+00   2.7970116e+00   2.7946117e+00   2.7921779e+00   2.7897453e+00   2.7873402e+00   2.7850180e+00   2.7827690e+00   2.7805586e+00   2.7783577e+00   2.7761543e+00   2.7739589e+00   2.7718315e+00   2.7698176e+00   2.7679493e+00   2.7661984e+00   2.7645254e+00   2.7628927e+00   2.7612925e+00   2.7597096e+00   2.7581756e+00   2.7567358e+00   2.7554142e+00   2.7541974e+00   2.7529843e+00   2.7516899e+00   2.7502518e+00   2.7486553e+00   2.7469237e+00   2.7450962e+00   2.7432101e+00   2.7412851e+00   2.7392521e+00   2.7370565e+00   2.7346909e+00   2.7322209e+00   2.7297509e+00   2.7273350e+00   2.7249691e+00   2.7226248e+00   2.7203343e+00   2.7181880e+00   2.7162435e+00   2.7144430e+00   2.7127545e+00   2.7112467e+00   2.7100592e+00   2.7092943e+00   2.7089157e+00   2.7088597e+00   2.7090485e+00   2.7094491e+00   2.7100935e+00   2.7109935e+00   2.7121933e+00   2.7136972e+00   2.7154617e+00   2.7174091e+00   2.7194054e+00   2.7213259e+00   2.7230709e+00   2.7246056e+00   2.7259095e+00   2.7269514e+00   2.7276840e+00   2.7280569e+00   2.7280388e+00   2.7276289e+00   2.7268715e+00   2.7258720e+00   2.7247336e+00   2.7234993e+00   2.7221873e+00   2.7207568e+00   2.7191389e+00   2.7173069e+00   2.7152920e+00   2.7132013e+00   2.7111280e+00   2.7091057e+00   2.7071068e+00   2.7050457e+00   2.7028522e+00   2.7005126e+00   2.6980846e+00   2.6956527e+00   2.6932952e+00   2.6910279e+00   2.6888294e+00   2.6866331e+00   2.6843557e+00   2.6819782e+00   2.6795933e+00   2.6772892e+00   2.6751201e+00   2.6730595e+00   2.6710141e+00
   2.8223350e+00   2.8200636e+00   2.8178017e+00   2.8155391e+00   2.8132839e+00   2.8110521e+00   2.8088236e+00   2.8065863e+00   2.8043811e+00   2.8021853e+00   2.8000431e+00   2.7979467e+00   2.7958968e+00   2.7938879e+00   2.7919216e+00   2.7900436e+00   2.7882431e+00   2.7865427e+00   2.7849483e+00   2.7834613e+00   2.7820904e+00   2.7807739e+00   2.7795208e+00   2.7783442e+00   2.7772160e+00   2.7761390e+00   2.7750919e+00   2.7740681e+00   2.7730391e+00   2.7719162e+00   2.7706470e+00   2.7692168e+00   2.7676098e+00   2.7658398e+00   2.7639246e+00   2.7618687e+00   2.7596838e+00   2.7573988e+00   2.7550328e+00   2.7526753e+00   2.7503281e+00   2.7479565e+00   2.7455502e+00   2.7431538e+00   2.7409303e+00   2.7389877e+00   2.7373135e+00   2.7358253e+00   2.7345114e+00   2.7335017e+00   2.7329075e+00   2.7327366e+00   2.7329419e+00   2.7334929e+00   2.7343657e+00   2.7355554e+00   2.7370129e+00   2.7387266e+00   2.7407024e+00   2.7429457e+00   2.7453973e+00   2.7479413e+00   2.7504723e+00   2.7528839e+00   2.7550781e+00   2.7569542e+00   2.7584651e+00   2.7595675e+00   2.7602396e+00   2.7604733e+00   2.7603371e+00   2.7598591e+00   2.7590868e+00   2.7580693e+00   2.7568607e+00   2.7554862e+00   2.7539151e+00   2.7521913e+00   2.7503426e+00   2.7483780e+00   2.7462914e+00   2.7441442e+00   2.7419412e+00   2.7396443e+00   2.7372301e+00   2.7347622e+00   2.7322502e+00   2.7296779e+00   2.7270765e+00   2.7244747e+00   2.7218802e+00   2.7192545e+00   2.7166455e+00   2.7140510e+00   2.7114642e+00   2.7088897e+00   2.7063835e+00   2.7039154e+00   2.7014344e+00   2.6989410e+00
   2.8025360e+00   2.7998216e+00   2.7970858e+00   2.7943413e+00   2.7915928e+00   2.7888653e+00   2.7861700e+00   2.7834890e+00   2.7808368e+00   2.7782304e+00   2.7756665e+00   2.7731342e+00   2.7706192e+00   2.7681503e+00   2.7657626e+00   2.7634676e+00   2.7612686e+00   2.7591712e+00   2.7571723e+00   2.7552617e+00   2.7534359e+00   2.7516985e+00   2.7500541e+00   2.7485130e+00   2.7470148e+00   2.7455552e+00   2.7441199e+00   2.7427299e+00   2.7413137e+00   2.7398376e+00   2.7382536e+00   2.7365360e+00   2.7346694e+00   2.7326558e+00   2.7304852e+00   2.7281809e+00   2.7257299e+00   2.7231934e+00   2.7206583e+00   2.7181275e+00   2.7156010e+00   2.7130280e+00   2.7104006e+00   2.7078078e+00   2.7053900e+00   2.7032595e+00   2.7013948e+00   2.6997101e+00   2.6981952e+00   2.6969655e+00   2.6961174e+00   2.6956599e+00   2.6955860e+00   2.6958897e+00   2.6965425e+00   2.6974819e+00   2.6986816e+00   2.7001438e+00   2.7018461e+00   2.7037680e+00   2.7058675e+00   2.7080717e+00   2.7102830e+00   2.7124078e+00   2.7143457e+00   2.7159920e+00   2.7172563e+00   2.7180903e+00   2.7185223e+00   2.7185488e+00   2.7182391e+00   2.7176247e+00   2.7167542e+00   2.7156544e+00   2.7143376e+00   2.7128382e+00   2.7111893e+00   2.7093899e+00   2.7074604e+00   2.7054403e+00   2.7033558e+00   2.7012062e+00   2.6989622e+00   2.6966293e+00   2.6942165e+00   2.6917455e+00   2.6892421e+00   2.6867235e+00   2.6841614e+00   2.6815500e+00   2.6789181e+00   2.6763048e+00   2.6737175e+00   2.6711409e+00   2.6685619e+00   2.6660256e+00   2.6635387e+00   2.6610684e+00   2.6585908e+00   2.6560910e+00
   2.7020133e+00   2.6999569e+00   2.6978958e+00   2.6958170e+00   2.6937311e+00   2.6916561e+00   2.6895802e+00   2.6875103e+00   2.6854658e+00   2.6834469e+00   2.6814415e+00   2.6794693e+00   2.6775148e+00   2.6756032e+00   2.6737149e+00   2.6718891e+00   2.6701488e+00   2.6684968e+00   2.6669254e+00   2.6654406e+00   2.6640055e+00   2.6626327e+00   2.6612997e+00   2.6600218e+00   2.6587937e+00   2.6576171e+00   2.6564686e+00   2.6553411e+00   2.6542027e+00   2.6530025e+00   2.6517036e+00   2.6502850e+00   2.6487458e+00   2.6471176e+00   2.6453848e+00   2.6435578e+00   2.6416383e+00   2.6396439e+00   2.6376293e+00   2.6356618e+00   2.6337194e+00   2.6317301e+00   2.6296453e+00   2.6275630e+00   2.6256459e+00   2.6239994e+00   2.6225593e+00   2.6212368e+00   2.6200521e+00   2.6191142e+00   2.6184921e+00   2.6181815e+00   2.6181567e+00   2.6183865e+00   2.6188533e+00   2.6195319e+00   2.6204269e+00   2.6215346e+00   2.6228483e+00   2.6243534e+00   2.6259935e+00   2.6276948e+00   2.6293724e+00   2.6309521e+00   2.6323705e+00   2.6335509e+00   2.6344597e+00   2.6350639e+00   2.6353540e+00   2.6353452e+00   2.6350663e+00   2.6345613e+00   2.6338584e+00   2.6329744e+00   2.6319320e+00   2.6307514e+00   2.6294529e+00   2.6280487e+00   2.6265507e+00   2.6249790e+00   2.6233547e+00   2.6216841e+00   2.6199553e+00   2.6181629e+00   2.6163130e+00   2.6144164e+00   2.6124790e+00   2.6105127e+00   2.6085303e+00   2.6065500e+00   2.6045759e+00   2.6026013e+00   2.6006410e+00   2.5986865e+00   2.5967624e+00   2.5948443e+00   2.5929587e+00   2.5910959e+00   2.5892367e+00   2.5873444e+00
   2.9442625e+00   2.9416668e+00   2.9390261e+00   2.9363840e+00   2.9337101e+00   2.9310722e+00   2.9284508e+00   2.9258759e+00   2.9233372e+00   2.9208357e+00   2.9183519e+00   2.9158857e+00   2.9134462e+00   2.9111068e+00   2.9088688e+00   2.9067214e+00   2.9046748e+00   2.9027455e+00   2.9009335e+00   2.8992198e+00   2.8975885e+00   2.8960829e+00   2.8946893e+00   2.8933947e+00   2.8921871e+00   2.8910038e+00   2.8898449e+00   2.8886642e+00   2.8874729e+00   2.8862288e+00   2.8848655e+00   2.8832858e+00   2.8814881e+00   2.8794882e+00   2.8772938e+00   2.8748996e+00   2.8723278e+00   2.8696308e+00   2.8668935e+00   2.8641407e+00   2.8613651e+00   2.8585789e+00   2.8557556e+00   2.8529682e+00   2.8503809e+00   2.8481197e+00   2.8461468e+00   2.8443880e+00   2.8428881e+00   2.8417912e+00   2.8411839e+00   2.8410413e+00   2.8413324e+00   2.8420770e+00   2.8432491e+00   2.8448067e+00   2.8466842e+00   2.8488929e+00   2.8514044e+00   2.8541710e+00   2.8571384e+00   2.8602374e+00   2.8633506e+00   2.8663266e+00   2.8690288e+00   2.8713682e+00   2.8732576e+00   2.8746042e+00   2.8753951e+00   2.8756754e+00   2.8755169e+00   2.8749955e+00   2.8741302e+00   2.8729603e+00   2.8715038e+00   2.8698177e+00   2.8679364e+00   2.8658950e+00   2.8636963e+00   2.8613594e+00   2.8589251e+00   2.8564005e+00   2.8537567e+00   2.8509750e+00   2.8481138e+00   2.8451898e+00   2.8422079e+00   2.8391800e+00   2.8361130e+00   2.8330519e+00   2.8299596e+00   2.8268595e+00   2.8237622e+00   2.8206861e+00   2.8176384e+00   2.8146102e+00   2.8116806e+00   2.8087938e+00   2.8059051e+00   2.8029978e+00
   2.8725700e+00   2.8701098e+00   2.8676507e+00   2.8651750e+00   2.8626797e+00   2.8601856e+00   2.8576844e+00   2.8552103e+00   2.8527672e+00   2.8503704e+00   2.8480098e+00   2.8456700e+00   2.8433788e+00   2.8411553e+00   2.8390148e+00   2.8369582e+00   2.8349724e+00   2.8330812e+00   2.8313148e+00   2.8296556e+00   2.8281109e+00   2.8266494e+00   2.8252723e+00   2.8239632e+00   2.8227313e+00   2.8215368e+00   2.8203828e+00   2.8192129e+00   2.8180025e+00   2.8167353e+00   2.8153536e+00   2.8137903e+00   2.8120186e+00   2.8100750e+00   2.8079703e+00   2.8056965e+00   2.8032684e+00   2.8007424e+00   2.7981808e+00   2.7956173e+00   2.7930429e+00   2.7904282e+00   2.7877767e+00   2.7851717e+00   2.7827675e+00   2.7806709e+00   2.7788289e+00   2.7771814e+00   2.7757423e+00   2.7746174e+00   2.7739327e+00   2.7736912e+00   2.7738655e+00   2.7744477e+00   2.7753975e+00   2.7766697e+00   2.7782393e+00   2.7800839e+00   2.7822113e+00   2.7845755e+00   2.7871580e+00   2.7898552e+00   2.7925634e+00   2.7951310e+00   2.7974470e+00   2.7994316e+00   2.8009827e+00   2.8020785e+00   2.8027086e+00   2.8029163e+00   2.8027246e+00   2.8021753e+00   2.8013105e+00   2.8001678e+00   2.7987916e+00   2.7972038e+00   2.7954724e+00   2.7935946e+00   2.7915757e+00   2.7894404e+00   2.7871778e+00   2.7848346e+00   2.7823856e+00   2.7798300e+00   2.7772071e+00   2.7745211e+00   2.7717936e+00   2.7690203e+00   2.7661934e+00   2.7633488e+00   2.7604685e+00   2.7575829e+00   2.7547252e+00   2.7518921e+00   2.7490871e+00   2.7463036e+00   2.7435646e+00   2.7408555e+00   2.7381353e+00   2.7354221e+00
   2.9678853e+00   2.9652412e+00   2.9625561e+00   2.9598224e+00   2.9571049e+00   2.9544275e+00   2.9517891e+00   2.9491336e+00   2.9465010e+00   2.9438751e+00   2.9412882e+00   2.9387350e+00   2.9362307e+00   2.9338379e+00   2.9315426e+00   2.9293320e+00   2.9272137e+00   2.9251823e+00   2.9232702e+00   2.9214573e+00   2.9197533e+00   2.9181595e+00   2.9166641e+00   2.9152510e+00   2.9139011e+00   2.9125831e+00   2.9113019e+00   2.9100106e+00   2.9087083e+00   2.9072988e+00   2.9057376e+00   2.9040034e+00   2.9020569e+00   2.8999159e+00   2.8976233e+00   2.8951604e+00   2.8925617e+00   2.8898590e+00   2.8871295e+00   2.8844087e+00   2.8816769e+00   2.8788815e+00   2.8760691e+00   2.8733490e+00   2.8708420e+00   2.8686645e+00   2.8667724e+00   2.8651025e+00   2.8636882e+00   2.8626373e+00   2.8620365e+00   2.8619001e+00   2.8622048e+00   2.8629456e+00   2.8640683e+00   2.8655369e+00   2.8673306e+00   2.8694165e+00   2.8717740e+00   2.8743525e+00   2.8771393e+00   2.8800285e+00   2.8829052e+00   2.8856213e+00   2.8880227e+00   2.8900614e+00   2.8916466e+00   2.8927345e+00   2.8932965e+00   2.8934019e+00   2.8931220e+00   2.8925016e+00   2.8915808e+00   2.8903923e+00   2.8889732e+00   2.8873494e+00   2.8855517e+00   2.8836136e+00   2.8815382e+00   2.8793402e+00   2.8770454e+00   2.8746758e+00   2.8722248e+00   2.8696930e+00   2.8670781e+00   2.8644123e+00   2.8616931e+00   2.8589222e+00   2.8561161e+00   2.8532755e+00   2.8504670e+00   2.8477030e+00   2.8449650e+00   2.8422587e+00   2.8395424e+00   2.8368571e+00   2.8342197e+00   2.8316166e+00   2.8290417e+00   2.8264630e+00
   2.7820313e+00   2.7796872e+00   2.7773387e+00   2.7750034e+00   2.7726746e+00   2.7703474e+00   2.7679996e+00   2.7656565e+00   2.7633231e+00   2.7610075e+00   2.7587378e+00   2.7565088e+00   2.7543190e+00   2.7521515e+00   2.7500219e+00   2.7479498e+00   2.7459624e+00   2.7440655e+00   2.7422569e+00   2.7405384e+00   2.7388785e+00   2.7372983e+00   2.7357750e+00   2.7343094e+00   2.7328761e+00   2.7314804e+00   2.7301323e+00   2.7288058e+00   2.7274590e+00   2.7260494e+00   2.7245376e+00   2.7229030e+00   2.7211220e+00   2.7192211e+00   2.7172120e+00   2.7151089e+00   2.7129037e+00   2.7106066e+00   2.7083046e+00   2.7060375e+00   2.7037709e+00   2.7014494e+00   2.6990736e+00   2.6967189e+00   2.6945546e+00   2.6926069e+00   2.6908829e+00   2.6893036e+00   2.6878822e+00   2.6866953e+00   2.6858292e+00   2.6852913e+00   2.6850708e+00   2.6851587e+00   2.6855240e+00   2.6861441e+00   2.6869965e+00   2.6880722e+00   2.6893818e+00   2.6908815e+00   2.6925404e+00   2.6942909e+00   2.6960278e+00   2.6976607e+00   2.6991205e+00   2.7003355e+00   2.7012293e+00   2.7017834e+00   2.7019794e+00   2.7018626e+00   2.7014418e+00   2.7007732e+00   2.6998758e+00   2.6987755e+00   2.6975193e+00   2.6961052e+00   2.6945598e+00   2.6928833e+00   2.6911316e+00   2.6893101e+00   2.6874135e+00   2.6854465e+00   2.6834173e+00   2.6813221e+00   2.6791344e+00   2.6768930e+00   2.6746418e+00   2.6723912e+00   2.6701033e+00   2.6677840e+00   2.6654716e+00   2.6631546e+00   2.6608403e+00   2.6585302e+00   2.6562622e+00   2.6540270e+00   2.6518328e+00   2.6496670e+00   2.6474817e+00   2.6452672e+00
   2.7924461e+00   2.7898901e+00   2.7873356e+00   2.7847862e+00   2.7822323e+00   2.7796812e+00   2.7771370e+00   2.7746112e+00   2.7721345e+00   2.7696846e+00   2.7672579e+00   2.7648690e+00   2.7625122e+00   2.7602246e+00   2.7579937e+00   2.7558372e+00   2.7537854e+00   2.7518380e+00   2.7499828e+00   2.7482255e+00   2.7465353e+00   2.7449255e+00   2.7433813e+00   2.7419014e+00   2.7404869e+00   2.7391222e+00   2.7378006e+00   2.7365103e+00   2.7351792e+00   2.7337580e+00   2.7322130e+00   2.7305405e+00   2.7287376e+00   2.7267933e+00   2.7247036e+00   2.7224934e+00   2.7201710e+00   2.7177761e+00   2.7153568e+00   2.7129698e+00   2.7105458e+00   2.7080486e+00   2.7055013e+00   2.7030284e+00   2.7007587e+00   2.6987379e+00   2.6969516e+00   2.6953390e+00   2.6939323e+00   2.6928298e+00   2.6921108e+00   2.6917722e+00   2.6917801e+00   2.6921217e+00   2.6927760e+00   2.6937358e+00   2.6949809e+00   2.6964874e+00   2.6982415e+00   2.7002299e+00   2.7023752e+00   2.7045963e+00   2.7067823e+00   2.7088764e+00   2.7107675e+00   2.7123516e+00   2.7135580e+00   2.7143638e+00   2.7147706e+00   2.7147806e+00   2.7144566e+00   2.7138569e+00   2.7130165e+00   2.7119362e+00   2.7106714e+00   2.7092555e+00   2.7077076e+00   2.7060139e+00   2.7042065e+00   2.7023249e+00   2.7003710e+00   2.6983454e+00   2.6962302e+00   2.6940479e+00   2.6918085e+00   2.6895411e+00   2.6872299e+00   2.6848719e+00   2.6824970e+00   2.6801031e+00   2.6777122e+00   2.6753254e+00   2.6729553e+00   2.6706142e+00   2.6682894e+00   2.6659968e+00   2.6637406e+00   2.6615112e+00   2.6592796e+00   2.6570003e+00
   2.9651566e+00   2.9621265e+00   2.9591119e+00   2.9560859e+00   2.9530666e+00   2.9500716e+00   2.9470894e+00   2.9441864e+00   2.9413309e+00   2.9385149e+00   2.9357500e+00   2.9330463e+00   2.9304001e+00   2.9278214e+00   2.9253368e+00   2.9229853e+00   2.9207618e+00   2.9186647e+00   2.9167006e+00   2.9148846e+00   2.9131896e+00   2.9115961e+00   2.9101276e+00   2.9087727e+00   2.9075172e+00   2.9063034e+00   2.9051559e+00   2.9040320e+00   2.9028609e+00   2.9015701e+00   2.9001071e+00   2.8984816e+00   2.8966446e+00   2.8945827e+00   2.8922942e+00   2.8898108e+00   2.8871365e+00   2.8843157e+00   2.8813944e+00   2.8784723e+00   2.8755372e+00   2.8725936e+00   2.8696299e+00   2.8667126e+00   2.8640187e+00   2.8616626e+00   2.8596249e+00   2.8578444e+00   2.8563454e+00   2.8552551e+00   2.8546860e+00   2.8546562e+00   2.8551404e+00   2.8561001e+00   2.8575199e+00   2.8593330e+00   2.8615122e+00   2.8640745e+00   2.8669910e+00   2.8702295e+00   2.8736947e+00   2.8772755e+00   2.8808677e+00   2.8843212e+00   2.8874900e+00   2.8902271e+00   2.8924446e+00   2.8941028e+00   2.8951685e+00   2.8956554e+00   2.8956134e+00   2.8951271e+00   2.8942759e+00   2.8930957e+00   2.8916380e+00   2.8899329e+00   2.8879850e+00   2.8858471e+00   2.8835366e+00   2.8810742e+00   2.8784645e+00   2.8757465e+00   2.8729384e+00   2.8700387e+00   2.8670337e+00   2.8639266e+00   2.8607254e+00   2.8574772e+00   2.8541992e+00   2.8509295e+00   2.8476422e+00   2.8443458e+00   2.8410513e+00   2.8377476e+00   2.8344924e+00   2.8313096e+00   2.8282211e+00   2.8251579e+00   2.8220851e+00   2.8190110e+00
   3.0980918e+00   3.0950184e+00   3.0919087e+00   3.0887775e+00   3.0856094e+00   3.0824223e+00   3.0792725e+00   3.0761297e+00   3.0730026e+00   3.0699146e+00   3.0668373e+00   3.0637951e+00   3.0608037e+00   3.0578544e+00   3.0550079e+00   3.0522566e+00   3.0495863e+00   3.0470207e+00   3.0445669e+00   3.0422280e+00   3.0400107e+00   3.0379055e+00   3.0359068e+00   3.0339975e+00   3.0321295e+00   3.0302889e+00   3.0285127e+00   3.0267477e+00   3.0249510e+00   3.0230703e+00   3.0210640e+00   3.0188570e+00   3.0164747e+00   3.0139024e+00   3.0111291e+00   3.0081618e+00   3.0050333e+00   3.0018480e+00   2.9986432e+00   2.9954195e+00   2.9921472e+00   2.9888353e+00   2.9855292e+00   2.9823170e+00   2.9793167e+00   2.9766331e+00   2.9742477e+00   2.9721181e+00   2.9702570e+00   2.9687493e+00   2.9676809e+00   2.9670675e+00   2.9669025e+00   2.9671986e+00   2.9679306e+00   2.9690161e+00   2.9704058e+00   2.9720981e+00   2.9740381e+00   2.9762173e+00   2.9785674e+00   2.9810474e+00   2.9835551e+00   2.9859447e+00   2.9880955e+00   2.9898703e+00   2.9911642e+00   2.9919350e+00   2.9922068e+00   2.9920673e+00   2.9915535e+00   2.9906797e+00   2.9895163e+00   2.9880667e+00   2.9863844e+00   2.9844437e+00   2.9823236e+00   2.9800479e+00   2.9776852e+00   2.9752395e+00   2.9727230e+00   2.9700940e+00   2.9673183e+00   2.9644089e+00   2.9614303e+00   2.9584520e+00   2.9554279e+00   2.9523735e+00   2.9492829e+00   2.9461830e+00   2.9430563e+00   2.9399021e+00   2.9367428e+00   2.9336121e+00   2.9305525e+00   2.9275770e+00   2.9246328e+00   2.9216578e+00   2.9186611e+00   2.9156444e+00
   3.0001383e+00   2.9973276e+00   2.9944913e+00   2.9916525e+00   2.9888051e+00   2.9859374e+00   2.9830716e+00   2.9802551e+00   2.9774578e+00   2.9747143e+00   2.9720020e+00   2.9693127e+00   2.9666958e+00   2.9641330e+00   2.9616458e+00   2.9592333e+00   2.9569263e+00   2.9547596e+00   2.9527242e+00   2.9508231e+00   2.9490299e+00   2.9473388e+00   2.9457715e+00   2.9442890e+00   2.9428771e+00   2.9415147e+00   2.9401886e+00   2.9388874e+00   2.9375677e+00   2.9361484e+00   2.9345798e+00   2.9328072e+00   2.9308100e+00   2.9285743e+00   2.9261372e+00   2.9235137e+00   2.9207199e+00   2.9177845e+00   2.9147778e+00   2.9117451e+00   2.9086874e+00   2.9055805e+00   2.9024413e+00   2.8993874e+00   2.8965423e+00   2.8940229e+00   2.8917961e+00   2.8898385e+00   2.8881569e+00   2.8868482e+00   2.8860366e+00   2.8857243e+00   2.8859119e+00   2.8865776e+00   2.8876867e+00   2.8892090e+00   2.8910627e+00   2.8932273e+00   2.8957045e+00   2.8984711e+00   2.9014623e+00   2.9045980e+00   2.9077444e+00   2.9107459e+00   2.9134810e+00   2.9158070e+00   2.9176636e+00   2.9189444e+00   2.9196730e+00   2.9198980e+00   2.9196568e+00   2.9190168e+00   2.9180279e+00   2.9167013e+00   2.9151089e+00   2.9132893e+00   2.9112694e+00   2.9090786e+00   2.9067161e+00   2.9042423e+00   2.9016485e+00   2.8989494e+00   2.8961239e+00   2.8931837e+00   2.8901129e+00   2.8870094e+00   2.8838787e+00   2.8806868e+00   2.8774338e+00   2.8741121e+00   2.8708112e+00   2.8674774e+00   2.8641548e+00   2.8608360e+00   2.8575532e+00   2.8543196e+00   2.8511322e+00   2.8479784e+00   2.8448207e+00   2.8416681e+00
   2.8724806e+00   2.8698976e+00   2.8673208e+00   2.8647232e+00   2.8621330e+00   2.8595502e+00   2.8569756e+00   2.8544044e+00   2.8518598e+00   2.8493462e+00   2.8468695e+00   2.8444312e+00   2.8420315e+00   2.8396971e+00   2.8374653e+00   2.8353176e+00   2.8332560e+00   2.8312829e+00   2.8294213e+00   2.8276775e+00   2.8260376e+00   2.8244846e+00   2.8230050e+00   2.8216076e+00   2.8202801e+00   2.8190181e+00   2.8178089e+00   2.8165805e+00   2.8153095e+00   2.8139315e+00   2.8124256e+00   2.8107569e+00   2.8089006e+00   2.8068779e+00   2.8046989e+00   2.8023784e+00   2.7999218e+00   2.7973659e+00   2.7947712e+00   2.7921650e+00   2.7895286e+00   2.7868240e+00   2.7840703e+00   2.7814350e+00   2.7790339e+00   2.7769315e+00   2.7750874e+00   2.7734423e+00   2.7720478e+00   2.7709999e+00   2.7703602e+00   2.7701776e+00   2.7704306e+00   2.7710907e+00   2.7721193e+00   2.7734592e+00   2.7751014e+00   2.7770531e+00   2.7792978e+00   2.7817867e+00   2.7844474e+00   2.7872150e+00   2.7899733e+00   2.7925775e+00   2.7949255e+00   2.7969074e+00   2.7984750e+00   2.7995837e+00   2.8002293e+00   2.8004408e+00   2.8002462e+00   2.7997029e+00   2.7988434e+00   2.7977226e+00   2.7963898e+00   2.7948616e+00   2.7931633e+00   2.7913208e+00   2.7893722e+00   2.7873011e+00   2.7851207e+00   2.7828531e+00   2.7804844e+00   2.7780247e+00   2.7754948e+00   2.7729149e+00   2.7702913e+00   2.7675896e+00   2.7648504e+00   2.7620983e+00   2.7593553e+00   2.7566311e+00   2.7539184e+00   2.7512267e+00   2.7485521e+00   2.7458904e+00   2.7432697e+00   2.7406723e+00   2.7380664e+00   2.7354944e+00
   2.9093981e+00   2.9069088e+00   2.9043837e+00   2.9018345e+00   2.8992841e+00   2.8967552e+00   2.8942547e+00   2.8917720e+00   2.8892651e+00   2.8867614e+00   2.8842869e+00   2.8818462e+00   2.8794651e+00   2.8771694e+00   2.8749487e+00   2.8728302e+00   2.8707759e+00   2.8688061e+00   2.8669412e+00   2.8651817e+00   2.8635395e+00   2.8620145e+00   2.8605640e+00   2.8591726e+00   2.8578236e+00   2.8565209e+00   2.8552694e+00   2.8540173e+00   2.8527536e+00   2.8514183e+00   2.8499629e+00   2.8483181e+00   2.8464766e+00   2.8444369e+00   2.8422394e+00   2.8398654e+00   2.8373756e+00   2.8348081e+00   2.8321960e+00   2.8295689e+00   2.8269031e+00   2.8241475e+00   2.8213577e+00   2.8186376e+00   2.8161557e+00   2.8139875e+00   2.8120863e+00   2.8103991e+00   2.8089397e+00   2.8078153e+00   2.8071251e+00   2.8068821e+00   2.8070586e+00   2.8076699e+00   2.8086567e+00   2.8099549e+00   2.8115556e+00   2.8134530e+00   2.8156319e+00   2.8180659e+00   2.8206909e+00   2.8234246e+00   2.8261425e+00   2.8287249e+00   2.8310509e+00   2.8330204e+00   2.8345568e+00   2.8356228e+00   2.8362284e+00   2.8364012e+00   2.8361962e+00   2.8356514e+00   2.8347969e+00   2.8336666e+00   2.8322895e+00   2.8307221e+00   2.8289974e+00   2.8271408e+00   2.8251617e+00   2.8230972e+00   2.8209362e+00   2.8186722e+00   2.8162889e+00   2.8138161e+00   2.8112774e+00   2.8086958e+00   2.8060923e+00   2.8034480e+00   2.8007648e+00   2.7980587e+00   2.7953403e+00   2.7926104e+00   2.7899103e+00   2.7872429e+00   2.7846155e+00   2.7820137e+00   2.7794311e+00   2.7768698e+00   2.7743073e+00   2.7717679e+00
   2.9055626e+00   2.9031384e+00   2.9006903e+00   2.8982277e+00   2.8957565e+00   2.8933032e+00   2.8908832e+00   2.8884647e+00   2.8861024e+00   2.8837616e+00   2.8814347e+00   2.8791416e+00   2.8769047e+00   2.8747365e+00   2.8726540e+00   2.8706353e+00   2.8687003e+00   2.8668735e+00   2.8651485e+00   2.8635366e+00   2.8620307e+00   2.8606482e+00   2.8593624e+00   2.8581254e+00   2.8569419e+00   2.8557749e+00   2.8546288e+00   2.8535016e+00   2.8523457e+00   2.8511407e+00   2.8498223e+00   2.8483095e+00   2.8465908e+00   2.8446825e+00   2.8426135e+00   2.8403795e+00   2.8379920e+00   2.8355172e+00   2.8330190e+00   2.8305266e+00   2.8279896e+00   2.8254049e+00   2.8227882e+00   2.8202326e+00   2.8178692e+00   2.8158071e+00   2.8140364e+00   2.8124774e+00   2.8111422e+00   2.8101242e+00   2.8095245e+00   2.8093536e+00   2.8096139e+00   2.8102922e+00   2.8113658e+00   2.8127677e+00   2.8144615e+00   2.8164270e+00   2.8186626e+00   2.8211491e+00   2.8238289e+00   2.8266156e+00   2.8294261e+00   2.8321044e+00   2.8345296e+00   2.8365698e+00   2.8381729e+00   2.8393061e+00   2.8399446e+00   2.8401632e+00   2.8400087e+00   2.8395042e+00   2.8386800e+00   2.8375547e+00   2.8362005e+00   2.8346345e+00   2.8328803e+00   2.8309791e+00   2.8289640e+00   2.8268566e+00   2.8246601e+00   2.8223619e+00   2.8199337e+00   2.8173971e+00   2.8147914e+00   2.8121197e+00   2.8094060e+00   2.8066740e+00   2.8039138e+00   2.8011243e+00   2.7982740e+00   2.7954266e+00   2.7926083e+00   2.7898045e+00   2.7870560e+00   2.7843552e+00   2.7816942e+00   2.7790143e+00   2.7763245e+00   2.7736485e+00
   2.9135964e+00   2.9108031e+00   2.9079840e+00   2.9051445e+00   2.9023063e+00   2.8994610e+00   2.8966358e+00   2.8938246e+00   2.8910468e+00   2.8883216e+00   2.8856180e+00   2.8829539e+00   2.8803093e+00   2.8777246e+00   2.8752091e+00   2.8727767e+00   2.8704221e+00   2.8681641e+00   2.8659999e+00   2.8639405e+00   2.8619716e+00   2.8601139e+00   2.8583424e+00   2.8566563e+00   2.8550313e+00   2.8534677e+00   2.8519478e+00   2.8504429e+00   2.8489063e+00   2.8473065e+00   2.8455889e+00   2.8437405e+00   2.8417413e+00   2.8395660e+00   2.8372223e+00   2.8347282e+00   2.8320959e+00   2.8293669e+00   2.8266017e+00   2.8238411e+00   2.8210838e+00   2.8183119e+00   2.8155043e+00   2.8127413e+00   2.8101435e+00   2.8078136e+00   2.8057482e+00   2.8039067e+00   2.8023090e+00   2.8010113e+00   2.8001006e+00   2.7995746e+00   2.7994707e+00   2.7997754e+00   2.8004277e+00   2.8014050e+00   2.8026688e+00   2.8042068e+00   2.8059747e+00   2.8079455e+00   2.8100970e+00   2.8123667e+00   2.8146598e+00   2.8168745e+00   2.8188879e+00   2.8205731e+00   2.8218372e+00   2.8226554e+00   2.8230240e+00   2.8229964e+00   2.8226147e+00   2.8219221e+00   2.8209524e+00   2.8197496e+00   2.8183258e+00   2.8166866e+00   2.8148811e+00   2.8129375e+00   2.8108966e+00   2.8087730e+00   2.8065317e+00   2.8041801e+00   2.8017437e+00   2.7992334e+00   2.7966805e+00   2.7940483e+00   2.7913730e+00   2.7886684e+00   2.7859414e+00   2.7831781e+00   2.7803888e+00   2.7776062e+00   2.7748439e+00   2.7721303e+00   2.7694476e+00   2.7667935e+00   2.7641556e+00   2.7615283e+00   2.7589319e+00   2.7563322e+00
   2.8623574e+00   2.8593864e+00   2.8563941e+00   2.8534315e+00   2.8504887e+00   2.8475583e+00   2.8446350e+00   2.8417170e+00   2.8387959e+00   2.8358872e+00   2.8329852e+00   2.8301172e+00   2.8273113e+00   2.8245707e+00   2.8218834e+00   2.8192747e+00   2.8167284e+00   2.8142741e+00   2.8119135e+00   2.8096206e+00   2.8074377e+00   2.8053391e+00   2.8033092e+00   2.8013458e+00   2.7994182e+00   2.7975264e+00   2.7956839e+00   2.7938602e+00   2.7920749e+00   2.7902229e+00   2.7882681e+00   2.7861850e+00   2.7839744e+00   2.7816534e+00   2.7792072e+00   2.7766645e+00   2.7740433e+00   2.7713871e+00   2.7687225e+00   2.7660711e+00   2.7633946e+00   2.7606456e+00   2.7578499e+00   2.7551098e+00   2.7525704e+00   2.7503071e+00   2.7482612e+00   2.7463655e+00   2.7446411e+00   2.7431800e+00   2.7420666e+00   2.7412956e+00   2.7408569e+00   2.7407238e+00   2.7409031e+00   2.7413323e+00   2.7419922e+00   2.7428977e+00   2.7440176e+00   2.7453573e+00   2.7468703e+00   2.7484524e+00   2.7500293e+00   2.7514904e+00   2.7527936e+00   2.7538528e+00   2.7545936e+00   2.7549915e+00   2.7550573e+00   2.7548008e+00   2.7542527e+00   2.7534370e+00   2.7524014e+00   2.7511597e+00   2.7497475e+00   2.7481787e+00   2.7464898e+00   2.7446883e+00   2.7428081e+00   2.7408600e+00   2.7388477e+00   2.7367601e+00   2.7345765e+00   2.7323234e+00   2.7300301e+00   2.7277110e+00   2.7253349e+00   2.7229402e+00   2.7205307e+00   2.7181122e+00   2.7156746e+00   2.7132435e+00   2.7108409e+00   2.7084341e+00   2.7060459e+00   2.7036905e+00   2.7013900e+00   2.6990941e+00   2.6967809e+00   2.6944551e+00
   2.8203952e+00   2.8177850e+00   2.8151844e+00   2.8125896e+00   2.8099883e+00   2.8073785e+00   2.8047726e+00   2.8022022e+00   2.7996471e+00   2.7971096e+00   2.7945912e+00   2.7921140e+00   2.7896891e+00   2.7873275e+00   2.7850189e+00   2.7827730e+00   2.7806168e+00   2.7785664e+00   2.7766411e+00   2.7748158e+00   2.7730782e+00   2.7714121e+00   2.7698176e+00   2.7683079e+00   2.7668667e+00   2.7654839e+00   2.7641237e+00   2.7627790e+00   2.7614176e+00   2.7599726e+00   2.7584012e+00   2.7566645e+00   2.7547786e+00   2.7527463e+00   2.7505581e+00   2.7482502e+00   2.7458074e+00   2.7432852e+00   2.7407389e+00   2.7381775e+00   2.7355950e+00   2.7329760e+00   2.7303121e+00   2.7277110e+00   2.7253132e+00   2.7232122e+00   2.7213478e+00   2.7196646e+00   2.7181759e+00   2.7170203e+00   2.7162750e+00   2.7159164e+00   2.7159243e+00   2.7162895e+00   2.7170191e+00   2.7180560e+00   2.7193620e+00   2.7209337e+00   2.7227662e+00   2.7248430e+00   2.7271025e+00   2.7294388e+00   2.7317712e+00   2.7339838e+00   2.7359946e+00   2.7377090e+00   2.7390563e+00   2.7399700e+00   2.7404344e+00   2.7404988e+00   2.7401924e+00   2.7395687e+00   2.7386687e+00   2.7375400e+00   2.7362099e+00   2.7346842e+00   2.7330160e+00   2.7312105e+00   2.7292824e+00   2.7272432e+00   2.7251098e+00   2.7229099e+00   2.7206266e+00   2.7182484e+00   2.7157791e+00   2.7132502e+00   2.7106841e+00   2.7080848e+00   2.7054577e+00   2.7028148e+00   2.7001638e+00   2.6975296e+00   2.6948783e+00   2.6922433e+00   2.6896133e+00   2.6870067e+00   2.6844673e+00   2.6819475e+00   2.6794484e+00   2.6769302e+00
   2.7467511e+00   2.7443686e+00   2.7419999e+00   2.7396553e+00   2.7373152e+00   2.7349532e+00   2.7325981e+00   2.7302587e+00   2.7279332e+00   2.7256403e+00   2.7233727e+00   2.7211475e+00   2.7189825e+00   2.7168591e+00   2.7147758e+00   2.7127545e+00   2.7107975e+00   2.7089357e+00   2.7071655e+00   2.7054539e+00   2.7038298e+00   2.7023041e+00   2.7008808e+00   2.6995022e+00   2.6981399e+00   2.6968033e+00   2.6955090e+00   2.6942394e+00   2.6929543e+00   2.6916068e+00   2.6901538e+00   2.6885779e+00   2.6868896e+00   2.6851158e+00   2.6832321e+00   2.6812356e+00   2.6791222e+00   2.6769474e+00   2.6747761e+00   2.6726141e+00   2.6704414e+00   2.6681986e+00   2.6658955e+00   2.6636541e+00   2.6616018e+00   2.6598132e+00   2.6582198e+00   2.6567574e+00   2.6554358e+00   2.6543782e+00   2.6536367e+00   2.6532319e+00   2.6531432e+00   2.6533585e+00   2.6538615e+00   2.6546094e+00   2.6555595e+00   2.6567276e+00   2.6580946e+00   2.6596658e+00   2.6613953e+00   2.6631858e+00   2.6649923e+00   2.6667154e+00   2.6682651e+00   2.6695611e+00   2.6705322e+00   2.6711729e+00   2.6714630e+00   2.6714432e+00   2.6711519e+00   2.6706016e+00   2.6698201e+00   2.6688435e+00   2.6677113e+00   2.6664429e+00   2.6650298e+00   2.6635025e+00   2.6618860e+00   2.6602051e+00   2.6584496e+00   2.6566188e+00   2.6547148e+00   2.6527288e+00   2.6506898e+00   2.6486280e+00   2.6465466e+00   2.6444247e+00   2.6422670e+00   2.6400807e+00   2.6378899e+00   2.6357076e+00   2.6335180e+00   2.6313500e+00   2.6292188e+00   2.6271131e+00   2.6250308e+00   2.6229360e+00   2.6208472e+00   2.6187277e+00
   2.8000228e+00   2.7978256e+00   2.7956150e+00   2.7934027e+00   2.7911797e+00   2.7889557e+00   2.7867298e+00   2.7845364e+00   2.7823553e+00   2.7802017e+00   2.7780650e+00   2.7759564e+00   2.7738812e+00   2.7718523e+00   2.7698822e+00   2.7679894e+00   2.7661664e+00   2.7644300e+00   2.7627718e+00   2.7612073e+00   2.7597377e+00   2.7583535e+00   2.7570398e+00   2.7557714e+00   2.7545452e+00   2.7533722e+00   2.7522478e+00   2.7511456e+00   2.7500191e+00   2.7488043e+00   2.7474782e+00   2.7460349e+00   2.7444515e+00   2.7427197e+00   2.7408249e+00   2.7387943e+00   2.7366695e+00   2.7344878e+00   2.7322485e+00   2.7299945e+00   2.7277262e+00   2.7254264e+00   2.7230566e+00   2.7207232e+00   2.7185671e+00   2.7166872e+00   2.7150249e+00   2.7135150e+00   2.7121723e+00   2.7111199e+00   2.7104266e+00   2.7100828e+00   2.7100942e+00   2.7104423e+00   2.7111065e+00   2.7120407e+00   2.7132332e+00   2.7146866e+00   2.7163880e+00   2.7182982e+00   2.7203767e+00   2.7225723e+00   2.7247765e+00   2.7268784e+00   2.7287877e+00   2.7304382e+00   2.7317402e+00   2.7326424e+00   2.7331579e+00   2.7333143e+00   2.7331486e+00   2.7326915e+00   2.7319853e+00   2.7310593e+00   2.7299137e+00   2.7285643e+00   2.7270782e+00   2.7254784e+00   2.7237711e+00   2.7219648e+00   2.7200830e+00   2.7181261e+00   2.7160692e+00   2.7139447e+00   2.7117498e+00   2.7095110e+00   2.7072155e+00   2.7048886e+00   2.7025506e+00   2.7002041e+00   2.6978390e+00   2.6954353e+00   2.6930377e+00   2.6906574e+00   2.6883106e+00   2.6859999e+00   2.6837094e+00   2.6814439e+00   2.6791725e+00   2.6768825e+00
   3.0157001e+00   3.0128803e+00   3.0100472e+00   3.0072057e+00   3.0043695e+00   3.0015297e+00   2.9986989e+00   2.9958992e+00   2.9931557e+00   2.9904890e+00   2.9878426e+00   2.9852076e+00   2.9826190e+00   2.9800797e+00   2.9776437e+00   2.9753087e+00   2.9730911e+00   2.9710095e+00   2.9690611e+00   2.9672225e+00   2.9654713e+00   2.9637811e+00   2.9621906e+00   2.9607151e+00   2.9593346e+00   2.9580183e+00   2.9567349e+00   2.9554355e+00   2.9540777e+00   2.9525993e+00   2.9509900e+00   2.9492443e+00   2.9473045e+00   2.9451599e+00   2.9428241e+00   2.9402997e+00   2.9376080e+00   2.9347775e+00   2.9319026e+00   2.9290524e+00   2.9261963e+00   2.9233129e+00   2.9203937e+00   2.9175291e+00   2.9148588e+00   2.9124832e+00   2.9103897e+00   2.9085400e+00   2.9069786e+00   2.9058068e+00   2.9050875e+00   2.9048245e+00   2.9049749e+00   2.9055307e+00   2.9065094e+00   2.9078844e+00   2.9096377e+00   2.9117081e+00   2.9140732e+00   2.9166982e+00   2.9195118e+00   2.9223948e+00   2.9252536e+00   2.9279947e+00   2.9305115e+00   2.9326553e+00   2.9343147e+00   2.9354048e+00   2.9359322e+00   2.9359472e+00   2.9355574e+00   2.9348431e+00   2.9338377e+00   2.9325507e+00   2.9309986e+00   2.9292171e+00   2.9272108e+00   2.9250095e+00   2.9226847e+00   2.9203157e+00   2.9178736e+00   2.9153278e+00   2.9126699e+00   2.9098780e+00   2.9069653e+00   2.9039290e+00   2.9008913e+00   2.8978951e+00   2.8948905e+00   2.8918765e+00   2.8888218e+00   2.8857515e+00   2.8826628e+00   2.8795717e+00   2.8765519e+00   2.8736267e+00   2.8707845e+00   2.8679688e+00   2.8650925e+00   2.8621686e+00
   2.8233109e+00   2.8209074e+00   2.8184860e+00   2.8160439e+00   2.8135908e+00   2.8111503e+00   2.8087320e+00   2.8063288e+00   2.8039343e+00   2.8015194e+00   2.7991431e+00   2.7968273e+00   2.7945459e+00   2.7923133e+00   2.7901347e+00   2.7880208e+00   2.7860119e+00   2.7840803e+00   2.7822428e+00   2.7804940e+00   2.7788296e+00   2.7772763e+00   2.7758214e+00   2.7743957e+00   2.7729969e+00   2.7716434e+00   2.7703331e+00   2.7690294e+00   2.7677004e+00   2.7663028e+00   2.7647927e+00   2.7631359e+00   2.7612934e+00   2.7592876e+00   2.7571414e+00   2.7548704e+00   2.7525055e+00   2.7500699e+00   2.7476122e+00   2.7451284e+00   2.7426078e+00   2.7400131e+00   2.7374077e+00   2.7348928e+00   2.7325871e+00   2.7305470e+00   2.7287426e+00   2.7271264e+00   2.7257121e+00   2.7245896e+00   2.7238281e+00   2.7234714e+00   2.7235010e+00   2.7238853e+00   2.7245982e+00   2.7256024e+00   2.7268684e+00   2.7284043e+00   2.7301865e+00   2.7321908e+00   2.7343795e+00   2.7366724e+00   2.7389700e+00   2.7411435e+00   2.7430677e+00   2.7446606e+00   2.7458630e+00   2.7466621e+00   2.7470658e+00   2.7470798e+00   2.7467511e+00   2.7461250e+00   2.7452261e+00   2.7440758e+00   2.7427042e+00   2.7411859e+00   2.7395194e+00   2.7377350e+00   2.7358320e+00   2.7338400e+00   2.7317355e+00   2.7295358e+00   2.7272666e+00   2.7249253e+00   2.7225142e+00   2.7200735e+00   2.7176273e+00   2.7151406e+00   2.7125940e+00   2.7100210e+00   2.7074587e+00   2.7049148e+00   2.7024019e+00   2.6999156e+00   2.6974924e+00   2.6950684e+00   2.6926680e+00   2.6902478e+00   2.6878500e+00   2.6854765e+00
   2.7576802e+00   2.7554703e+00   2.7532368e+00   2.7509861e+00   2.7487295e+00   2.7465017e+00   2.7442672e+00   2.7420375e+00   2.7397854e+00   2.7375543e+00   2.7353880e+00   2.7332742e+00   2.7311831e+00   2.7291324e+00   2.7271383e+00   2.7252054e+00   2.7233326e+00   2.7215395e+00   2.7198639e+00   2.7183120e+00   2.7168539e+00   2.7154658e+00   2.7141402e+00   2.7128601e+00   2.7116425e+00   2.7104681e+00   2.7093270e+00   2.7082167e+00   2.7070806e+00   2.7058764e+00   2.7045441e+00   2.7030485e+00   2.7013903e+00   2.6995747e+00   2.6975937e+00   2.6954796e+00   2.6932545e+00   2.6909225e+00   2.6885297e+00   2.6861019e+00   2.6836560e+00   2.6812160e+00   2.6787751e+00   2.6763799e+00   2.6741412e+00   2.6721544e+00   2.6704094e+00   2.6688435e+00   2.6674845e+00   2.6664369e+00   2.6657760e+00   2.6655154e+00   2.6656573e+00   2.6661747e+00   2.6670072e+00   2.6681001e+00   2.6694622e+00   2.6710863e+00   2.6729596e+00   2.6750515e+00   2.6773193e+00   2.6796916e+00   2.6820459e+00   2.6842577e+00   2.6862481e+00   2.6879299e+00   2.6892502e+00   2.6901481e+00   2.6906064e+00   2.6906669e+00   2.6903560e+00   2.6897299e+00   2.6888268e+00   2.6876976e+00   2.6863651e+00   2.6848507e+00   2.6831958e+00   2.6814020e+00   2.6794682e+00   2.6774218e+00   2.6752889e+00   2.6731100e+00   2.6708443e+00   2.6684825e+00   2.6660366e+00   2.6635096e+00   2.6609447e+00   2.6583431e+00   2.6557209e+00   2.6530838e+00   2.6504261e+00   2.6477506e+00   2.6450784e+00   2.6424243e+00   2.6397879e+00   2.6371934e+00   2.6346557e+00   2.6321433e+00   2.6296203e+00   2.6270771e+00
   2.8598335e+00   2.8573837e+00   2.8549283e+00   2.8524692e+00   2.8500450e+00   2.8476183e+00   2.8451958e+00   2.8427732e+00   2.8403723e+00   2.8379767e+00   2.8356335e+00   2.8333137e+00   2.8310468e+00   2.8288281e+00   2.8266716e+00   2.8245842e+00   2.8225772e+00   2.8206561e+00   2.8188446e+00   2.8171375e+00   2.8155253e+00   2.8139877e+00   2.8125219e+00   2.8111141e+00   2.8097439e+00   2.8084056e+00   2.8070986e+00   2.8058071e+00   2.8044746e+00   2.8030756e+00   2.8015537e+00   2.7998791e+00   2.7980499e+00   2.7960384e+00   2.7939014e+00   2.7916443e+00   2.7892818e+00   2.7868564e+00   2.7844174e+00   2.7819653e+00   2.7794812e+00   2.7769182e+00   2.7743340e+00   2.7718518e+00   2.7696075e+00   2.7676480e+00   2.7659168e+00   2.7643261e+00   2.7629366e+00   2.7618597e+00   2.7611606e+00   2.7608616e+00   2.7609482e+00   2.7614126e+00   2.7621872e+00   2.7632215e+00   2.7645340e+00   2.7661073e+00   2.7679203e+00   2.7699587e+00   2.7721727e+00   2.7744815e+00   2.7767456e+00   2.7788255e+00   2.7806451e+00   2.7821558e+00   2.7832859e+00   2.7840087e+00   2.7843187e+00   2.7842662e+00   2.7838881e+00   2.7832005e+00   2.7822380e+00   2.7810373e+00   2.7796571e+00   2.7781417e+00   2.7765160e+00   2.7747707e+00   2.7728980e+00   2.7709072e+00   2.7688429e+00   2.7667112e+00   2.7645152e+00   2.7622473e+00   2.7599249e+00   2.7575569e+00   2.7551641e+00   2.7527456e+00   2.7502880e+00   2.7478170e+00   2.7453375e+00   2.7428873e+00   2.7404413e+00   2.7380121e+00   2.7356186e+00   2.7332642e+00   2.7309561e+00   2.7286584e+00   2.7263649e+00   2.7240427e+00
   3.0770264e+00   3.0739403e+00   3.0708711e+00   3.0678003e+00   3.0647650e+00   3.0617278e+00   3.0586975e+00   3.0557098e+00   3.0527327e+00   3.0498028e+00   3.0469398e+00   3.0441334e+00   3.0414002e+00   3.0387533e+00   3.0361912e+00   3.0337648e+00   3.0314465e+00   3.0292280e+00   3.0271471e+00   3.0252361e+00   3.0234678e+00   3.0218163e+00   3.0202544e+00   3.0187941e+00   3.0174191e+00   3.0160971e+00   3.0148220e+00   3.0135765e+00   3.0122979e+00   3.0109231e+00   3.0093701e+00   3.0075986e+00   3.0055835e+00   3.0033491e+00   3.0008936e+00   2.9982388e+00   2.9954097e+00   2.9924717e+00   2.9894817e+00   2.9864523e+00   2.9833698e+00   2.9802389e+00   2.9771121e+00   2.9741032e+00   2.9713507e+00   2.9689226e+00   2.9668026e+00   2.9649506e+00   2.9634094e+00   2.9622967e+00   2.9617264e+00   2.9616759e+00   2.9621751e+00   2.9632094e+00   2.9646809e+00   2.9665306e+00   2.9687250e+00   2.9712820e+00   2.9742043e+00   2.9774246e+00   2.9808619e+00   2.9844217e+00   2.9879773e+00   2.9913921e+00   2.9944732e+00   2.9971092e+00   2.9992278e+00   3.0007896e+00   3.0017939e+00   3.0022495e+00   3.0022345e+00   3.0017688e+00   3.0009358e+00   2.9997623e+00   2.9983132e+00   2.9966662e+00   2.9948237e+00   2.9927776e+00   2.9905212e+00   2.9881427e+00   2.9856613e+00   2.9830601e+00   2.9803388e+00   2.9775326e+00   2.9746609e+00   2.9716942e+00   2.9686439e+00   2.9655178e+00   2.9623291e+00   2.9591286e+00   2.9559519e+00   2.9527996e+00   2.9496701e+00   2.9465513e+00   2.9434404e+00   2.9403570e+00   2.9373138e+00   2.9343283e+00   2.9313567e+00   2.9283850e+00
   2.7198591e+00   2.7178853e+00   2.7159202e+00   2.7139437e+00   2.7119446e+00   2.7099125e+00   2.7078657e+00   2.7058277e+00   2.7038138e+00   2.7018270e+00   2.6998689e+00   2.6979325e+00   2.6960135e+00   2.6941245e+00   2.6922829e+00   2.6905129e+00   2.6888230e+00   2.6872063e+00   2.6856709e+00   2.6841953e+00   2.6827681e+00   2.6813977e+00   2.6800931e+00   2.6788752e+00   2.6777151e+00   2.6765871e+00   2.6754858e+00   2.6743915e+00   2.6732509e+00   2.6720283e+00   2.6706927e+00   2.6692677e+00   2.6677239e+00   2.6660631e+00   2.6642787e+00   2.6623752e+00   2.6603677e+00   2.6582658e+00   2.6561372e+00   2.6540291e+00   2.6519248e+00   2.6497650e+00   2.6475458e+00   2.6453505e+00   2.6433265e+00   2.6415451e+00   2.6399901e+00   2.6385744e+00   2.6373174e+00   2.6363113e+00   2.6356287e+00   2.6352823e+00   2.6352329e+00   2.6354687e+00   2.6359873e+00   2.6367424e+00   2.6377382e+00   2.6389525e+00   2.6403873e+00   2.6420119e+00   2.6437693e+00   2.6455925e+00   2.6474011e+00   2.6491158e+00   2.6506612e+00   2.6519728e+00   2.6529753e+00   2.6536207e+00   2.6539109e+00   2.6538696e+00   2.6535261e+00   2.6529205e+00   2.6521170e+00   2.6511366e+00   2.6499965e+00   2.6487029e+00   2.6472712e+00   2.6457336e+00   2.6440976e+00   2.6423922e+00   2.6406157e+00   2.6387808e+00   2.6368749e+00   2.6348865e+00   2.6328485e+00   2.6307790e+00   2.6286747e+00   2.6265304e+00   2.6243536e+00   2.6221802e+00   2.6200047e+00   2.6178224e+00   2.6156399e+00   2.6134617e+00   2.6113212e+00   2.6092088e+00   2.6071396e+00   2.6050742e+00   2.6029832e+00   2.6008625e+00
   3.2055511e+00   3.2013502e+00   3.1971140e+00   3.1929252e+00   3.1887944e+00   3.1846850e+00   3.1805973e+00   3.1765556e+00   3.1725705e+00   3.1687107e+00   3.1648924e+00   3.1611519e+00   3.1575251e+00   3.1539690e+00   3.1505518e+00   3.1472845e+00   3.1441448e+00   3.1412060e+00   3.1384323e+00   3.1358356e+00   3.1334143e+00   3.1311102e+00   3.1289418e+00   3.1268921e+00   3.1249621e+00   3.1231177e+00   3.1213210e+00   3.1195533e+00   3.1177633e+00   3.1158342e+00   3.1137571e+00   3.1114492e+00   3.1088779e+00   3.1060457e+00   3.1029694e+00   3.0996726e+00   3.0961807e+00   3.0925303e+00   3.0888255e+00   3.0850973e+00   3.0813396e+00   3.0775440e+00   3.0737407e+00   3.0700543e+00   3.0666425e+00   3.0636141e+00   3.0609601e+00   3.0586090e+00   3.0566342e+00   3.0551498e+00   3.0542629e+00   3.0539982e+00   3.0543034e+00   3.0551834e+00   3.0565701e+00   3.0584309e+00   3.0606976e+00   3.0633605e+00   3.0663977e+00   3.0697613e+00   3.0733440e+00   3.0770581e+00   3.0807831e+00   3.0842993e+00   3.0874431e+00   3.0900669e+00   3.0921319e+00   3.0935538e+00   3.0943286e+00   3.0944803e+00   3.0940819e+00   3.0932319e+00   3.0920017e+00   3.0904026e+00   3.0884826e+00   3.0863085e+00   3.0839069e+00   3.0813444e+00   3.0785878e+00   3.0757110e+00   3.0727012e+00   3.0695851e+00   3.0663283e+00   3.0629332e+00   3.0594568e+00   3.0559027e+00   3.0522861e+00   3.0486109e+00   3.0449011e+00   3.0411634e+00   3.0374191e+00   3.0336990e+00   3.0299981e+00   3.0263176e+00   3.0226452e+00   3.0190499e+00   3.0155308e+00   3.0120437e+00   3.0085678e+00   3.0050838e+00
   2.7509110e+00   2.7486851e+00   2.7464421e+00   2.7442048e+00   2.7419703e+00   2.7397194e+00   2.7374761e+00   2.7352684e+00   2.7330830e+00   2.7309210e+00   2.7287586e+00   2.7266152e+00   2.7245281e+00   2.7224741e+00   2.7204950e+00   2.7185905e+00   2.7167759e+00   2.7150421e+00   2.7133939e+00   2.7118218e+00   2.7103293e+00   2.7088985e+00   2.7075431e+00   2.7062626e+00   2.7050285e+00   2.7038391e+00   2.7027013e+00   2.7015884e+00   2.7004578e+00   2.6992245e+00   2.6978672e+00   2.6963780e+00   2.6947448e+00   2.6929600e+00   2.6910353e+00   2.6889954e+00   2.6868494e+00   2.6846287e+00   2.6823814e+00   2.6801498e+00   2.6779106e+00   2.6756060e+00   2.6732223e+00   2.6708820e+00   2.6687326e+00   2.6668549e+00   2.6652195e+00   2.6637461e+00   2.6624591e+00   2.6614645e+00   2.6608009e+00   2.6604967e+00   2.6605120e+00   2.6608524e+00   2.6615241e+00   2.6624923e+00   2.6637211e+00   2.6651950e+00   2.6669071e+00   2.6688442e+00   2.6709375e+00   2.6731138e+00   2.6752746e+00   2.6773355e+00   2.6792088e+00   2.6808174e+00   2.6820886e+00   2.6829660e+00   2.6834469e+00   2.6835642e+00   2.6833680e+00   2.6828976e+00   2.6821716e+00   2.6812038e+00   2.6800258e+00   2.6786826e+00   2.6771879e+00   2.6755800e+00   2.6738622e+00   2.6720841e+00   2.6702316e+00   2.6682928e+00   2.6662657e+00   2.6641326e+00   2.6619253e+00   2.6596591e+00   2.6573820e+00   2.6550794e+00   2.6527410e+00   2.6503813e+00   2.6480293e+00   2.6456711e+00   2.6432965e+00   2.6409137e+00   2.6385660e+00   2.6362684e+00   2.6339998e+00   2.6317475e+00   2.6294901e+00   2.6272466e+00
   3.0041382e+00   3.0007305e+00   2.9973547e+00   2.9939938e+00   2.9906423e+00   2.9873126e+00   2.9840136e+00   2.9807816e+00   2.9776099e+00   2.9744759e+00   2.9713821e+00   2.9683464e+00   2.9654295e+00   2.9626286e+00   2.9599075e+00   2.9572814e+00   2.9547732e+00   2.9524066e+00   2.9502115e+00   2.9481575e+00   2.9462359e+00   2.9444034e+00   2.9426663e+00   2.9410489e+00   2.9395123e+00   2.9380226e+00   2.9365690e+00   2.9351435e+00   2.9337101e+00   2.9321630e+00   2.9304368e+00   2.9285097e+00   2.9263847e+00   2.9240525e+00   2.9215567e+00   2.9188585e+00   2.9160268e+00   2.9130876e+00   2.9100978e+00   2.9071152e+00   2.9041090e+00   2.9010394e+00   2.8979521e+00   2.8949797e+00   2.8922768e+00   2.8899391e+00   2.8878853e+00   2.8860686e+00   2.8845425e+00   2.8834534e+00   2.8828802e+00   2.8828411e+00   2.8833163e+00   2.8842595e+00   2.8856218e+00   2.8873513e+00   2.8894186e+00   2.8918192e+00   2.8945363e+00   2.8975313e+00   2.9007320e+00   2.9040420e+00   2.9072895e+00   2.9103444e+00   2.9130461e+00   2.9153411e+00   2.9171336e+00   2.9183941e+00   2.9191101e+00   2.9193265e+00   2.9191105e+00   2.9184933e+00   2.9175282e+00   2.9162738e+00   2.9147491e+00   2.9130113e+00   2.9111004e+00   2.9090345e+00   2.9068260e+00   2.9044678e+00   2.9020176e+00   2.8994648e+00   2.8968210e+00   2.8940868e+00   2.8912761e+00   2.8884041e+00   2.8854780e+00   2.8825207e+00   2.8795414e+00   2.8765566e+00   2.8735580e+00   2.8705809e+00   2.8676503e+00   2.8647649e+00   2.8618953e+00   2.8590736e+00   2.8563221e+00   2.8536084e+00   2.8509161e+00   2.8482039e+00
   2.7561467e+00   2.7540483e+00   2.7519233e+00   2.7497633e+00   2.7475865e+00   2.7454450e+00   2.7433136e+00   2.7411919e+00   2.7390831e+00   2.7369840e+00   2.7348964e+00   2.7328365e+00   2.7307961e+00   2.7288132e+00   2.7269096e+00   2.7250652e+00   2.7232742e+00   2.7215669e+00   2.7199421e+00   2.7183945e+00   2.7169168e+00   2.7155011e+00   2.7141666e+00   2.7128832e+00   2.7116444e+00   2.7104309e+00   2.7092555e+00   2.7080905e+00   2.7068970e+00   2.7056553e+00   2.7043133e+00   2.7028275e+00   2.7011807e+00   2.6994076e+00   2.6975155e+00   2.6955109e+00   2.6933863e+00   2.6911774e+00   2.6889479e+00   2.6867275e+00   2.6844742e+00   2.6821804e+00   2.6798489e+00   2.6775627e+00   2.6754138e+00   2.6734991e+00   2.6718190e+00   2.6702926e+00   2.6689274e+00   2.6678257e+00   2.6670730e+00   2.6666794e+00   2.6665907e+00   2.6668017e+00   2.6672976e+00   2.6680629e+00   2.6690772e+00   2.6703157e+00   2.6717808e+00   2.6734388e+00   2.6752453e+00   2.6771250e+00   2.6790087e+00   2.6808059e+00   2.6824086e+00   2.6837370e+00   2.6847394e+00   2.6853809e+00   2.6856575e+00   2.6855853e+00   2.6852093e+00   2.6845767e+00   2.6837044e+00   2.6826143e+00   2.6813362e+00   2.6799116e+00   2.6783638e+00   2.6766970e+00   2.6749325e+00   2.6730950e+00   2.6711757e+00   2.6691761e+00   2.6670761e+00   2.6649129e+00   2.6627080e+00   2.6604559e+00   2.6581612e+00   2.6558228e+00   2.6534660e+00   2.6510770e+00   2.6486800e+00   2.6462815e+00   2.6439025e+00   2.6415317e+00   2.6391695e+00   2.6368551e+00   2.6345620e+00   2.6322842e+00   2.6299956e+00   2.6277130e+00
   3.0246582e+00   3.0220768e+00   3.0194893e+00   3.0168693e+00   3.0142052e+00   3.0115278e+00   3.0088556e+00   3.0062206e+00   3.0036018e+00   3.0010326e+00   2.9984760e+00   2.9959450e+00   2.9934156e+00   2.9909155e+00   2.9885216e+00   2.9862659e+00   2.9841506e+00   2.9821539e+00   2.9802263e+00   2.9783659e+00   2.9765952e+00   2.9749196e+00   2.9733553e+00   2.9718742e+00   2.9704664e+00   2.9691133e+00   2.9677954e+00   2.9664676e+00   2.9650652e+00   2.9635761e+00   2.9619725e+00   2.9602420e+00   2.9583514e+00   2.9562500e+00   2.9539592e+00   2.9515254e+00   2.9489450e+00   2.9462688e+00   2.9435635e+00   2.9408791e+00   2.9381552e+00   2.9352925e+00   2.9323304e+00   2.9294834e+00   2.9268868e+00   2.9245985e+00   2.9225626e+00   2.9207723e+00   2.9192393e+00   2.9180429e+00   2.9172485e+00   2.9168656e+00   2.9168923e+00   2.9173114e+00   2.9181528e+00   2.9193747e+00   2.9209528e+00   2.9228394e+00   2.9250000e+00   2.9273975e+00   2.9299977e+00   2.9327431e+00   2.9355247e+00   2.9382293e+00   2.9407051e+00   2.9428456e+00   2.9445932e+00   2.9458606e+00   2.9466813e+00   2.9470608e+00   2.9470837e+00   2.9467928e+00   2.9462268e+00   2.9453735e+00   2.9442604e+00   2.9429195e+00   2.9413776e+00   2.9397075e+00   2.9379342e+00   2.9360781e+00   2.9341156e+00   2.9320323e+00   2.9298255e+00   2.9275081e+00   2.9251108e+00   2.9227133e+00   2.9203148e+00   2.9178627e+00   2.9153726e+00   2.9128420e+00   2.9102948e+00   2.9077351e+00   2.9051831e+00   2.9026964e+00   2.9002626e+00   2.8978651e+00   2.8954725e+00   2.8930597e+00   2.8906262e+00   2.8881695e+00
   2.9556692e+00   2.9532421e+00   2.9507577e+00   2.9482791e+00   2.9458122e+00   2.9433396e+00   2.9408486e+00   2.9383271e+00   2.9357865e+00   2.9332726e+00   2.9307711e+00   2.9283111e+00   2.9259062e+00   2.9235427e+00   2.9212358e+00   2.9189780e+00   2.9167712e+00   2.9146550e+00   2.9126282e+00   2.9107287e+00   2.9089253e+00   2.9072094e+00   2.9055707e+00   2.9039981e+00   2.9024379e+00   2.9009159e+00   2.8994191e+00   2.8979776e+00   2.8965461e+00   2.8950541e+00   2.8934062e+00   2.8915939e+00   2.8895979e+00   2.8874521e+00   2.8851650e+00   2.8827589e+00   2.8802259e+00   2.8776023e+00   2.8749397e+00   2.8722827e+00   2.8696082e+00   2.8668859e+00   2.8641274e+00   2.8614504e+00   2.8589962e+00   2.8567998e+00   2.8548279e+00   2.8530271e+00   2.8514464e+00   2.8501480e+00   2.8492196e+00   2.8486917e+00   2.8485706e+00   2.8488224e+00   2.8494155e+00   2.8502939e+00   2.8514340e+00   2.8527849e+00   2.8543634e+00   2.8561885e+00   2.8582160e+00   2.8603532e+00   2.8624783e+00   2.8644936e+00   2.8663032e+00   2.8678310e+00   2.8689682e+00   2.8697298e+00   2.8700979e+00   2.8700838e+00   2.8697500e+00   2.8691082e+00   2.8681633e+00   2.8669488e+00   2.8655412e+00   2.8640153e+00   2.8623354e+00   2.8605254e+00   2.8585870e+00   2.8565485e+00   2.8543956e+00   2.8521430e+00   2.8498249e+00   2.8474424e+00   2.8450181e+00   2.8425331e+00   2.8399899e+00   2.8373728e+00   2.8346996e+00   2.8319843e+00   2.8292639e+00   2.8265553e+00   2.8238688e+00   2.8212261e+00   2.8185971e+00   2.8159630e+00   2.8133316e+00   2.8107071e+00   2.8081264e+00   2.8055437e+00
   2.7849512e+00   2.7827790e+00   2.7805901e+00   2.7783794e+00   2.7761707e+00   2.7739630e+00   2.7717640e+00   2.7696040e+00   2.7674706e+00   2.7653637e+00   2.7632818e+00   2.7612293e+00   2.7592068e+00   2.7572343e+00   2.7553215e+00   2.7535031e+00   2.7517631e+00   2.7501171e+00   2.7485626e+00   2.7471144e+00   2.7457573e+00   2.7444971e+00   2.7433293e+00   2.7422202e+00   2.7411537e+00   2.7401218e+00   2.7391300e+00   2.7381489e+00   2.7371323e+00   2.7360346e+00   2.7347991e+00   2.7334168e+00   2.7318718e+00   2.7301559e+00   2.7282631e+00   2.7262118e+00   2.7240257e+00   2.7217653e+00   2.7194607e+00   2.7171657e+00   2.7148793e+00   2.7125475e+00   2.7101460e+00   2.7077715e+00   2.7055957e+00   2.7037194e+00   2.7020881e+00   2.7006569e+00   2.6994228e+00   2.6985118e+00   2.6979895e+00   2.6978712e+00   2.6981487e+00   2.6987927e+00   2.6997833e+00   2.7010860e+00   2.7026730e+00   2.7045367e+00   2.7066383e+00   2.7089660e+00   2.7114856e+00   2.7141178e+00   2.7167475e+00   2.7192557e+00   2.7215283e+00   2.7234819e+00   2.7250297e+00   2.7261229e+00   2.7267838e+00   2.7270324e+00   2.7269113e+00   2.7264473e+00   2.7256963e+00   2.7246943e+00   2.7234681e+00   2.7220352e+00   2.7204363e+00   2.7187088e+00   2.7168624e+00   2.7149284e+00   2.7129033e+00   2.7107689e+00   2.7085254e+00   2.7061970e+00   2.7038059e+00   2.7013474e+00   2.6988423e+00   2.6962969e+00   2.6937141e+00   2.6911030e+00   2.6884718e+00   2.6858394e+00   2.6832144e+00   2.6806204e+00   2.6780636e+00   2.6755311e+00   2.6730421e+00   2.6705601e+00   2.6680729e+00   2.6655855e+00
   2.8272793e+00   2.8248158e+00   2.8223476e+00   2.8198578e+00   2.8173835e+00   2.8149331e+00   2.8125207e+00   2.8101285e+00   2.8077431e+00   2.8053751e+00   2.8030236e+00   2.8006895e+00   2.7984097e+00   2.7961876e+00   2.7940629e+00   2.7920172e+00   2.7900889e+00   2.7882378e+00   2.7864749e+00   2.7847784e+00   2.7831841e+00   2.7816885e+00   2.7802842e+00   2.7789247e+00   2.7776234e+00   2.7763548e+00   2.7751400e+00   2.7739346e+00   2.7727101e+00   2.7714083e+00   2.7699997e+00   2.7684348e+00   2.7667177e+00   2.7648294e+00   2.7627895e+00   2.7606106e+00   2.7583339e+00   2.7559843e+00   2.7536249e+00   2.7512410e+00   2.7488594e+00   2.7464135e+00   2.7438984e+00   2.7414258e+00   2.7391472e+00   2.7371740e+00   2.7354634e+00   2.7339346e+00   2.7326005e+00   2.7315607e+00   2.7309010e+00   2.7306173e+00   2.7307205e+00   2.7311800e+00   2.7319634e+00   2.7330310e+00   2.7343585e+00   2.7359524e+00   2.7377799e+00   2.7398272e+00   2.7420504e+00   2.7443495e+00   2.7466638e+00   2.7488768e+00   2.7508757e+00   2.7525394e+00   2.7538230e+00   2.7547214e+00   2.7552357e+00   2.7553804e+00   2.7551632e+00   2.7546337e+00   2.7538459e+00   2.7528279e+00   2.7516043e+00   2.7502019e+00   2.7486601e+00   2.7469966e+00   2.7452278e+00   2.7433975e+00   2.7414684e+00   2.7394304e+00   2.7372816e+00   2.7350786e+00   2.7328284e+00   2.7305110e+00   2.7281322e+00   2.7257097e+00   2.7232773e+00   2.7208240e+00   2.7183707e+00   2.7159145e+00   2.7134621e+00   2.7110293e+00   2.7086051e+00   2.7061951e+00   2.7037976e+00   2.7014515e+00   2.6991332e+00   2.6968086e+00
   3.0597827e+00   3.0565059e+00   3.0531919e+00   3.0498979e+00   3.0466156e+00   3.0433433e+00   3.0400887e+00   3.0368779e+00   3.0336831e+00   3.0305331e+00   3.0273983e+00   3.0243397e+00   3.0213878e+00   3.0185044e+00   3.0157242e+00   3.0130320e+00   3.0104637e+00   3.0080340e+00   3.0057192e+00   3.0035381e+00   3.0015144e+00   2.9996326e+00   2.9978683e+00   2.9962075e+00   2.9946251e+00   2.9930952e+00   2.9916136e+00   2.9901457e+00   2.9886806e+00   2.9871607e+00   2.9854858e+00   2.9836190e+00   2.9815056e+00   2.9791679e+00   2.9765923e+00   2.9738007e+00   2.9708235e+00   2.9677439e+00   2.9645898e+00   2.9614248e+00   2.9582369e+00   2.9549873e+00   2.9516819e+00   2.9484794e+00   2.9455693e+00   2.9429855e+00   2.9407108e+00   2.9386902e+00   2.9369686e+00   2.9356604e+00   2.9348602e+00   2.9345982e+00   2.9348953e+00   2.9357140e+00   2.9370239e+00   2.9387901e+00   2.9409151e+00   2.9433880e+00   2.9461949e+00   2.9493294e+00   2.9527309e+00   2.9562864e+00   2.9598839e+00   2.9633553e+00   2.9665375e+00   2.9692600e+00   2.9714301e+00   2.9729927e+00   2.9739420e+00   2.9743261e+00   2.9742146e+00   2.9736779e+00   2.9727466e+00   2.9714525e+00   2.9698467e+00   2.9679897e+00   2.9659100e+00   2.9636450e+00   2.9611809e+00   2.9585836e+00   2.9558666e+00   2.9530494e+00   2.9500973e+00   2.9469910e+00   2.9438159e+00   2.9405577e+00   2.9372652e+00   2.9339275e+00   2.9305360e+00   2.9271004e+00   2.9236307e+00   2.9201748e+00   2.9167182e+00   2.9132881e+00   2.9099123e+00   2.9065983e+00   2.9033439e+00   2.9001029e+00   2.8968410e+00   2.8935795e+00
   3.0074894e+00   3.0046377e+00   3.0017674e+00   2.9988911e+00   2.9960182e+00   2.9931774e+00   2.9903729e+00   2.9876029e+00   2.9848349e+00   2.9820948e+00   2.9794073e+00   2.9767749e+00   2.9741814e+00   2.9716711e+00   2.9692671e+00   2.9669495e+00   2.9647262e+00   2.9625876e+00   2.9605887e+00   2.9587231e+00   2.9569733e+00   2.9553401e+00   2.9538174e+00   2.9523523e+00   2.9509468e+00   2.9495671e+00   2.9482572e+00   2.9469693e+00   2.9456577e+00   2.9442375e+00   2.9426672e+00   2.9409142e+00   2.9389668e+00   2.9367878e+00   2.9343805e+00   2.9317894e+00   2.9290476e+00   2.9262295e+00   2.9233494e+00   2.9204681e+00   2.9175761e+00   2.9146411e+00   2.9116561e+00   2.9087496e+00   2.9060719e+00   2.9037316e+00   2.9016705e+00   2.8998365e+00   2.8982718e+00   2.8970852e+00   2.8963728e+00   2.8961725e+00   2.8964443e+00   2.8971794e+00   2.8983278e+00   2.8998439e+00   2.9016950e+00   2.9038696e+00   2.9063556e+00   2.9091189e+00   2.9121087e+00   2.9152133e+00   2.9183061e+00   2.9212449e+00   2.9239159e+00   2.9262106e+00   2.9280236e+00   2.9292953e+00   2.9300098e+00   2.9302254e+00   2.9300096e+00   2.9294026e+00   2.9284456e+00   2.9271832e+00   2.9256487e+00   2.9238958e+00   2.9219344e+00   2.9198172e+00   2.9175568e+00   2.9151890e+00   2.9127042e+00   2.9100933e+00   2.9073689e+00   2.9045475e+00   2.9016330e+00   2.8986444e+00   2.8955946e+00   2.8924971e+00   2.8893669e+00   2.8862088e+00   2.8830283e+00   2.8798389e+00   2.8766644e+00   2.8735199e+00   2.8704221e+00   2.8673630e+00   2.8643465e+00   2.8613369e+00   2.8583391e+00   2.8553536e+00
   2.6812394e+00   2.6792514e+00   2.6772585e+00   2.6752427e+00   2.6732099e+00   2.6711969e+00   2.6692104e+00   2.6672392e+00   2.6652730e+00   2.6633070e+00   2.6613598e+00   2.6594474e+00   2.6575687e+00   2.6557477e+00   2.6539981e+00   2.6523125e+00   2.6506941e+00   2.6491511e+00   2.6476905e+00   2.6462989e+00   2.6449916e+00   2.6437683e+00   2.6425998e+00   2.6414831e+00   2.6403975e+00   2.6393478e+00   2.6383255e+00   2.6373065e+00   2.6362491e+00   2.6351089e+00   2.6338673e+00   2.6325033e+00   2.6310165e+00   2.6294105e+00   2.6277072e+00   2.6259060e+00   2.6240067e+00   2.6220512e+00   2.6201022e+00   2.6181748e+00   2.6162336e+00   2.6142118e+00   2.6121094e+00   2.6100628e+00   2.6082270e+00   2.6066802e+00   2.6053426e+00   2.6041234e+00   2.6030662e+00   2.6022770e+00   2.6018136e+00   2.6016591e+00   2.6018016e+00   2.6022489e+00   2.6029778e+00   2.6039371e+00   2.6051381e+00   2.6065629e+00   2.6081965e+00   2.6099904e+00   2.6119182e+00   2.6139348e+00   2.6159174e+00   2.6177995e+00   2.6194854e+00   2.6209011e+00   2.6220064e+00   2.6227646e+00   2.6231871e+00   2.6232843e+00   2.6230843e+00   2.6226401e+00   2.6219893e+00   2.6211674e+00   2.6201866e+00   2.6190491e+00   2.6177943e+00   2.6164320e+00   2.6150053e+00   2.6134977e+00   2.6119173e+00   2.6102703e+00   2.6085463e+00   2.6067781e+00   2.6049497e+00   2.6030655e+00   2.6011498e+00   2.5992396e+00   2.5973406e+00   2.5954196e+00   2.5934761e+00   2.5915306e+00   2.5896235e+00   2.5877309e+00   2.5858562e+00   2.5840046e+00   2.5822001e+00   2.5804052e+00   2.5785601e+00   2.5767071e+00
   2.7755585e+00   2.7733634e+00   2.7711666e+00   2.7689695e+00   2.7667685e+00   2.7645721e+00   2.7623749e+00   2.7602072e+00   2.7580354e+00   2.7558887e+00   2.7537634e+00   2.7516737e+00   2.7496502e+00   2.7476723e+00   2.7457609e+00   2.7439041e+00   2.7421372e+00   2.7404587e+00   2.7388618e+00   2.7373426e+00   2.7359264e+00   2.7346087e+00   2.7333660e+00   2.7321618e+00   2.7310016e+00   2.7298710e+00   2.7287729e+00   2.7277057e+00   2.7266226e+00   2.7254734e+00   2.7241886e+00   2.7227442e+00   2.7211301e+00   2.7193825e+00   2.7174971e+00   2.7154896e+00   2.7133691e+00   2.7111835e+00   2.7089760e+00   2.7067773e+00   2.7045405e+00   2.7022507e+00   2.6999085e+00   2.6976349e+00   2.6955602e+00   2.6937521e+00   2.6921895e+00   2.6907902e+00   2.6895666e+00   2.6886427e+00   2.6880856e+00   2.6879082e+00   2.6880844e+00   2.6886075e+00   2.6894519e+00   2.6905670e+00   2.6919048e+00   2.6934865e+00   2.6953113e+00   2.6973598e+00   2.6995685e+00   2.7018521e+00   2.7041228e+00   2.7062664e+00   2.7081821e+00   2.7097824e+00   2.7110214e+00   2.7118740e+00   2.7123184e+00   2.7124062e+00   2.7121706e+00   2.7116401e+00   2.7108536e+00   2.7098286e+00   2.7086241e+00   2.7072542e+00   2.7057440e+00   2.7041187e+00   2.7023699e+00   2.7005394e+00   2.6986363e+00   2.6966593e+00   2.6945808e+00   2.6924164e+00   2.6902010e+00   2.6879520e+00   2.6856730e+00   2.6833448e+00   2.6809747e+00   2.6785707e+00   2.6761940e+00   2.6738460e+00   2.6714976e+00   2.6691434e+00   2.6668203e+00   2.6645482e+00   2.6622918e+00   2.6600378e+00   2.6577978e+00   2.6555555e+00
   2.8106167e+00   2.8082802e+00   2.8059371e+00   2.8036253e+00   2.8013089e+00   2.7989619e+00   2.7966175e+00   2.7942612e+00   2.7919323e+00   2.7896488e+00   2.7874000e+00   2.7851963e+00   2.7830105e+00   2.7808321e+00   2.7787144e+00   2.7766454e+00   2.7746603e+00   2.7727549e+00   2.7709744e+00   2.7693045e+00   2.7677138e+00   2.7661772e+00   2.7647104e+00   2.7633152e+00   2.7619870e+00   2.7607136e+00   2.7594852e+00   2.7582977e+00   2.7570789e+00   2.7557964e+00   2.7543900e+00   2.7528269e+00   2.7511005e+00   2.7492416e+00   2.7472408e+00   2.7451115e+00   2.7428446e+00   2.7404730e+00   2.7380466e+00   2.7356074e+00   2.7331791e+00   2.7307384e+00   2.7282646e+00   2.7258217e+00   2.7235394e+00   2.7215061e+00   2.7197039e+00   2.7180595e+00   2.7166040e+00   2.7154453e+00   2.7146225e+00   2.7141669e+00   2.7140989e+00   2.7143972e+00   2.7150204e+00   2.7159131e+00   2.7170446e+00   2.7184417e+00   2.7200813e+00   2.7219784e+00   2.7240820e+00   2.7262774e+00   2.7284706e+00   2.7305615e+00   2.7324762e+00   2.7341292e+00   2.7354500e+00   2.7363777e+00   2.7368946e+00   2.7370090e+00   2.7367475e+00   2.7361691e+00   2.7353046e+00   2.7341845e+00   2.7328644e+00   2.7313731e+00   2.7297611e+00   2.7280176e+00   2.7261391e+00   2.7241423e+00   2.7220421e+00   2.7198429e+00   2.7175543e+00   2.7151690e+00   2.7127218e+00   2.7102277e+00   2.7076695e+00   2.7050717e+00   2.7024305e+00   2.6997738e+00   2.6970825e+00   2.6943777e+00   2.6916809e+00   2.6889775e+00   2.6862717e+00   2.6836040e+00   2.6810048e+00   2.6784375e+00   2.6758842e+00   2.6733217e+00
   2.7255280e+00   2.7235553e+00   2.7215633e+00   2.7195845e+00   2.7175896e+00   2.7156038e+00   2.7136357e+00   2.7116897e+00   2.7097433e+00   2.7078056e+00   2.7058706e+00   2.7039604e+00   2.7020826e+00   2.7002602e+00   2.6984901e+00   2.6967773e+00   2.6951387e+00   2.6936028e+00   2.6921551e+00   2.6907804e+00   2.6894720e+00   2.6882460e+00   2.6871002e+00   2.6860130e+00   2.6849573e+00   2.6839476e+00   2.6829650e+00   2.6819885e+00   2.6809845e+00   2.6798995e+00   2.6786919e+00   2.6773694e+00   2.6758859e+00   2.6742599e+00   2.6724796e+00   2.6705611e+00   2.6685498e+00   2.6664689e+00   2.6643620e+00   2.6622639e+00   2.6601708e+00   2.6580384e+00   2.6558406e+00   2.6536636e+00   2.6516714e+00   2.6499650e+00   2.6484864e+00   2.6471577e+00   2.6459968e+00   2.6451187e+00   2.6445837e+00   2.6444075e+00   2.6445744e+00   2.6450768e+00   2.6458707e+00   2.6469293e+00   2.6482174e+00   2.6497622e+00   2.6515243e+00   2.6534731e+00   2.6555741e+00   2.6577747e+00   2.6599743e+00   2.6620719e+00   2.6639721e+00   2.6655958e+00   2.6668770e+00   2.6677675e+00   2.6682682e+00   2.6683929e+00   2.6681805e+00   2.6676733e+00   2.6669378e+00   2.6660128e+00   2.6648977e+00   2.6636138e+00   2.6621821e+00   2.6606405e+00   2.6589904e+00   2.6572449e+00   2.6554515e+00   2.6535785e+00   2.6515992e+00   2.6495252e+00   2.6473868e+00   2.6452003e+00   2.6429751e+00   2.6407197e+00   2.6384428e+00   2.6361506e+00   2.6338336e+00   2.6314960e+00   2.6291516e+00   2.6268237e+00   2.6245344e+00   2.6222789e+00   2.6200790e+00   2.6178997e+00   2.6156824e+00   2.6134441e+00
   2.6993330e+00   2.6969395e+00   2.6945355e+00   2.6921537e+00   2.6897762e+00   2.6874056e+00   2.6850407e+00   2.6826868e+00   2.6803305e+00   2.6779816e+00   2.6756413e+00   2.6733294e+00   2.6710539e+00   2.6688349e+00   2.6666651e+00   2.6645505e+00   2.6624744e+00   2.6604669e+00   2.6585529e+00   2.6567113e+00   2.6549628e+00   2.6532762e+00   2.6516521e+00   2.6500826e+00   2.6485362e+00   2.6470311e+00   2.6455905e+00   2.6441858e+00   2.6427872e+00   2.6413200e+00   2.6397479e+00   2.6380584e+00   2.6362524e+00   2.6343327e+00   2.6323082e+00   2.6301854e+00   2.6279767e+00   2.6257215e+00   2.6234365e+00   2.6211479e+00   2.6188381e+00   2.6164796e+00   2.6140575e+00   2.6116586e+00   2.6094351e+00   2.6074505e+00   2.6056569e+00   2.6039855e+00   2.6024468e+00   2.6011384e+00   2.6001179e+00   2.5994024e+00   2.5989897e+00   2.5988655e+00   2.5990067e+00   2.5993764e+00   2.5999441e+00   2.6007206e+00   2.6016886e+00   2.6028557e+00   2.6041925e+00   2.6056201e+00   2.6070623e+00   2.6084175e+00   2.6096191e+00   2.6105976e+00   2.6113155e+00   2.6117313e+00   2.6118350e+00   2.6116276e+00   2.6111505e+00   2.6104357e+00   2.6094944e+00   2.6083438e+00   2.6070333e+00   2.6055806e+00   2.6040306e+00   2.6023996e+00   2.6006861e+00   2.5988932e+00   2.5970194e+00   2.5950909e+00   2.5930727e+00   2.5909700e+00   2.5888088e+00   2.5866385e+00   2.5844402e+00   2.5821886e+00   2.5798965e+00   2.5775917e+00   2.5752840e+00   2.5729780e+00   2.5706739e+00   2.5683794e+00   2.5660968e+00   2.5638406e+00   2.5615966e+00   2.5593445e+00   2.5571101e+00   2.5548804e+00
   2.8487599e+00   2.8461237e+00   2.8434899e+00   2.8408649e+00   2.8382578e+00   2.8356469e+00   2.8330472e+00   2.8304703e+00   2.8279150e+00   2.8253803e+00   2.8228705e+00   2.8204031e+00   2.8180134e+00   2.8156903e+00   2.8134310e+00   2.8112347e+00   2.8091476e+00   2.8071740e+00   2.8052940e+00   2.8035297e+00   2.8018482e+00   2.8002815e+00   2.7987797e+00   2.7973473e+00   2.7959843e+00   2.7946675e+00   2.7933598e+00   2.7920554e+00   2.7907131e+00   2.7892869e+00   2.7877080e+00   2.7859762e+00   2.7840955e+00   2.7820661e+00   2.7798736e+00   2.7775524e+00   2.7751207e+00   2.7726409e+00   2.7701464e+00   2.7676687e+00   2.7651379e+00   2.7625129e+00   2.7598569e+00   2.7573223e+00   2.7550476e+00   2.7530625e+00   2.7512996e+00   2.7497280e+00   2.7483861e+00   2.7473691e+00   2.7467520e+00   2.7465372e+00   2.7467282e+00   2.7473080e+00   2.7482278e+00   2.7494354e+00   2.7509310e+00   2.7527072e+00   2.7547548e+00   2.7570534e+00   2.7595234e+00   2.7620621e+00   2.7645485e+00   2.7669108e+00   2.7690289e+00   2.7707949e+00   2.7721479e+00   2.7730801e+00   2.7735932e+00   2.7736962e+00   2.7734470e+00   2.7729053e+00   2.7720995e+00   2.7710602e+00   2.7697983e+00   2.7683771e+00   2.7668021e+00   2.7651112e+00   2.7633121e+00   2.7614384e+00   2.7594957e+00   2.7574615e+00   2.7553213e+00   2.7530823e+00   2.7507999e+00   2.7484972e+00   2.7461579e+00   2.7437868e+00   2.7413766e+00   2.7389710e+00   2.7365816e+00   2.7341850e+00   2.7317932e+00   2.7294104e+00   2.7271001e+00   2.7248240e+00   2.7225683e+00   2.7203124e+00   2.7180722e+00   2.7158530e+00
   2.9231024e+00   2.9202855e+00   2.9174595e+00   2.9146578e+00   2.9118617e+00   2.9090679e+00   2.9062815e+00   2.9035006e+00   2.9007311e+00   2.8979607e+00   2.8952234e+00   2.8925488e+00   2.8899562e+00   2.8874388e+00   2.8849812e+00   2.8825691e+00   2.8802083e+00   2.8779418e+00   2.8757904e+00   2.8737681e+00   2.8718834e+00   2.8700988e+00   2.8684061e+00   2.8667591e+00   2.8651392e+00   2.8635786e+00   2.8620491e+00   2.8605621e+00   2.8590767e+00   2.8575125e+00   2.8557980e+00   2.8538866e+00   2.8517838e+00   2.8495483e+00   2.8471763e+00   2.8446646e+00   2.8420222e+00   2.8392956e+00   2.8365202e+00   2.8337052e+00   2.8308678e+00   2.8279946e+00   2.8251619e+00   2.8224137e+00   2.8198893e+00   2.8176394e+00   2.8156195e+00   2.8137743e+00   2.8121347e+00   2.8108389e+00   2.8099787e+00   2.8095436e+00   2.8095150e+00   2.8098872e+00   2.8105996e+00   2.8116329e+00   2.8129349e+00   2.8145516e+00   2.8164577e+00   2.8186169e+00   2.8209848e+00   2.8234501e+00   2.8258772e+00   2.8281429e+00   2.8301678e+00   2.8318832e+00   2.8332169e+00   2.8341038e+00   2.8345687e+00   2.8345909e+00   2.8342154e+00   2.8335037e+00   2.8325174e+00   2.8312905e+00   2.8298445e+00   2.8282502e+00   2.8265209e+00   2.8246212e+00   2.8225620e+00   2.8203728e+00   2.8181257e+00   2.8158062e+00   2.8134263e+00   2.8109901e+00   2.8084733e+00   2.8058550e+00   2.8031464e+00   2.8003924e+00   2.7976434e+00   2.7949154e+00   2.7921946e+00   2.7894716e+00   2.7867167e+00   2.7839603e+00   2.7812092e+00   2.7785072e+00   2.7758930e+00   2.7733448e+00   2.7708139e+00   2.7682257e+00
   2.8511193e+00   2.8489380e+00   2.8467319e+00   2.8445327e+00   2.8423297e+00   2.8401365e+00   2.8379505e+00   2.8357651e+00   2.8336096e+00   2.8314667e+00   2.8293374e+00   2.8272369e+00   2.8251848e+00   2.8231952e+00   2.8212626e+00   2.8193791e+00   2.8175952e+00   2.8158944e+00   2.8142931e+00   2.8127754e+00   2.8113515e+00   2.8100150e+00   2.8087504e+00   2.8075266e+00   2.8063343e+00   2.8051846e+00   2.8040733e+00   2.8029890e+00   2.8018973e+00   2.8007209e+00   2.7994092e+00   2.7979527e+00   2.7963610e+00   2.7946329e+00   2.7927608e+00   2.7907584e+00   2.7886715e+00   2.7865355e+00   2.7843952e+00   2.7822387e+00   2.7800579e+00   2.7777698e+00   2.7754095e+00   2.7731140e+00   2.7710488e+00   2.7692726e+00   2.7677057e+00   2.7662756e+00   2.7650368e+00   2.7640941e+00   2.7635250e+00   2.7633162e+00   2.7634544e+00   2.7639503e+00   2.7647254e+00   2.7657578e+00   2.7670288e+00   2.7685452e+00   2.7703180e+00   2.7723024e+00   2.7744372e+00   2.7766511e+00   2.7788475e+00   2.7809410e+00   2.7828350e+00   2.7844677e+00   2.7857609e+00   2.7866752e+00   2.7872131e+00   2.7874153e+00   2.7873337e+00   2.7869542e+00   2.7863121e+00   2.7854588e+00   2.7844341e+00   2.7832680e+00   2.7819614e+00   2.7805545e+00   2.7790546e+00   2.7774899e+00   2.7758214e+00   2.7740605e+00   2.7722356e+00   2.7703326e+00   2.7683990e+00   2.7663882e+00   2.7643490e+00   2.7622645e+00   2.7601569e+00   2.7580268e+00   2.7558744e+00   2.7537348e+00   2.7516010e+00   2.7495043e+00   2.7474377e+00   2.7453966e+00   2.7433813e+00   2.7413607e+00   2.7393429e+00   2.7373154e+00
   2.7938020e+00   2.7913465e+00   2.7888412e+00   2.7863142e+00   2.7837632e+00   2.7812204e+00   2.7786942e+00   2.7761800e+00   2.7736833e+00   2.7712033e+00   2.7687237e+00   2.7662709e+00   2.7638395e+00   2.7614720e+00   2.7591724e+00   2.7569284e+00   2.7547503e+00   2.7526653e+00   2.7506781e+00   2.7487862e+00   2.7469695e+00   2.7452195e+00   2.7435598e+00   2.7419851e+00   2.7404773e+00   2.7389882e+00   2.7375076e+00   2.7360313e+00   2.7345543e+00   2.7330139e+00   2.7313664e+00   2.7296016e+00   2.7276800e+00   2.7256162e+00   2.7233942e+00   2.7210433e+00   2.7186024e+00   2.7160923e+00   2.7135620e+00   2.7110360e+00   2.7085259e+00   2.7059717e+00   2.7033472e+00   2.7007656e+00   2.6983690e+00   2.6962717e+00   2.6943951e+00   2.6926892e+00   2.6911640e+00   2.6898966e+00   2.6889725e+00   2.6883919e+00   2.6881504e+00   2.6882527e+00   2.6886675e+00   2.6893542e+00   2.6902809e+00   2.6914508e+00   2.6928513e+00   2.6944501e+00   2.6961949e+00   2.6980293e+00   2.6998880e+00   2.7016690e+00   2.7032795e+00   2.7046096e+00   2.7055876e+00   2.7061577e+00   2.7063713e+00   2.7062442e+00   2.7058077e+00   2.7051017e+00   2.7041695e+00   2.7030258e+00   2.7016828e+00   2.7001517e+00   2.6984780e+00   2.6967056e+00   2.6948345e+00   2.6928988e+00   2.6908758e+00   2.6887777e+00   2.6865532e+00   2.6842482e+00   2.6818800e+00   2.6794674e+00   2.6770170e+00   2.6745272e+00   2.6720142e+00   2.6694736e+00   2.6669188e+00   2.6643388e+00   2.6617653e+00   2.6592047e+00   2.6566646e+00   2.6541686e+00   2.6517019e+00   2.6492519e+00   2.6467791e+00   2.6442926e+00
   3.0820692e+00   3.0790884e+00   3.0761197e+00   3.0731325e+00   3.0701094e+00   3.0670836e+00   3.0640566e+00   3.0610669e+00   3.0580833e+00   3.0551414e+00   3.0522306e+00   3.0493557e+00   3.0465164e+00   3.0437107e+00   3.0409725e+00   3.0383060e+00   3.0357654e+00   3.0333669e+00   3.0311029e+00   3.0289402e+00   3.0268886e+00   3.0249245e+00   3.0230656e+00   3.0212612e+00   3.0195405e+00   3.0178831e+00   3.0163002e+00   3.0147355e+00   3.0131257e+00   3.0114028e+00   3.0095360e+00   3.0074832e+00   3.0052719e+00   3.0028584e+00   3.0002577e+00   2.9974740e+00   2.9945247e+00   2.9914849e+00   2.9883947e+00   2.9852972e+00   2.9821999e+00   2.9790659e+00   2.9759121e+00   2.9728324e+00   2.9699805e+00   2.9674499e+00   2.9651859e+00   2.9631484e+00   2.9613800e+00   2.9599926e+00   2.9590642e+00   2.9586375e+00   2.9586926e+00   2.9591720e+00   2.9599905e+00   2.9611168e+00   2.9625695e+00   2.9643571e+00   2.9664338e+00   2.9687679e+00   2.9713123e+00   2.9739625e+00   2.9765589e+00   2.9789798e+00   2.9811265e+00   2.9829180e+00   2.9842644e+00   2.9851367e+00   2.9855509e+00   2.9854984e+00   2.9850273e+00   2.9842083e+00   2.9831140e+00   2.9817553e+00   2.9801729e+00   2.9783785e+00   2.9764214e+00   2.9743388e+00   2.9721019e+00   2.9697659e+00   2.9673030e+00   2.9647598e+00   2.9621546e+00   2.9594767e+00   2.9567401e+00   2.9538996e+00   2.9510002e+00   2.9480600e+00   2.9450924e+00   2.9421098e+00   2.9391129e+00   2.9361522e+00   2.9332092e+00   2.9302902e+00   2.9273872e+00   2.9245183e+00   2.9217167e+00   2.9189024e+00   2.9160826e+00   2.9132469e+00
   2.9288056e+00   2.9259281e+00   2.9230547e+00   2.9202032e+00   2.9173467e+00   2.9144886e+00   2.9116459e+00   2.9088354e+00   2.9060538e+00   2.9033144e+00   2.9005747e+00   2.8978872e+00   2.8952541e+00   2.8927059e+00   2.8902121e+00   2.8878014e+00   2.8854935e+00   2.8832779e+00   2.8811553e+00   2.8791466e+00   2.8772371e+00   2.8754113e+00   2.8736823e+00   2.8720233e+00   2.8704274e+00   2.8688736e+00   2.8673515e+00   2.8658383e+00   2.8642848e+00   2.8626463e+00   2.8608882e+00   2.8589888e+00   2.8569462e+00   2.8547561e+00   2.8524084e+00   2.8499229e+00   2.8473299e+00   2.8446820e+00   2.8419971e+00   2.8393049e+00   2.8366146e+00   2.8338678e+00   2.8310745e+00   2.8283174e+00   2.8257740e+00   2.8235302e+00   2.8215444e+00   2.8197424e+00   2.8181601e+00   2.8168895e+00   2.8160026e+00   2.8155155e+00   2.8154221e+00   2.8156879e+00   2.8162997e+00   2.8172028e+00   2.8183906e+00   2.8198597e+00   2.8215945e+00   2.8235760e+00   2.8257368e+00   2.8279915e+00   2.8302052e+00   2.8322973e+00   2.8341570e+00   2.8356941e+00   2.8368294e+00   2.8375232e+00   2.8378222e+00   2.8377450e+00   2.8373201e+00   2.8365905e+00   2.8355844e+00   2.8343432e+00   2.8329046e+00   2.8313103e+00   2.8295841e+00   2.8277199e+00   2.8257523e+00   2.8236949e+00   2.8215568e+00   2.8193331e+00   2.8170226e+00   2.8146572e+00   2.8122303e+00   2.8097394e+00   2.8072155e+00   2.8046646e+00   2.8021109e+00   2.7995427e+00   2.7969792e+00   2.7944305e+00   2.7918937e+00   2.7893903e+00   2.7869298e+00   2.7845089e+00   2.7820990e+00   2.7796974e+00   2.7773063e+00   2.7749484e+00
   2.7584400e+00   2.7562330e+00   2.7539635e+00   2.7516663e+00   2.7493780e+00   2.7471220e+00   2.7448905e+00   2.7426682e+00   2.7404492e+00   2.7382214e+00   2.7359879e+00   2.7337601e+00   2.7315903e+00   2.7294979e+00   2.7274725e+00   2.7255208e+00   2.7236345e+00   2.7217882e+00   2.7200124e+00   2.7183123e+00   2.7166958e+00   2.7151868e+00   2.7137566e+00   2.7123845e+00   2.7110307e+00   2.7096748e+00   2.7083340e+00   2.7070196e+00   2.7057037e+00   2.7043278e+00   2.7028477e+00   2.7012634e+00   2.6995232e+00   2.6976402e+00   2.6956329e+00   2.6935282e+00   2.6913433e+00   2.6891081e+00   2.6868830e+00   2.6846797e+00   2.6824582e+00   2.6801298e+00   2.6777294e+00   2.6754048e+00   2.6732991e+00   2.6714668e+00   2.6698477e+00   2.6683664e+00   2.6670418e+00   2.6659737e+00   2.6652238e+00   2.6647863e+00   2.6646707e+00   2.6648924e+00   2.6654284e+00   2.6662197e+00   2.6672046e+00   2.6684010e+00   2.6698229e+00   2.6714313e+00   2.6732018e+00   2.6750641e+00   2.6769178e+00   2.6786640e+00   2.6801815e+00   2.6814177e+00   2.6823156e+00   2.6828792e+00   2.6831329e+00   2.6830795e+00   2.6827393e+00   2.6821353e+00   2.6812954e+00   2.6802289e+00   2.6789758e+00   2.6775818e+00   2.6760998e+00   2.6745663e+00   2.6729746e+00   2.6712949e+00   2.6694782e+00   2.6675558e+00   2.6655505e+00   2.6634951e+00   2.6614244e+00   2.6593769e+00   2.6573274e+00   2.6552255e+00   2.6530626e+00   2.6508417e+00   2.6485941e+00   2.6463726e+00   2.6442187e+00   2.6421480e+00   2.6400886e+00   2.6380107e+00   2.6359231e+00   2.6338263e+00   2.6317394e+00   2.6296787e+00
   2.8429108e+00   2.8404760e+00   2.8380127e+00   2.8355217e+00   2.8330038e+00   2.8305185e+00   2.8280392e+00   2.8255844e+00   2.8231285e+00   2.8206608e+00   2.8181880e+00   2.8157361e+00   2.8133347e+00   2.8110087e+00   2.8087342e+00   2.8065016e+00   2.8043468e+00   2.8022792e+00   2.8003008e+00   2.7984142e+00   2.7965896e+00   2.7948573e+00   2.7932460e+00   2.7917185e+00   2.7902119e+00   2.7887280e+00   2.7872593e+00   2.7858231e+00   2.7843692e+00   2.7828331e+00   2.7811975e+00   2.7794323e+00   2.7775075e+00   2.7754109e+00   2.7731330e+00   2.7706928e+00   2.7681301e+00   2.7655220e+00   2.7628915e+00   2.7602603e+00   2.7576311e+00   2.7549810e+00   2.7523136e+00   2.7496645e+00   2.7471495e+00   2.7448895e+00   2.7428787e+00   2.7410936e+00   2.7395060e+00   2.7381871e+00   2.7372162e+00   2.7366230e+00   2.7364025e+00   2.7365625e+00   2.7370393e+00   2.7378056e+00   2.7388203e+00   2.7400656e+00   2.7415447e+00   2.7432206e+00   2.7450626e+00   2.7470181e+00   2.7489882e+00   2.7508659e+00   2.7525275e+00   2.7538865e+00   2.7548778e+00   2.7554681e+00   2.7556736e+00   2.7555063e+00   2.7550189e+00   2.7542288e+00   2.7531812e+00   2.7519131e+00   2.7504318e+00   2.7487957e+00   2.7469978e+00   2.7450893e+00   2.7430935e+00   2.7410119e+00   2.7388573e+00   2.7366016e+00   2.7342336e+00   2.7317982e+00   2.7292864e+00   2.7267296e+00   2.7241318e+00   2.7214916e+00   2.7188122e+00   2.7160776e+00   2.7133148e+00   2.7105505e+00   2.7077959e+00   2.7050707e+00   2.7023773e+00   2.6997070e+00   2.6970749e+00   2.6944244e+00   2.6917784e+00   2.6891251e+00
   2.8436930e+00   2.8411877e+00   2.8386757e+00   2.8361552e+00   2.8336136e+00   2.8310950e+00   2.8285749e+00   2.8260708e+00   2.8235703e+00   2.8210757e+00   2.8186228e+00   2.8162117e+00   2.8138397e+00   2.8115051e+00   2.8092282e+00   2.8070362e+00   2.8049386e+00   2.8029397e+00   2.8010333e+00   2.7992275e+00   2.7975185e+00   2.7959032e+00   2.7943580e+00   2.7928829e+00   2.7914641e+00   2.7901008e+00   2.7887878e+00   2.7874823e+00   2.7861478e+00   2.7847309e+00   2.7831697e+00   2.7814534e+00   2.7795646e+00   2.7775242e+00   2.7753439e+00   2.7730217e+00   2.7705517e+00   2.7679949e+00   2.7654009e+00   2.7628233e+00   2.7602367e+00   2.7575951e+00   2.7549067e+00   2.7522528e+00   2.7497938e+00   2.7476270e+00   2.7457187e+00   2.7440026e+00   2.7424853e+00   2.7412777e+00   2.7404678e+00   2.7400544e+00   2.7400243e+00   2.7403648e+00   2.7410469e+00   2.7420387e+00   2.7432976e+00   2.7448244e+00   2.7466180e+00   2.7486351e+00   2.7508345e+00   2.7531395e+00   2.7554433e+00   2.7576406e+00   2.7596338e+00   2.7613246e+00   2.7626381e+00   2.7635281e+00   2.7639971e+00   2.7640667e+00   2.7637722e+00   2.7631855e+00   2.7623146e+00   2.7612054e+00   2.7598746e+00   2.7583525e+00   2.7566993e+00   2.7549238e+00   2.7530499e+00   2.7510707e+00   2.7489879e+00   2.7468140e+00   2.7445228e+00   2.7421596e+00   2.7397530e+00   2.7372930e+00   2.7347920e+00   2.7322357e+00   2.7296484e+00   2.7270277e+00   2.7243731e+00   2.7217152e+00   2.7190816e+00   2.7164867e+00   2.7139149e+00   2.7113788e+00   2.7088852e+00   2.7064056e+00   2.7039096e+00   2.7014191e+00
   2.8024616e+00   2.8002024e+00   2.7979622e+00   2.7957242e+00   2.7934916e+00   2.7912550e+00   2.7890222e+00   2.7868118e+00   2.7846267e+00   2.7824631e+00   2.7803218e+00   2.7782404e+00   2.7762105e+00   2.7742622e+00   2.7723601e+00   2.7705183e+00   2.7687609e+00   2.7671175e+00   2.7656031e+00   2.7642214e+00   2.7629311e+00   2.7617149e+00   2.7605712e+00   2.7594805e+00   2.7584383e+00   2.7574558e+00   2.7565355e+00   2.7556279e+00   2.7547054e+00   2.7536709e+00   2.7524898e+00   2.7511292e+00   2.7495720e+00   2.7478514e+00   2.7459877e+00   2.7439868e+00   2.7418673e+00   2.7396553e+00   2.7374089e+00   2.7351618e+00   2.7328808e+00   2.7305136e+00   2.7280655e+00   2.7257183e+00   2.7236271e+00   2.7218516e+00   2.7203019e+00   2.7189038e+00   2.7177112e+00   2.7168629e+00   2.7164395e+00   2.7164621e+00   2.7168846e+00   2.7177122e+00   2.7188718e+00   2.7203195e+00   2.7220199e+00   2.7239902e+00   2.7262640e+00   2.7288094e+00   2.7315521e+00   2.7343962e+00   2.7372122e+00   2.7399006e+00   2.7423403e+00   2.7444699e+00   2.7462280e+00   2.7475398e+00   2.7484114e+00   2.7488658e+00   2.7489376e+00   2.7486649e+00   2.7480774e+00   2.7472641e+00   2.7462318e+00   2.7450311e+00   2.7436659e+00   2.7421458e+00   2.7405169e+00   2.7387676e+00   2.7369201e+00   2.7349825e+00   2.7329531e+00   2.7308731e+00   2.7287054e+00   2.7264555e+00   2.7241466e+00   2.7217760e+00   2.7193680e+00   2.7169149e+00   2.7144759e+00   2.7120581e+00   2.7096527e+00   2.7072535e+00   2.7048767e+00   2.7025111e+00   2.7001693e+00   2.6978619e+00   2.6955326e+00   2.6932194e+00
   2.8607090e+00   2.8578768e+00   2.8550055e+00   2.8521042e+00   2.8492041e+00   2.8463328e+00   2.8434913e+00   2.8406804e+00   2.8378909e+00   2.8351090e+00   2.8323414e+00   2.8296092e+00   2.8269241e+00   2.8243039e+00   2.8217659e+00   2.8193233e+00   2.8169658e+00   2.8146927e+00   2.8125088e+00   2.8104179e+00   2.8084507e+00   2.8065786e+00   2.8047950e+00   2.8030827e+00   2.8014424e+00   2.7998435e+00   2.7982731e+00   2.7966964e+00   2.7951012e+00   2.7934582e+00   2.7917290e+00   2.7898674e+00   2.7878494e+00   2.7856617e+00   2.7832997e+00   2.7807941e+00   2.7781658e+00   2.7754917e+00   2.7728016e+00   2.7701235e+00   2.7674353e+00   2.7647083e+00   2.7619276e+00   2.7591896e+00   2.7566311e+00   2.7543690e+00   2.7523544e+00   2.7505512e+00   2.7489641e+00   2.7476804e+00   2.7467594e+00   2.7462227e+00   2.7460604e+00   2.7462738e+00   2.7468433e+00   2.7477055e+00   2.7488630e+00   2.7502759e+00   2.7519417e+00   2.7538216e+00   2.7558746e+00   2.7580531e+00   2.7602618e+00   2.7623844e+00   2.7642848e+00   2.7658827e+00   2.7671196e+00   2.7679241e+00   2.7682817e+00   2.7682517e+00   2.7678986e+00   2.7672689e+00   2.7663784e+00   2.7652490e+00   2.7638958e+00   2.7623427e+00   2.7606137e+00   2.7587554e+00   2.7567971e+00   2.7547567e+00   2.7526388e+00   2.7504578e+00   2.7481823e+00   2.7457907e+00   2.7432926e+00   2.7407610e+00   2.7382081e+00   2.7356236e+00   2.7330153e+00   2.7303860e+00   2.7277193e+00   2.7250350e+00   2.7223828e+00   2.7197714e+00   2.7171791e+00   2.7146091e+00   2.7120888e+00   2.7095892e+00   2.7070768e+00   2.7045307e+00
   2.8433027e+00   2.8406219e+00   2.8379090e+00   2.8351495e+00   2.8323793e+00   2.8296070e+00   2.8268337e+00   2.8240879e+00   2.8213742e+00   2.8186572e+00   2.8159764e+00   2.8133242e+00   2.8106945e+00   2.8081067e+00   2.8055809e+00   2.8031216e+00   2.8007605e+00   2.7984869e+00   2.7963161e+00   2.7942235e+00   2.7922153e+00   2.7902997e+00   2.7884769e+00   2.7867362e+00   2.7850399e+00   2.7833879e+00   2.7817867e+00   2.7802060e+00   2.7785885e+00   2.7768986e+00   2.7750762e+00   2.7731354e+00   2.7710550e+00   2.7688150e+00   2.7664320e+00   2.7639036e+00   2.7612560e+00   2.7585342e+00   2.7557518e+00   2.7529900e+00   2.7502420e+00   2.7474616e+00   2.7446489e+00   2.7418718e+00   2.7392492e+00   2.7368977e+00   2.7348156e+00   2.7329190e+00   2.7312229e+00   2.7298253e+00   2.7288046e+00   2.7281692e+00   2.7278919e+00   2.7279761e+00   2.7283936e+00   2.7291260e+00   2.7301521e+00   2.7314556e+00   2.7330029e+00   2.7347584e+00   2.7366836e+00   2.7387218e+00   2.7407866e+00   2.7427742e+00   2.7445440e+00   2.7460024e+00   2.7470865e+00   2.7477863e+00   2.7480795e+00   2.7479732e+00   2.7475297e+00   2.7467840e+00   2.7457397e+00   2.7444458e+00   2.7429428e+00   2.7412856e+00   2.7395017e+00   2.7375991e+00   2.7355955e+00   2.7334890e+00   2.7312698e+00   2.7289436e+00   2.7264986e+00   2.7239907e+00   2.7214439e+00   2.7188704e+00   2.7162483e+00   2.7135770e+00   2.7108622e+00   2.7081101e+00   2.7053185e+00   2.7025223e+00   2.6997643e+00   2.6970780e+00   2.6944268e+00   2.6917830e+00   2.6891479e+00   2.6865118e+00   2.6839082e+00   2.6813076e+00
   2.9435854e+00   2.9409475e+00   2.9383020e+00   2.9356868e+00   2.9330626e+00   2.9304321e+00   2.9277878e+00   2.9251468e+00   2.9225519e+00   2.9199638e+00   2.9174016e+00   2.9148953e+00   2.9124343e+00   2.9100583e+00   2.9077537e+00   2.9054992e+00   2.9033298e+00   2.9012787e+00   2.8993652e+00   2.8975842e+00   2.8958893e+00   2.8942745e+00   2.8927460e+00   2.8912785e+00   2.8898726e+00   2.8885238e+00   2.8872101e+00   2.8858993e+00   2.8845489e+00   2.8831022e+00   2.8815231e+00   2.8797829e+00   2.8778431e+00   2.8757093e+00   2.8734148e+00   2.8709888e+00   2.8684423e+00   2.8657980e+00   2.8631041e+00   2.8604021e+00   2.8576696e+00   2.8548710e+00   2.8520625e+00   2.8493624e+00   2.8468981e+00   2.8447058e+00   2.8427460e+00   2.8410094e+00   2.8395340e+00   2.8384221e+00   2.8377151e+00   2.8374307e+00   2.8375604e+00   2.8380871e+00   2.8389962e+00   2.8402689e+00   2.8418500e+00   2.8437283e+00   2.8458776e+00   2.8482988e+00   2.8509407e+00   2.8536742e+00   2.8563843e+00   2.8589504e+00   2.8612595e+00   2.8632171e+00   2.8647468e+00   2.8658044e+00   2.8663728e+00   2.8665025e+00   2.8662422e+00   2.8656585e+00   2.8647640e+00   2.8636239e+00   2.8622429e+00   2.8606548e+00   2.8588855e+00   2.8569653e+00   2.8549459e+00   2.8528097e+00   2.8505824e+00   2.8482659e+00   2.8458471e+00   2.8433440e+00   2.8407514e+00   2.8381169e+00   2.8354340e+00   2.8327115e+00   2.8299720e+00   2.8271942e+00   2.8244274e+00   2.8216581e+00   2.8189194e+00   2.8162031e+00   2.8134916e+00   2.8108244e+00   2.8081958e+00   2.8056183e+00   2.8030472e+00   2.8004520e+00
   2.9591763e+00   2.9560127e+00   2.9528208e+00   2.9496117e+00   2.9464061e+00   2.9432304e+00   2.9400895e+00   2.9369917e+00   2.9339330e+00   2.9309237e+00   2.9279308e+00   2.9249794e+00   2.9221041e+00   2.9193075e+00   2.9166076e+00   2.9139996e+00   2.9115067e+00   2.9091442e+00   2.9069045e+00   2.9047997e+00   2.9028380e+00   2.9010012e+00   2.8992846e+00   2.8976457e+00   2.8960617e+00   2.8945122e+00   2.8930044e+00   2.8915246e+00   2.8900440e+00   2.8884900e+00   2.8867943e+00   2.8849232e+00   2.8828392e+00   2.8805265e+00   2.8780172e+00   2.8753402e+00   2.8725135e+00   2.8696060e+00   2.8666432e+00   2.8636744e+00   2.8607223e+00   2.8577240e+00   2.8546782e+00   2.8517010e+00   2.8489478e+00   2.8465617e+00   2.8444965e+00   2.8426445e+00   2.8410485e+00   2.8398178e+00   2.8390777e+00   2.8388424e+00   2.8390810e+00   2.8397739e+00   2.8408654e+00   2.8423030e+00   2.8440647e+00   2.8461459e+00   2.8485041e+00   2.8511193e+00   2.8539445e+00   2.8569005e+00   2.8598664e+00   2.8626814e+00   2.8652174e+00   2.8673599e+00   2.8690271e+00   2.8701909e+00   2.8708544e+00   2.8710213e+00   2.8707516e+00   2.8701248e+00   2.8692124e+00   2.8680036e+00   2.8664958e+00   2.8647585e+00   2.8628795e+00   2.8608444e+00   2.8586495e+00   2.8563213e+00   2.8538964e+00   2.8513813e+00   2.8487666e+00   2.8460503e+00   2.8432257e+00   2.8403208e+00   2.8373773e+00   2.8344219e+00   2.8314364e+00   2.8284185e+00   2.8253813e+00   2.8223553e+00   2.8193543e+00   2.8164074e+00   2.8134658e+00   2.8105652e+00   2.8077266e+00   2.8049128e+00   2.8021071e+00   2.7992632e+00
   2.7511168e+00   2.7488458e+00   2.7466061e+00   2.7443464e+00   2.7420275e+00   2.7396858e+00   2.7373521e+00   2.7350619e+00   2.7328300e+00   2.7306373e+00   2.7284544e+00   2.7263060e+00   2.7241745e+00   2.7220752e+00   2.7200377e+00   2.7180691e+00   2.7162027e+00   2.7144401e+00   2.7127512e+00   2.7111571e+00   2.7096488e+00   2.7082069e+00   2.7068236e+00   2.7055056e+00   2.7042682e+00   2.7030897e+00   2.7019432e+00   2.7007799e+00   2.6995718e+00   2.6982753e+00   2.6968670e+00   2.6953528e+00   2.6937134e+00   2.6919327e+00   2.6900063e+00   2.6879508e+00   2.6857777e+00   2.6835229e+00   2.6812313e+00   2.6789744e+00   2.6767476e+00   2.6744845e+00   2.6721661e+00   2.6698570e+00   2.6676972e+00   2.6657944e+00   2.6641171e+00   2.6626236e+00   2.6613297e+00   2.6603181e+00   2.6596563e+00   2.6593506e+00   2.6593754e+00   2.6597056e+00   2.6603189e+00   2.6612079e+00   2.6623609e+00   2.6637838e+00   2.6654272e+00   2.6672649e+00   2.6692283e+00   2.6712739e+00   2.6733170e+00   2.6752684e+00   2.6770494e+00   2.6785872e+00   2.6798029e+00   2.6806214e+00   2.6810341e+00   2.6810706e+00   2.6807823e+00   2.6802180e+00   2.6794500e+00   2.6784937e+00   2.6773605e+00   2.6760349e+00   2.6745541e+00   2.6729476e+00   2.6712530e+00   2.6694758e+00   2.6676285e+00   2.6657171e+00   2.6637411e+00   2.6616769e+00   2.6595113e+00   2.6572688e+00   2.6549830e+00   2.6526811e+00   2.6503727e+00   2.6480536e+00   2.6457360e+00   2.6433909e+00   2.6410201e+00   2.6386378e+00   2.6363046e+00   2.6340201e+00   2.6317675e+00   2.6295345e+00   2.6273172e+00   2.6250772e+00
   2.8644040e+00   2.8619633e+00   2.8595202e+00   2.8570664e+00   2.8545778e+00   2.8520708e+00   2.8495705e+00   2.8470926e+00   2.8446238e+00   2.8421810e+00   2.8397560e+00   2.8373487e+00   2.8349705e+00   2.8326445e+00   2.8304033e+00   2.8282230e+00   2.8261204e+00   2.8241031e+00   2.8221989e+00   2.8204029e+00   2.8186753e+00   2.8170183e+00   2.8154354e+00   2.8139391e+00   2.8124979e+00   2.8110931e+00   2.8097284e+00   2.8083887e+00   2.8070138e+00   2.8055754e+00   2.8040199e+00   2.8023274e+00   2.8004658e+00   2.7984173e+00   2.7962244e+00   2.7938836e+00   2.7914135e+00   2.7888336e+00   2.7861998e+00   2.7835658e+00   2.7808990e+00   2.7781832e+00   2.7754250e+00   2.7727118e+00   2.7701705e+00   2.7678959e+00   2.7658846e+00   2.7640867e+00   2.7624977e+00   2.7612228e+00   2.7603378e+00   2.7598550e+00   2.7597706e+00   2.7600605e+00   2.7606955e+00   2.7616374e+00   2.7628663e+00   2.7643683e+00   2.7661121e+00   2.7680876e+00   2.7702513e+00   2.7725265e+00   2.7748165e+00   2.7769966e+00   2.7789557e+00   2.7805893e+00   2.7818260e+00   2.7826345e+00   2.7829943e+00   2.7829468e+00   2.7825582e+00   2.7818654e+00   2.7808926e+00   2.7796338e+00   2.7781365e+00   2.7764540e+00   2.7745965e+00   2.7726154e+00   2.7705457e+00   2.7683957e+00   2.7661438e+00   2.7637739e+00   2.7612820e+00   2.7586956e+00   2.7560434e+00   2.7533543e+00   2.7506487e+00   2.7479048e+00   2.7451327e+00   2.7423315e+00   2.7394912e+00   2.7366288e+00   2.7337847e+00   2.7309878e+00   2.7282479e+00   2.7255399e+00   2.7228730e+00   2.7202022e+00   2.7174988e+00   2.7147915e+00
   2.9557130e+00   2.9528744e+00   2.9500039e+00   2.9471347e+00   2.9442637e+00   2.9414337e+00   2.9385967e+00   2.9357908e+00   2.9330227e+00   2.9302776e+00   2.9275444e+00   2.9248416e+00   2.9221869e+00   2.9196110e+00   2.9171238e+00   2.9147377e+00   2.9124396e+00   2.9102433e+00   2.9081438e+00   2.9061482e+00   2.9042645e+00   2.9024913e+00   2.9008152e+00   2.8992062e+00   2.8976252e+00   2.8960848e+00   2.8945792e+00   2.8930988e+00   2.8915806e+00   2.8899839e+00   2.8882606e+00   2.8863766e+00   2.8843005e+00   2.8820457e+00   2.8796475e+00   2.8771076e+00   2.8744586e+00   2.8717127e+00   2.8689511e+00   2.8661916e+00   2.8633854e+00   2.8605366e+00   2.8576648e+00   2.8548858e+00   2.8523242e+00   2.8500416e+00   2.8480198e+00   2.8462045e+00   2.8446047e+00   2.8433552e+00   2.8425102e+00   2.8420980e+00   2.8420708e+00   2.8424451e+00   2.8431804e+00   2.8442471e+00   2.8456163e+00   2.8472652e+00   2.8491862e+00   2.8513358e+00   2.8536561e+00   2.8560741e+00   2.8584950e+00   2.8607967e+00   2.8628423e+00   2.8645146e+00   2.8657773e+00   2.8665981e+00   2.8669767e+00   2.8669193e+00   2.8664730e+00   2.8657176e+00   2.8647003e+00   2.8634264e+00   2.8619158e+00   2.8602302e+00   2.8583772e+00   2.8563831e+00   2.8542969e+00   2.8521297e+00   2.8498695e+00   2.8474913e+00   2.8450153e+00   2.8424575e+00   2.8398178e+00   2.8371141e+00   2.8344152e+00   2.8316936e+00   2.8289216e+00   2.8261137e+00   2.8232896e+00   2.8204994e+00   2.8177195e+00   2.8149652e+00   2.8122513e+00   2.8095820e+00   2.8069913e+00   2.8044021e+00   2.8017795e+00   2.7991378e+00
   3.0009089e+00   2.9979172e+00   2.9949226e+00   2.9919147e+00   2.9888923e+00   2.9858809e+00   2.9828818e+00   2.9799201e+00   2.9770033e+00   2.9741185e+00   2.9712639e+00   2.9684362e+00   2.9656537e+00   2.9629438e+00   2.9603138e+00   2.9577980e+00   2.9554150e+00   2.9531596e+00   2.9509945e+00   2.9489257e+00   2.9469767e+00   2.9451303e+00   2.9433689e+00   2.9416530e+00   2.9400167e+00   2.9384816e+00   2.9369774e+00   2.9354515e+00   2.9338913e+00   2.9322078e+00   2.9303722e+00   2.9283860e+00   2.9262390e+00   2.9239271e+00   2.9214299e+00   2.9187939e+00   2.9160326e+00   2.9132226e+00   2.9103553e+00   2.9075119e+00   2.9046688e+00   2.9017763e+00   2.8988597e+00   2.8960669e+00   2.8935235e+00   2.8912861e+00   2.8893034e+00   2.8875406e+00   2.8860681e+00   2.8849993e+00   2.8843758e+00   2.8842118e+00   2.8844712e+00   2.8851311e+00   2.8861513e+00   2.8874884e+00   2.8891499e+00   2.8911133e+00   2.8933659e+00   2.8958547e+00   2.8985004e+00   2.9011910e+00   2.9038193e+00   2.9062872e+00   2.9084880e+00   2.9103129e+00   2.9116879e+00   2.9125946e+00   2.9130361e+00   2.9130573e+00   2.9126742e+00   2.9119651e+00   2.9110086e+00   2.9098251e+00   2.9084165e+00   2.9068210e+00   2.9050655e+00   2.9031680e+00   2.9011457e+00   2.8990383e+00   2.8968794e+00   2.8946409e+00   2.8923156e+00   2.8899052e+00   2.8874340e+00   2.8848937e+00   2.8823116e+00   2.8797138e+00   2.8770983e+00   2.8744781e+00   2.8718584e+00   2.8692398e+00   2.8666370e+00   2.8640711e+00   2.8615739e+00   2.8591251e+00   2.8566840e+00   2.8542500e+00   2.8518240e+00   2.8494060e+00
   2.8064373e+00   2.8035333e+00   2.8006237e+00   2.7977102e+00   2.7948062e+00   2.7919283e+00   2.7890728e+00   2.7862694e+00   2.7834747e+00   2.7806966e+00   2.7779598e+00   2.7752552e+00   2.7726269e+00   2.7700512e+00   2.7675622e+00   2.7651765e+00   2.7628772e+00   2.7606738e+00   2.7585812e+00   2.7565892e+00   2.7547138e+00   2.7529347e+00   2.7512739e+00   2.7496891e+00   2.7481601e+00   2.7466791e+00   2.7452424e+00   2.7438333e+00   2.7423973e+00   2.7408836e+00   2.7392378e+00   2.7374401e+00   2.7354763e+00   2.7333434e+00   2.7310276e+00   2.7285397e+00   2.7259219e+00   2.7232506e+00   2.7205493e+00   2.7178452e+00   2.7151182e+00   2.7123573e+00   2.7095680e+00   2.7068474e+00   2.7043064e+00   2.7020619e+00   2.7000835e+00   2.6983211e+00   2.6967847e+00   2.6955793e+00   2.6947746e+00   2.6943996e+00   2.6944370e+00   2.6949069e+00   2.6957505e+00   2.6969166e+00   2.6983538e+00   2.7000751e+00   2.7020543e+00   2.7042835e+00   2.7066982e+00   2.7092254e+00   2.7117729e+00   2.7142057e+00   2.7163980e+00   2.7182248e+00   2.7196419e+00   2.7206059e+00   2.7211094e+00   2.7211869e+00   2.7208750e+00   2.7202098e+00   2.7192507e+00   2.7180321e+00   2.7166026e+00   2.7149765e+00   2.7131793e+00   2.7112598e+00   2.7092268e+00   2.7070882e+00   2.7048533e+00   2.7025325e+00   2.7001076e+00   2.6975882e+00   2.6949952e+00   2.6923504e+00   2.6896534e+00   2.6868877e+00   2.6840954e+00   2.6812906e+00   2.6784804e+00   2.6756351e+00   2.6727867e+00   2.6699724e+00   2.6672010e+00   2.6644673e+00   2.6617544e+00   2.6590679e+00   2.6563880e+00   2.6537187e+00
   2.7370253e+00   2.7347240e+00   2.7323849e+00   2.7300291e+00   2.7276471e+00   2.7252524e+00   2.7228479e+00   2.7204502e+00   2.7180417e+00   2.7156351e+00   2.7132447e+00   2.7108648e+00   2.7085240e+00   2.7062199e+00   2.7039306e+00   2.7016900e+00   2.6994789e+00   2.6973217e+00   2.6952245e+00   2.6931746e+00   2.6912029e+00   2.6892869e+00   2.6874306e+00   2.6856282e+00   2.6838520e+00   2.6820819e+00   2.6803100e+00   2.6785572e+00   2.6768188e+00   2.6750672e+00   2.6732352e+00   2.6713142e+00   2.6693022e+00   2.6672075e+00   2.6650302e+00   2.6627800e+00   2.6604736e+00   2.6581438e+00   2.6558015e+00   2.6534765e+00   2.6511691e+00   2.6488428e+00   2.6464663e+00   2.6440971e+00   2.6418478e+00   2.6398220e+00   2.6379836e+00   2.6362514e+00   2.6346276e+00   2.6331751e+00   2.6319630e+00   2.6310062e+00   2.6303036e+00   2.6298530e+00   2.6296074e+00   2.6295502e+00   2.6296740e+00   2.6299605e+00   2.6303997e+00   2.6309741e+00   2.6316690e+00   2.6324389e+00   2.6332214e+00   2.6339395e+00   2.6345472e+00   2.6349916e+00   2.6352103e+00   2.6351748e+00   2.6348619e+00   2.6343193e+00   2.6335700e+00   2.6326535e+00   2.6315854e+00   2.6303837e+00   2.6290522e+00   2.6276093e+00   2.6260824e+00   2.6244774e+00   2.6228182e+00   2.6211054e+00   2.6193545e+00   2.6175592e+00   2.6156938e+00   2.6137550e+00   2.6117694e+00   2.6097593e+00   2.6077397e+00   2.6057005e+00   2.6036398e+00   2.6015785e+00   2.5995023e+00   2.5973997e+00   2.5953016e+00   2.5932112e+00   2.5911534e+00   2.5891306e+00   2.5871394e+00   2.5851529e+00   2.5831254e+00   2.5810769e+00
   2.7483215e+00   2.7464068e+00   2.7444675e+00   2.7425282e+00   2.7405808e+00   2.7386627e+00   2.7367623e+00   2.7348516e+00   2.7329369e+00   2.7310371e+00   2.7291615e+00   2.7273293e+00   2.7255342e+00   2.7237940e+00   2.7221210e+00   2.7205064e+00   2.7189608e+00   2.7174857e+00   2.7160985e+00   2.7147992e+00   2.7135897e+00   2.7124493e+00   2.7113717e+00   2.7103198e+00   2.7093036e+00   2.7083132e+00   2.7073624e+00   2.7064037e+00   2.7053957e+00   2.7043228e+00   2.7031372e+00   2.7018392e+00   2.7003992e+00   2.6988266e+00   2.6971457e+00   2.6953609e+00   2.6934912e+00   2.6916027e+00   2.6897027e+00   2.6878178e+00   2.6858938e+00   2.6838503e+00   2.6816900e+00   2.6796055e+00   2.6777802e+00   2.6762702e+00   2.6749623e+00   2.6737525e+00   2.6727083e+00   2.6719322e+00   2.6714900e+00   2.6713998e+00   2.6716125e+00   2.6721232e+00   2.6729038e+00   2.6739433e+00   2.6752393e+00   2.6767511e+00   2.6784742e+00   2.6803863e+00   2.6824329e+00   2.6845446e+00   2.6866233e+00   2.6885812e+00   2.6903441e+00   2.6918247e+00   2.6929767e+00   2.6937838e+00   2.6942377e+00   2.6943824e+00   2.6942692e+00   2.6939251e+00   2.6933634e+00   2.6925819e+00   2.6916187e+00   2.6905367e+00   2.6893518e+00   2.6880963e+00   2.6867657e+00   2.6853688e+00   2.6839230e+00   2.6823952e+00   2.6807899e+00   2.6791079e+00   2.6773748e+00   2.6756268e+00   2.6738644e+00   2.6720839e+00   2.6702678e+00   2.6684186e+00   2.6665583e+00   2.6647503e+00   2.6629813e+00   2.6612363e+00   2.6595068e+00   2.6577842e+00   2.6560929e+00   2.6543970e+00   2.6526968e+00   2.6509731e+00
   2.8049726e+00   2.8028996e+00   2.8007929e+00   2.7986500e+00   2.7965126e+00   2.7943814e+00   2.7922528e+00   2.7901220e+00   2.7880223e+00   2.7859592e+00   2.7839279e+00   2.7819202e+00   2.7799275e+00   2.7779872e+00   2.7761202e+00   2.7743261e+00   2.7726395e+00   2.7710495e+00   2.7695601e+00   2.7681799e+00   2.7668865e+00   2.7656682e+00   2.7645080e+00   2.7633998e+00   2.7623489e+00   2.7613373e+00   2.7603424e+00   2.7593565e+00   2.7583513e+00   2.7572305e+00   2.7559395e+00   2.7545004e+00   2.7529106e+00   2.7511559e+00   2.7492230e+00   2.7471383e+00   2.7449396e+00   2.7426727e+00   2.7403831e+00   2.7380922e+00   2.7357941e+00   2.7334502e+00   2.7310879e+00   2.7288084e+00   2.7267144e+00   2.7248676e+00   2.7232740e+00   2.7218983e+00   2.7207611e+00   2.7199631e+00   2.7195568e+00   2.7195616e+00   2.7199335e+00   2.7206659e+00   2.7217433e+00   2.7231429e+00   2.7248161e+00   2.7267363e+00   2.7289143e+00   2.7313240e+00   2.7339113e+00   2.7365487e+00   2.7391663e+00   2.7416430e+00   2.7438939e+00   2.7457962e+00   2.7472878e+00   2.7483237e+00   2.7489033e+00   2.7490807e+00   2.7488928e+00   2.7484200e+00   2.7476666e+00   2.7466660e+00   2.7454681e+00   2.7440779e+00   2.7425346e+00   2.7408381e+00   2.7390325e+00   2.7371521e+00   2.7351904e+00   2.7331591e+00   2.7310448e+00   2.7288160e+00   2.7265205e+00   2.7241733e+00   2.7217777e+00   2.7193496e+00   2.7169054e+00   2.7144659e+00   2.7120037e+00   2.7095230e+00   2.7070725e+00   2.7046630e+00   2.7022960e+00   2.6999655e+00   2.6976545e+00   2.6953557e+00   2.6930799e+00   2.6908216e+00
   2.7221735e+00   2.7201908e+00   2.7181797e+00   2.7161522e+00   2.7141254e+00   2.7120883e+00   2.7100630e+00   2.7080724e+00   2.7060869e+00   2.7041094e+00   2.7021189e+00   2.7001550e+00   2.6982372e+00   2.6963663e+00   2.6945431e+00   2.6927881e+00   2.6911039e+00   2.6894875e+00   2.6879559e+00   2.6864898e+00   2.6850951e+00   2.6837900e+00   2.6825340e+00   2.6813319e+00   2.6801815e+00   2.6790435e+00   2.6779501e+00   2.6768601e+00   2.6757562e+00   2.6746047e+00   2.6733608e+00   2.6719704e+00   2.6704273e+00   2.6687496e+00   2.6669552e+00   2.6650505e+00   2.6630528e+00   2.6609914e+00   2.6589115e+00   2.6568422e+00   2.6547441e+00   2.6525717e+00   2.6503274e+00   2.6481078e+00   2.6460843e+00   2.6443183e+00   2.6427886e+00   2.6413925e+00   2.6401415e+00   2.6391473e+00   2.6384757e+00   2.6381404e+00   2.6381190e+00   2.6384113e+00   2.6389787e+00   2.6397812e+00   2.6408165e+00   2.6420708e+00   2.6435194e+00   2.6451461e+00   2.6469250e+00   2.6488080e+00   2.6506653e+00   2.6524243e+00   2.6539919e+00   2.6553185e+00   2.6563542e+00   2.6570389e+00   2.6573813e+00   2.6574116e+00   2.6571615e+00   2.6566608e+00   2.6559262e+00   2.6549861e+00   2.6538680e+00   2.6525917e+00   2.6512001e+00   2.6497214e+00   2.6481771e+00   2.6465445e+00   2.6448348e+00   2.6430457e+00   2.6411858e+00   2.6392362e+00   2.6372254e+00   2.6351731e+00   2.6330862e+00   2.6309764e+00   2.6288557e+00   2.6267030e+00   2.6245041e+00   2.6223118e+00   2.6201575e+00   2.6180279e+00   2.6158803e+00   2.6137481e+00   2.6116583e+00   2.6095769e+00   2.6074831e+00   2.6053743e+00
   2.7212734e+00   2.7187803e+00   2.7162600e+00   2.7137134e+00   2.7111549e+00   2.7086163e+00   2.7060955e+00   2.7035635e+00   2.7010219e+00   2.6985056e+00   2.6959927e+00   2.6934974e+00   2.6910322e+00   2.6886027e+00   2.6862404e+00   2.6839459e+00   2.6817305e+00   2.6796036e+00   2.6775548e+00   2.6755669e+00   2.6736488e+00   2.6718009e+00   2.6700280e+00   2.6683009e+00   2.6666064e+00   2.6649616e+00   2.6633675e+00   2.6618121e+00   2.6602252e+00   2.6585691e+00   2.6568091e+00   2.6549432e+00   2.6529577e+00   2.6508930e+00   2.6487226e+00   2.6464670e+00   2.6441383e+00   2.6417620e+00   2.6393788e+00   2.6370161e+00   2.6346285e+00   2.6321936e+00   2.6296976e+00   2.6272538e+00   2.6250045e+00   2.6230054e+00   2.6212022e+00   2.6195266e+00   2.6180170e+00   2.6167557e+00   2.6158178e+00   2.6151886e+00   2.6148598e+00   2.6148400e+00   2.6150618e+00   2.6154964e+00   2.6161354e+00   2.6170034e+00   2.6180878e+00   2.6193428e+00   2.6207504e+00   2.6222265e+00   2.6236889e+00   2.6250551e+00   2.6262295e+00   2.6271899e+00   2.6278617e+00   2.6282339e+00   2.6282947e+00   2.6280591e+00   2.6275675e+00   2.6268241e+00   2.6258843e+00   2.6247759e+00   2.6235354e+00   2.6221759e+00   2.6207020e+00   2.6191404e+00   2.6175120e+00   2.6158209e+00   2.6140640e+00   2.6122394e+00   2.6103606e+00   2.6084299e+00   2.6064646e+00   2.6044605e+00   2.6024375e+00   2.6003768e+00   2.5982981e+00   2.5962255e+00   2.5941622e+00   2.5920932e+00   2.5900314e+00   2.5879924e+00   2.5859859e+00   2.5839880e+00   2.5820014e+00   2.5800400e+00   2.5780733e+00   2.5761034e+00
   2.7215941e+00   2.7192497e+00   2.7168591e+00   2.7144606e+00   2.7120788e+00   2.7097130e+00   2.7073677e+00   2.7050400e+00   2.7027161e+00   2.7003958e+00   2.6980755e+00   2.6957922e+00   2.6935339e+00   2.6913178e+00   2.6891782e+00   2.6871080e+00   2.6851108e+00   2.6831903e+00   2.6813393e+00   2.6795852e+00   2.6779137e+00   2.6763189e+00   2.6748047e+00   2.6733456e+00   2.6719358e+00   2.6705787e+00   2.6692390e+00   2.6679137e+00   2.6665699e+00   2.6651688e+00   2.6636646e+00   2.6620071e+00   2.6601868e+00   2.6582429e+00   2.6561575e+00   2.6539629e+00   2.6516736e+00   2.6492860e+00   2.6468313e+00   2.6443670e+00   2.6419175e+00   2.6394711e+00   2.6370051e+00   2.6345944e+00   2.6323433e+00   2.6303167e+00   2.6284931e+00   2.6268229e+00   2.6253397e+00   2.6241531e+00   2.6233351e+00   2.6228821e+00   2.6227636e+00   2.6229727e+00   2.6234622e+00   2.6241953e+00   2.6251678e+00   2.6263981e+00   2.6278858e+00   2.6295807e+00   2.6314209e+00   2.6333365e+00   2.6352274e+00   2.6370087e+00   2.6385891e+00   2.6398947e+00   2.6408911e+00   2.6415155e+00   2.6417506e+00   2.6416011e+00   2.6411028e+00   2.6403368e+00   2.6393559e+00   2.6381741e+00   2.6368334e+00   2.6353405e+00   2.6337192e+00   2.6319673e+00   2.6300824e+00   2.6280992e+00   2.6260519e+00   2.6239514e+00   2.6218104e+00   2.6196117e+00   2.6173379e+00   2.6149909e+00   2.6125948e+00   2.6101696e+00   2.6077261e+00   2.6052682e+00   2.6028180e+00   2.6003745e+00   2.5979235e+00   2.5954685e+00   2.5930293e+00   2.5906398e+00   2.5882993e+00   2.5859966e+00   2.5836992e+00   2.5813906e+00
   2.9362841e+00   2.9335442e+00   2.9307840e+00   2.9280338e+00   2.9252837e+00   2.9225216e+00   2.9197671e+00   2.9169948e+00   2.9142208e+00   2.9114599e+00   2.9087334e+00   2.9060605e+00   2.9034450e+00   2.9008667e+00   2.8983471e+00   2.8958769e+00   2.8934870e+00   2.8912039e+00   2.8890285e+00   2.8869543e+00   2.8850088e+00   2.8831480e+00   2.8813608e+00   2.8796034e+00   2.8778934e+00   2.8762572e+00   2.8746698e+00   2.8731120e+00   2.8715179e+00   2.8698349e+00   2.8680191e+00   2.8660367e+00   2.8638737e+00   2.8615465e+00   2.8590794e+00   2.8564847e+00   2.8537929e+00   2.8510323e+00   2.8482342e+00   2.8454382e+00   2.8425999e+00   2.8396823e+00   2.8367188e+00   2.8338411e+00   2.8312147e+00   2.8289058e+00   2.8268280e+00   2.8249156e+00   2.8232107e+00   2.8218715e+00   2.8209321e+00   2.8203993e+00   2.8202534e+00   2.8204939e+00   2.8210602e+00   2.8219264e+00   2.8230762e+00   2.8245087e+00   2.8261797e+00   2.8280704e+00   2.8301442e+00   2.8323174e+00   2.8344641e+00   2.8364592e+00   2.8382494e+00   2.8397491e+00   2.8408782e+00   2.8416061e+00   2.8419285e+00   2.8418453e+00   2.8414040e+00   2.8406398e+00   2.8396327e+00   2.8383915e+00   2.8369458e+00   2.8353112e+00   2.8335485e+00   2.8316727e+00   2.8296750e+00   2.8275557e+00   2.8253734e+00   2.8231287e+00   2.8207963e+00   2.8183644e+00   2.8158748e+00   2.8133132e+00   2.8107014e+00   2.8080714e+00   2.8054435e+00   2.8027980e+00   2.8001213e+00   2.7974451e+00   2.7947628e+00   2.7921016e+00   2.7894535e+00   2.7868612e+00   2.7843168e+00   2.7817881e+00   2.7792518e+00   2.7766788e+00
   2.8646686e+00   2.8624356e+00   2.8601649e+00   2.8578541e+00   2.8555338e+00   2.8532085e+00   2.8509185e+00   2.8486774e+00   2.8464787e+00   2.8443034e+00   2.8421376e+00   2.8399689e+00   2.8378525e+00   2.8358133e+00   2.8338661e+00   2.8320167e+00   2.8302724e+00   2.8286159e+00   2.8270481e+00   2.8255632e+00   2.8241689e+00   2.8229072e+00   2.8217440e+00   2.8206694e+00   2.8196630e+00   2.8186760e+00   2.8177109e+00   2.8167267e+00   2.8156834e+00   2.8145485e+00   2.8132837e+00   2.8118651e+00   2.8102729e+00   2.8084714e+00   2.8064811e+00   2.8043182e+00   2.8020124e+00   2.7996044e+00   2.7971556e+00   2.7947438e+00   2.7923498e+00   2.7899082e+00   2.7874088e+00   2.7849321e+00   2.7826602e+00   2.7807131e+00   2.7790725e+00   2.7776699e+00   2.7765090e+00   2.7756517e+00   2.7752037e+00   2.7751987e+00   2.7755978e+00   2.7764027e+00   2.7775586e+00   2.7790632e+00   2.7808793e+00   2.7829850e+00   2.7853563e+00   2.7879589e+00   2.7907112e+00   2.7935543e+00   2.7964032e+00   2.7991345e+00   2.8016198e+00   2.8037465e+00   2.8054333e+00   2.8066332e+00   2.8073494e+00   2.8075943e+00   2.8074563e+00   2.8070247e+00   2.8063240e+00   2.8053367e+00   2.8040743e+00   2.8026218e+00   2.8010147e+00   2.7992809e+00   2.7974072e+00   2.7954333e+00   2.7933407e+00   2.7911637e+00   2.7888849e+00   2.7864945e+00   2.7840283e+00   2.7815011e+00   2.7789440e+00   2.7763550e+00   2.7737324e+00   2.7710598e+00   2.7683432e+00   2.7656250e+00   2.7629502e+00   2.7603197e+00   2.7577326e+00   2.7551918e+00   2.7526786e+00   2.7501500e+00   2.7476120e+00   2.7450607e+00
   2.7024810e+00   2.7004573e+00   2.6984103e+00   2.6963558e+00   2.6942809e+00   2.6921933e+00   2.6901262e+00   2.6880875e+00   2.6860638e+00   2.6840556e+00   2.6820719e+00   2.6801233e+00   2.6781836e+00   2.6762702e+00   2.6744156e+00   2.6726418e+00   2.6709554e+00   2.6693420e+00   2.6678219e+00   2.6663892e+00   2.6650369e+00   2.6637437e+00   2.6625254e+00   2.6613848e+00   2.6603115e+00   2.6592588e+00   2.6582191e+00   2.6571734e+00   2.6561048e+00   2.6549616e+00   2.6537073e+00   2.6523335e+00   2.6508281e+00   2.6491740e+00   2.6473882e+00   2.6454847e+00   2.6434610e+00   2.6413434e+00   2.6391904e+00   2.6370862e+00   2.6349914e+00   2.6328480e+00   2.6306345e+00   2.6284459e+00   2.6264184e+00   2.6246483e+00   2.6230934e+00   2.6216938e+00   2.6204593e+00   2.6194961e+00   2.6188605e+00   2.6185653e+00   2.6185987e+00   2.6189501e+00   2.6195900e+00   2.6204832e+00   2.6216204e+00   2.6229868e+00   2.6245625e+00   2.6263254e+00   2.6282358e+00   2.6302550e+00   2.6322718e+00   2.6341889e+00   2.6359384e+00   2.6374376e+00   2.6386194e+00   2.6394293e+00   2.6398690e+00   2.6399548e+00   2.6397276e+00   2.6392269e+00   2.6384978e+00   2.6375620e+00   2.6364591e+00   2.6352100e+00   2.6338234e+00   2.6323206e+00   2.6307230e+00   2.6290638e+00   2.6273284e+00   2.6255159e+00   2.6236048e+00   2.6216147e+00   2.6195590e+00   2.6174333e+00   2.6152527e+00   2.6130350e+00   2.6108024e+00   2.6085508e+00   2.6062732e+00   2.6039789e+00   2.6016979e+00   2.5994184e+00   2.5971646e+00   2.5949402e+00   2.5927618e+00   2.5905921e+00   2.5884054e+00   2.5862110e+00
   2.8465908e+00   2.8441622e+00   2.8417151e+00   2.8392859e+00   2.8368433e+00   2.8343785e+00   2.8319128e+00   2.8294485e+00   2.8270245e+00   2.8246145e+00   2.8222415e+00   2.8198922e+00   2.8175881e+00   2.8153315e+00   2.8131220e+00   2.8109791e+00   2.8089206e+00   2.8069565e+00   2.8051231e+00   2.8033707e+00   2.8017025e+00   2.8001397e+00   2.7986434e+00   2.7971737e+00   2.7957389e+00   2.7943337e+00   2.7929795e+00   2.7916634e+00   2.7903271e+00   2.7889500e+00   2.7874577e+00   2.7857907e+00   2.7839420e+00   2.7819250e+00   2.7797601e+00   2.7774894e+00   2.7751226e+00   2.7726879e+00   2.7702167e+00   2.7677386e+00   2.7652512e+00   2.7627220e+00   2.7601631e+00   2.7576494e+00   2.7553196e+00   2.7532661e+00   2.7514572e+00   2.7497997e+00   2.7483299e+00   2.7471464e+00   2.7463400e+00   2.7459285e+00   2.7458754e+00   2.7461777e+00   2.7468121e+00   2.7477150e+00   2.7488778e+00   2.7502997e+00   2.7519553e+00   2.7538345e+00   2.7558994e+00   2.7580941e+00   2.7602813e+00   2.7623549e+00   2.7642171e+00   2.7657897e+00   2.7669933e+00   2.7677851e+00   2.7681639e+00   2.7681808e+00   2.7678909e+00   2.7673113e+00   2.7664669e+00   2.7653916e+00   2.7641037e+00   2.7626259e+00   2.7609894e+00   2.7592192e+00   2.7573464e+00   2.7554016e+00   2.7534065e+00   2.7513349e+00   2.7491474e+00   2.7468605e+00   2.7444890e+00   2.7420626e+00   2.7395899e+00   2.7370985e+00   2.7345898e+00   2.7320566e+00   2.7295020e+00   2.7269585e+00   2.7244253e+00   2.7219069e+00   2.7194004e+00   2.7169440e+00   2.7145178e+00   2.7120883e+00   2.7096608e+00   2.7072246e+00
   2.8089015e+00   2.8063591e+00   2.8038342e+00   2.8013334e+00   2.7988205e+00   2.7962887e+00   2.7937911e+00   2.7913187e+00   2.7888689e+00   2.7864475e+00   2.7840538e+00   2.7817252e+00   2.7794278e+00   2.7771673e+00   2.7749662e+00   2.7728500e+00   2.7708442e+00   2.7689447e+00   2.7671821e+00   2.7655239e+00   2.7639399e+00   2.7624452e+00   2.7610123e+00   2.7596729e+00   2.7584121e+00   2.7571795e+00   2.7559969e+00   2.7548249e+00   2.7536144e+00   2.7523260e+00   2.7508681e+00   2.7492549e+00   2.7474782e+00   2.7455361e+00   2.7434342e+00   2.7411773e+00   2.7387917e+00   2.7362998e+00   2.7337420e+00   2.7311928e+00   2.7286499e+00   2.7261007e+00   2.7235305e+00   2.7210026e+00   2.7186813e+00   2.7166262e+00   2.7148178e+00   2.7132232e+00   2.7118576e+00   2.7108328e+00   2.7102191e+00   2.7100270e+00   2.7102578e+00   2.7108805e+00   2.7118664e+00   2.7131577e+00   2.7147369e+00   2.7166097e+00   2.7187490e+00   2.7211523e+00   2.7237408e+00   2.7264261e+00   2.7290983e+00   2.7316313e+00   2.7339189e+00   2.7358599e+00   2.7373979e+00   2.7385082e+00   2.7391653e+00   2.7393692e+00   2.7391815e+00   2.7386448e+00   2.7378128e+00   2.7367182e+00   2.7354107e+00   2.7339268e+00   2.7322598e+00   2.7304423e+00   2.7284899e+00   2.7264335e+00   2.7242939e+00   2.7220500e+00   2.7197225e+00   2.7173100e+00   2.7148066e+00   2.7122173e+00   2.7095604e+00   2.7068617e+00   2.7041333e+00   2.7013824e+00   2.6986237e+00   2.6958649e+00   2.6931078e+00   2.6903651e+00   2.6876590e+00   2.6849747e+00   2.6823328e+00   2.6797259e+00   2.6771448e+00   2.6745539e+00
   2.8895967e+00   2.8866241e+00   2.8836267e+00   2.8805892e+00   2.8775179e+00   2.8744228e+00   2.8713386e+00   2.8682778e+00   2.8652401e+00   2.8622200e+00   2.8592298e+00   2.8562529e+00   2.8532975e+00   2.8503630e+00   2.8474982e+00   2.8447063e+00   2.8420067e+00   2.8393848e+00   2.8368561e+00   2.8344257e+00   2.8320906e+00   2.8298438e+00   2.8276634e+00   2.8255451e+00   2.8234904e+00   2.8214915e+00   2.8195429e+00   2.8176205e+00   2.8156607e+00   2.8136396e+00   2.8115082e+00   2.8092687e+00   2.8068879e+00   2.8043540e+00   2.8016751e+00   2.7988501e+00   2.7958994e+00   2.7928810e+00   2.7898238e+00   2.7867692e+00   2.7837059e+00   2.7806308e+00   2.7775705e+00   2.7745492e+00   2.7716510e+00   2.7689755e+00   2.7665532e+00   2.7643642e+00   2.7623875e+00   2.7606947e+00   2.7593472e+00   2.7583745e+00   2.7577822e+00   2.7575436e+00   2.7576358e+00   2.7580414e+00   2.7587559e+00   2.7597237e+00   2.7609451e+00   2.7623813e+00   2.7640200e+00   2.7657864e+00   2.7675598e+00   2.7692430e+00   2.7707274e+00   2.7719357e+00   2.7727757e+00   2.7732136e+00   2.7732422e+00   2.7728825e+00   2.7721798e+00   2.7711830e+00   2.7699521e+00   2.7684891e+00   2.7667987e+00   2.7649267e+00   2.7629211e+00   2.7607815e+00   2.7585392e+00   2.7562256e+00   2.7538664e+00   2.7514312e+00   2.7488849e+00   2.7462566e+00   2.7435582e+00   2.7408152e+00   2.7380130e+00   2.7351599e+00   2.7322876e+00   2.7294123e+00   2.7265234e+00   2.7236040e+00   2.7206929e+00   2.7177985e+00   2.7149401e+00   2.7121112e+00   2.7093093e+00   2.7065251e+00   2.7037480e+00   2.7009647e+00
   2.7136662e+00   2.7116458e+00   2.7096214e+00   2.7076046e+00   2.7055824e+00   2.7035573e+00   2.7015543e+00   2.6995659e+00   2.6976039e+00   2.6956513e+00   2.6936920e+00   2.6917536e+00   2.6898491e+00   2.6879971e+00   2.6862099e+00   2.6845064e+00   2.6828907e+00   2.6813514e+00   2.6798925e+00   2.6785307e+00   2.6772649e+00   2.6760778e+00   2.6749618e+00   2.6738980e+00   2.6728556e+00   2.6718540e+00   2.6708679e+00   2.6699197e+00   2.6689465e+00   2.6678884e+00   2.6667240e+00   2.6653998e+00   2.6639116e+00   2.6622841e+00   2.6605208e+00   2.6586492e+00   2.6566715e+00   2.6546357e+00   2.6526070e+00   2.6505933e+00   2.6485622e+00   2.6464293e+00   2.6442106e+00   2.6420383e+00   2.6401005e+00   2.6384735e+00   2.6370597e+00   2.6357758e+00   2.6346490e+00   2.6338029e+00   2.6333108e+00   2.6331751e+00   2.6333761e+00   2.6339025e+00   2.6347427e+00   2.6358459e+00   2.6371784e+00   2.6387370e+00   2.6405191e+00   2.6425183e+00   2.6446776e+00   2.6469386e+00   2.6491921e+00   2.6513391e+00   2.6532800e+00   2.6549349e+00   2.6562595e+00   2.6572001e+00   2.6577661e+00   2.6579905e+00   2.6579180e+00   2.6575611e+00   2.6569452e+00   2.6560936e+00   2.6550465e+00   2.6538513e+00   2.6525235e+00   2.6511104e+00   2.6496193e+00   2.6480587e+00   2.6464021e+00   2.6446502e+00   2.6428149e+00   2.6408753e+00   2.6388776e+00   2.6368444e+00   2.6348069e+00   2.6327302e+00   2.6306036e+00   2.6284478e+00   2.6262720e+00   2.6241074e+00   2.6219525e+00   2.6198139e+00   2.6177244e+00   2.6156597e+00   2.6136379e+00   2.6115801e+00   2.6095107e+00   2.6074383e+00
   2.6792214e+00   2.6772597e+00   2.6752789e+00   2.6733024e+00   2.6713140e+00   2.6693137e+00   2.6673229e+00   2.6653545e+00   2.6633742e+00   2.6614189e+00   2.6594646e+00   2.6575444e+00   2.6556599e+00   2.6538067e+00   2.6519907e+00   2.6502199e+00   2.6485167e+00   2.6468971e+00   2.6453474e+00   2.6438577e+00   2.6424375e+00   2.6410792e+00   2.6398098e+00   2.6385925e+00   2.6374099e+00   2.6362591e+00   2.6351337e+00   2.6340308e+00   2.6329248e+00   2.6317644e+00   2.6305079e+00   2.6291263e+00   2.6276031e+00   2.6259472e+00   2.6241548e+00   2.6222458e+00   2.6202395e+00   2.6181757e+00   2.6160774e+00   2.6139958e+00   2.6119173e+00   2.6098020e+00   2.6076410e+00   2.6054680e+00   2.6034338e+00   2.6016362e+00   2.6000559e+00   2.5986254e+00   2.5973403e+00   2.5962725e+00   2.5954921e+00   2.5950177e+00   2.5948617e+00   2.5950105e+00   2.5954163e+00   2.5960352e+00   2.5968649e+00   2.5979033e+00   2.5991170e+00   2.6005125e+00   2.6020529e+00   2.6037028e+00   2.6053565e+00   2.6069348e+00   2.6083536e+00   2.6095257e+00   2.6104033e+00   2.6109736e+00   2.6112292e+00   2.6111796e+00   2.6108348e+00   2.6102400e+00   2.6094224e+00   2.6084220e+00   2.6072433e+00   2.6059206e+00   2.6044874e+00   2.6029415e+00   2.6013181e+00   2.5996075e+00   2.5978279e+00   2.5959618e+00   2.5940163e+00   2.5920022e+00   2.5899322e+00   2.5878093e+00   2.5856323e+00   2.5834157e+00   2.5811498e+00   2.5788615e+00   2.5765381e+00   2.5742195e+00   2.5719173e+00   2.5696356e+00   2.5673888e+00   2.5651436e+00   2.5629206e+00   2.5606928e+00   2.5584488e+00   2.5562007e+00
   2.8029130e+00   2.8007250e+00   2.7985132e+00   2.7962863e+00   2.7940643e+00   2.7918785e+00   2.7896910e+00   2.7875335e+00   2.7853768e+00   2.7832248e+00   2.7811000e+00   2.7789910e+00   2.7769415e+00   2.7749498e+00   2.7730312e+00   2.7711918e+00   2.7694435e+00   2.7677538e+00   2.7661335e+00   2.7645972e+00   2.7631719e+00   2.7618542e+00   2.7606099e+00   2.7594070e+00   2.7582390e+00   2.7570951e+00   2.7559605e+00   2.7548583e+00   2.7537248e+00   2.7524998e+00   2.7511475e+00   2.7496541e+00   2.7480166e+00   2.7462471e+00   2.7443206e+00   2.7422802e+00   2.7401397e+00   2.7379723e+00   2.7357953e+00   2.7336223e+00   2.7314041e+00   2.7291050e+00   2.7267323e+00   2.7244453e+00   2.7224000e+00   2.7206337e+00   2.7190781e+00   2.7176666e+00   2.7164567e+00   2.7155437e+00   2.7149618e+00   2.7147262e+00   2.7148399e+00   2.7153013e+00   2.7160645e+00   2.7170858e+00   2.7183483e+00   2.7198398e+00   2.7215393e+00   2.7234447e+00   2.7255123e+00   2.7276611e+00   2.7297781e+00   2.7317803e+00   2.7335711e+00   2.7350664e+00   2.7361896e+00   2.7369277e+00   2.7373230e+00   2.7373841e+00   2.7371471e+00   2.7366486e+00   2.7359180e+00   2.7349851e+00   2.7338607e+00   2.7325900e+00   2.7312181e+00   2.7297342e+00   2.7281592e+00   2.7265213e+00   2.7248268e+00   2.7230313e+00   2.7211192e+00   2.7191505e+00   2.7171376e+00   2.7150860e+00   2.7130001e+00   2.7108815e+00   2.7087448e+00   2.7065566e+00   2.7043555e+00   2.7021656e+00   2.6999972e+00   2.6978531e+00   2.6957371e+00   2.6936531e+00   2.6915734e+00   2.6894836e+00   2.6873767e+00   2.6852849e+00
   2.8317306e+00   2.8295555e+00   2.8273633e+00   2.8251674e+00   2.8229911e+00   2.8208370e+00   2.8186834e+00   2.8165331e+00   2.8143847e+00   2.8122425e+00   2.8101189e+00   2.8080356e+00   2.8060014e+00   2.8040485e+00   2.8021336e+00   2.8002853e+00   2.7985191e+00   2.7968228e+00   2.7952187e+00   2.7937107e+00   2.7922871e+00   2.7909586e+00   2.7896726e+00   2.7884407e+00   2.7872493e+00   2.7860792e+00   2.7849462e+00   2.7838185e+00   2.7826617e+00   2.7814331e+00   2.7800643e+00   2.7785358e+00   2.7768390e+00   2.7749975e+00   2.7730343e+00   2.7709608e+00   2.7687740e+00   2.7665274e+00   2.7642527e+00   2.7619896e+00   2.7596998e+00   2.7573557e+00   2.7549505e+00   2.7526102e+00   2.7504797e+00   2.7486391e+00   2.7470310e+00   2.7455711e+00   2.7443006e+00   2.7433331e+00   2.7427447e+00   2.7425177e+00   2.7426155e+00   2.7430534e+00   2.7438228e+00   2.7448666e+00   2.7461421e+00   2.7476082e+00   2.7493069e+00   2.7512062e+00   2.7532685e+00   2.7554042e+00   2.7575085e+00   2.7594697e+00   2.7611942e+00   2.7625952e+00   2.7636459e+00   2.7643006e+00   2.7645962e+00   2.7645447e+00   2.7641907e+00   2.7635765e+00   2.7627125e+00   2.7616298e+00   2.7603619e+00   2.7589629e+00   2.7574425e+00   2.7558138e+00   2.7540901e+00   2.7522936e+00   2.7504244e+00   2.7484682e+00   2.7464161e+00   2.7442834e+00   2.7420990e+00   2.7398918e+00   2.7376616e+00   2.7353916e+00   2.7330797e+00   2.7307422e+00   2.7284184e+00   2.7260981e+00   2.7237728e+00   2.7214773e+00   2.7192314e+00   2.7170136e+00   2.7148149e+00   2.7126276e+00   2.7104409e+00   2.7082193e+00
   2.9671371e+00   2.9642792e+00   2.9614017e+00   2.9585428e+00   2.9557045e+00   2.9528759e+00   2.9500563e+00   2.9472597e+00   2.9444933e+00   2.9417484e+00   2.9389851e+00   2.9362926e+00   2.9336853e+00   2.9311695e+00   2.9287350e+00   2.9263668e+00   2.9241018e+00   2.9219477e+00   2.9198887e+00   2.9179468e+00   2.9161365e+00   2.9144604e+00   2.9128628e+00   2.9113147e+00   2.9098141e+00   2.9083798e+00   2.9070075e+00   2.9056270e+00   2.9041901e+00   2.9026496e+00   2.9009829e+00   2.8991461e+00   2.8971071e+00   2.8948667e+00   2.8924482e+00   2.8898876e+00   2.8872128e+00   2.8844616e+00   2.8816900e+00   2.8789260e+00   2.8761179e+00   2.8732388e+00   2.8703308e+00   2.8675435e+00   2.8650053e+00   2.8627999e+00   2.8608840e+00   2.8591909e+00   2.8577526e+00   2.8566608e+00   2.8559990e+00   2.8557968e+00   2.8560412e+00   2.8567264e+00   2.8578193e+00   2.8592253e+00   2.8609295e+00   2.8629267e+00   2.8651950e+00   2.8677089e+00   2.8704138e+00   2.8732078e+00   2.8759744e+00   2.8785789e+00   2.8809040e+00   2.8828552e+00   2.8843491e+00   2.8853738e+00   2.8859231e+00   2.8860343e+00   2.8857749e+00   2.8851442e+00   2.8842003e+00   2.8829811e+00   2.8815563e+00   2.8799512e+00   2.8781598e+00   2.8762558e+00   2.8742533e+00   2.8721793e+00   2.8699868e+00   2.8676755e+00   2.8652573e+00   2.8627460e+00   2.8601711e+00   2.8575475e+00   2.8548896e+00   2.8521976e+00   2.8494699e+00   2.8467102e+00   2.8439510e+00   2.8411644e+00   2.8384016e+00   2.8356743e+00   2.8330224e+00   2.8304155e+00   2.8277900e+00   2.8251915e+00   2.8226001e+00   2.8200159e+00
   2.7369547e+00   2.7347775e+00   2.7326500e+00   2.7306015e+00   2.7285938e+00   2.7265689e+00   2.7245004e+00   2.7223957e+00   2.7202702e+00   2.7181826e+00   2.7161720e+00   2.7142487e+00   2.7124007e+00   2.7105687e+00   2.7087727e+00   2.7069962e+00   2.7052879e+00   2.7036915e+00   2.7022288e+00   2.7009001e+00   2.6996582e+00   2.6984632e+00   2.6973107e+00   2.6961737e+00   2.6950779e+00   2.6940348e+00   2.6930771e+00   2.6921871e+00   2.6912944e+00   2.6902790e+00   2.6890736e+00   2.6876800e+00   2.6861095e+00   2.6844130e+00   2.6826210e+00   2.6807337e+00   2.6787417e+00   2.6766498e+00   2.6744778e+00   2.6722806e+00   2.6700613e+00   2.6678193e+00   2.6655729e+00   2.6634283e+00   2.6614726e+00   2.6597605e+00   2.6582406e+00   2.6568480e+00   2.6556351e+00   2.6547260e+00   2.6542141e+00   2.6541128e+00   2.6543705e+00   2.6549594e+00   2.6558301e+00   2.6569493e+00   2.6582949e+00   2.6598949e+00   2.6617751e+00   2.6639087e+00   2.6662328e+00   2.6686242e+00   2.6709712e+00   2.6731584e+00   2.6750968e+00   2.6767397e+00   2.6780796e+00   2.6790981e+00   2.6797268e+00   2.6799593e+00   2.6798255e+00   2.6793585e+00   2.6785786e+00   2.6775520e+00   2.6763632e+00   2.6750813e+00   2.6736851e+00   2.6721745e+00   2.6705344e+00   2.6687477e+00   2.6668322e+00   2.6648219e+00   2.6627729e+00   2.6606934e+00   2.6585712e+00   2.6563823e+00   2.6541049e+00   2.6517096e+00   2.6492598e+00   2.6468039e+00   2.6443965e+00   2.6420424e+00   2.6396871e+00   2.6373413e+00   2.6349666e+00   2.6325910e+00   2.6302125e+00   2.6278768e+00   2.6256270e+00   2.6234043e+00
   2.8039138e+00   2.8016913e+00   2.7994661e+00   2.7972386e+00   2.7949994e+00   2.7927723e+00   2.7905605e+00   2.7883947e+00   2.7862482e+00   2.7841094e+00   2.7819843e+00   2.7798913e+00   2.7778466e+00   2.7758529e+00   2.7739208e+00   2.7720792e+00   2.7703266e+00   2.7686529e+00   2.7670653e+00   2.7655799e+00   2.7641830e+00   2.7628727e+00   2.7616396e+00   2.7604561e+00   2.7593062e+00   2.7581911e+00   2.7570994e+00   2.7560246e+00   2.7548926e+00   2.7536786e+00   2.7523489e+00   2.7508695e+00   2.7492135e+00   2.7473946e+00   2.7454445e+00   2.7433908e+00   2.7412302e+00   2.7390175e+00   2.7367861e+00   2.7345726e+00   2.7323649e+00   2.7301037e+00   2.7277858e+00   2.7255104e+00   2.7234411e+00   2.7216871e+00   2.7202091e+00   2.7188873e+00   2.7177305e+00   2.7168777e+00   2.7164030e+00   2.7163074e+00   2.7165492e+00   2.7171433e+00   2.7180474e+00   2.7192202e+00   2.7206314e+00   2.7222900e+00   2.7241795e+00   2.7262609e+00   2.7284772e+00   2.7307813e+00   2.7330570e+00   2.7351904e+00   2.7370818e+00   2.7386630e+00   2.7398732e+00   2.7406905e+00   2.7411115e+00   2.7411931e+00   2.7409680e+00   2.7404568e+00   2.7397041e+00   2.7387364e+00   2.7375906e+00   2.7362859e+00   2.7348337e+00   2.7332847e+00   2.7316530e+00   2.7299569e+00   2.7281997e+00   2.7263565e+00   2.7244179e+00   2.7223864e+00   2.7202880e+00   2.7181339e+00   2.7159326e+00   2.7137015e+00   2.7114546e+00   2.7092011e+00   2.7069442e+00   2.7046783e+00   2.7024193e+00   2.7001953e+00   2.6980114e+00   2.6958506e+00   2.6937258e+00   2.6916025e+00   2.6894710e+00   2.6873271e+00
   2.8544662e+00   2.8518858e+00   2.8493042e+00   2.8467443e+00   2.8441684e+00   2.8415930e+00   2.8390033e+00   2.8364315e+00   2.8338909e+00   2.8314068e+00   2.8289518e+00   2.8265314e+00   2.8241241e+00   2.8217592e+00   2.8194592e+00   2.8172293e+00   2.8150826e+00   2.8130591e+00   2.8111165e+00   2.8092401e+00   2.8074658e+00   2.8057716e+00   2.8041537e+00   2.8025796e+00   2.8010476e+00   2.7995825e+00   2.7981701e+00   2.7967665e+00   2.7953346e+00   2.7938194e+00   2.7921841e+00   2.7903950e+00   2.7884674e+00   2.7864039e+00   2.7842224e+00   2.7819293e+00   2.7795126e+00   2.7770240e+00   2.7745168e+00   2.7720137e+00   2.7695091e+00   2.7669399e+00   2.7643051e+00   2.7617428e+00   2.7594023e+00   2.7573330e+00   2.7554665e+00   2.7537243e+00   2.7521646e+00   2.7509184e+00   2.7500312e+00   2.7495015e+00   2.7493122e+00   2.7494662e+00   2.7499402e+00   2.7506704e+00   2.7516489e+00   2.7528636e+00   2.7543228e+00   2.7560093e+00   2.7578804e+00   2.7598460e+00   2.7618010e+00   2.7636549e+00   2.7653170e+00   2.7667224e+00   2.7677729e+00   2.7684371e+00   2.7687111e+00   2.7686434e+00   2.7682638e+00   2.7675869e+00   2.7666447e+00   2.7655172e+00   2.7642086e+00   2.7627258e+00   2.7611122e+00   2.7593861e+00   2.7575512e+00   2.7556050e+00   2.7535877e+00   2.7515097e+00   2.7493525e+00   2.7471094e+00   2.7448130e+00   2.7424676e+00   2.7400563e+00   2.7375915e+00   2.7350991e+00   2.7325945e+00   2.7300828e+00   2.7275736e+00   2.7250888e+00   2.7226171e+00   2.7201712e+00   2.7177570e+00   2.7153871e+00   2.7130191e+00   2.7106240e+00   2.7082117e+00
   2.8213708e+00   2.8187637e+00   2.8161271e+00   2.8134987e+00   2.8108699e+00   2.8082592e+00   2.8056719e+00   2.8031130e+00   2.8005855e+00   2.7980640e+00   2.7955379e+00   2.7930431e+00   2.7906101e+00   2.7882369e+00   2.7859509e+00   2.7837436e+00   2.7816265e+00   2.7795703e+00   2.7775767e+00   2.7756727e+00   2.7738879e+00   2.7721727e+00   2.7705364e+00   2.7689507e+00   2.7674196e+00   2.7659264e+00   2.7644703e+00   2.7630281e+00   2.7615623e+00   2.7600250e+00   2.7583752e+00   2.7566204e+00   2.7547495e+00   2.7527363e+00   2.7506168e+00   2.7483912e+00   2.7460992e+00   2.7437582e+00   2.7413971e+00   2.7390659e+00   2.7367284e+00   2.7343082e+00   2.7318165e+00   2.7293761e+00   2.7271612e+00   2.7252324e+00   2.7235081e+00   2.7219121e+00   2.7204876e+00   2.7193630e+00   2.7185764e+00   2.7181151e+00   2.7179508e+00   2.7181056e+00   2.7185643e+00   2.7192745e+00   2.7202284e+00   2.7214057e+00   2.7228258e+00   2.7244365e+00   2.7261877e+00   2.7280118e+00   2.7298288e+00   2.7315781e+00   2.7331569e+00   2.7344887e+00   2.7354991e+00   2.7361364e+00   2.7364204e+00   2.7363770e+00   2.7360446e+00   2.7354786e+00   2.7347014e+00   2.7337272e+00   2.7325857e+00   2.7312872e+00   2.7298691e+00   2.7283261e+00   2.7266939e+00   2.7250106e+00   2.7232721e+00   2.7214797e+00   2.7196004e+00   2.7176552e+00   2.7156353e+00   2.7135613e+00   2.7114823e+00   2.7093751e+00   2.7072515e+00   2.7050979e+00   2.7029531e+00   2.7008216e+00   2.6986763e+00   2.6965706e+00   2.6944973e+00   2.6924541e+00   2.6904404e+00   2.6884344e+00   2.6864338e+00   2.6844084e+00
   2.7087967e+00   2.7068555e+00   2.7049148e+00   2.7029641e+00   2.7009869e+00   2.6989839e+00   2.6969659e+00   2.6949708e+00   2.6929901e+00   2.6910055e+00   2.6890190e+00   2.6870329e+00   2.6850617e+00   2.6831033e+00   2.6811750e+00   2.6793106e+00   2.6774969e+00   2.6757476e+00   2.6740625e+00   2.6724422e+00   2.6708810e+00   2.6693535e+00   2.6678712e+00   2.6664269e+00   2.6650267e+00   2.6636519e+00   2.6623003e+00   2.6609609e+00   2.6596014e+00   2.6581666e+00   2.6566412e+00   2.6550097e+00   2.6532886e+00   2.6514843e+00   2.6496258e+00   2.6477163e+00   2.6457407e+00   2.6437104e+00   2.6416643e+00   2.6396766e+00   2.6377056e+00   2.6356976e+00   2.6336055e+00   2.6315126e+00   2.6295757e+00   2.6278737e+00   2.6263463e+00   2.6249254e+00   2.6235859e+00   2.6224468e+00   2.6215668e+00   2.6209319e+00   2.6205113e+00   2.6203012e+00   2.6202986e+00   2.6204908e+00   2.6208584e+00   2.6213789e+00   2.6220596e+00   2.6228855e+00   2.6238191e+00   2.6247950e+00   2.6257493e+00   2.6266575e+00   2.6274421e+00   2.6280458e+00   2.6284297e+00   2.6285608e+00   2.6284659e+00   2.6281312e+00   2.6275923e+00   2.6268828e+00   2.6260030e+00   2.6249928e+00   2.6238632e+00   2.6226513e+00   2.6213465e+00   2.6199419e+00   2.6184866e+00   2.6170051e+00   2.6154749e+00   2.6138754e+00   2.6122124e+00   2.6105087e+00   2.6087418e+00   2.6069334e+00   2.6051254e+00   2.6033199e+00   2.6014783e+00   2.5995948e+00   2.5976944e+00   2.5958083e+00   2.5939257e+00   2.5920517e+00   2.5902021e+00   2.5883801e+00   2.5865757e+00   2.5847769e+00   2.5829523e+00   2.5810783e+00
   2.8066874e+00   2.8044186e+00   2.8021278e+00   2.7998095e+00   2.7974961e+00   2.7951896e+00   2.7928905e+00   2.7906291e+00   2.7883890e+00   2.7861445e+00   2.7839057e+00   2.7816708e+00   2.7794964e+00   2.7773781e+00   2.7753315e+00   2.7733288e+00   2.7713842e+00   2.7695324e+00   2.7677872e+00   2.7661095e+00   2.7645066e+00   2.7629700e+00   2.7615306e+00   2.7601624e+00   2.7588320e+00   2.7575204e+00   2.7562230e+00   2.7549131e+00   2.7535737e+00   2.7521598e+00   2.7506382e+00   2.7489872e+00   2.7471964e+00   2.7452567e+00   2.7431881e+00   2.7409840e+00   2.7386863e+00   2.7363408e+00   2.7339699e+00   2.7316284e+00   2.7292855e+00   2.7268960e+00   2.7244368e+00   2.7220089e+00   2.7197750e+00   2.7178276e+00   2.7161038e+00   2.7145348e+00   2.7131498e+00   2.7120421e+00   2.7112560e+00   2.7107904e+00   2.7106488e+00   2.7108543e+00   2.7113581e+00   2.7121375e+00   2.7131584e+00   2.7144270e+00   2.7159226e+00   2.7176030e+00   2.7194536e+00   2.7213910e+00   2.7233245e+00   2.7251358e+00   2.7267354e+00   2.7280490e+00   2.7290192e+00   2.7296159e+00   2.7298555e+00   2.7297590e+00   2.7293577e+00   2.7286930e+00   2.7277985e+00   2.7266960e+00   2.7254066e+00   2.7239511e+00   2.7223670e+00   2.7206917e+00   2.7189360e+00   2.7171056e+00   2.7151957e+00   2.7132075e+00   2.7111378e+00   2.7089741e+00   2.7067254e+00   2.7044449e+00   2.7021389e+00   2.6998260e+00   2.6974850e+00   2.6951001e+00   2.6927111e+00   2.6903179e+00   2.6879461e+00   2.6855695e+00   2.6832304e+00   2.6809464e+00   2.6786869e+00   2.6764219e+00   2.6741419e+00   2.6718686e+00
   2.7165358e+00   2.7146537e+00   2.7127459e+00   2.7107913e+00   2.7088034e+00   2.7068107e+00   2.7048514e+00   2.7029583e+00   2.7010968e+00   2.6992385e+00   2.6973648e+00   2.6954641e+00   2.6935828e+00   2.6917455e+00   2.6899974e+00   2.6883471e+00   2.6867733e+00   2.6852553e+00   2.6837759e+00   2.6823437e+00   2.6809719e+00   2.6796758e+00   2.6784708e+00   2.6773450e+00   2.6762669e+00   2.6752231e+00   2.6741741e+00   2.6731176e+00   2.6719971e+00   2.6708126e+00   2.6695530e+00   2.6682050e+00   2.6667240e+00   2.6651211e+00   2.6633759e+00   2.6615021e+00   2.6595201e+00   2.6574805e+00   2.6554639e+00   2.6534917e+00   2.6515481e+00   2.6495543e+00   2.6474431e+00   2.6453226e+00   2.6433680e+00   2.6416757e+00   2.6402159e+00   2.6388981e+00   2.6377418e+00   2.6368170e+00   2.6361697e+00   2.6357992e+00   2.6357038e+00   2.6359215e+00   2.6364310e+00   2.6372051e+00   2.6382060e+00   2.6394024e+00   2.6407683e+00   2.6422908e+00   2.6439455e+00   2.6457012e+00   2.6474800e+00   2.6491814e+00   2.6507125e+00   2.6520030e+00   2.6529691e+00   2.6535745e+00   2.6538250e+00   2.6537733e+00   2.6534591e+00   2.6529243e+00   2.6521914e+00   2.6512663e+00   2.6501532e+00   2.6488626e+00   2.6474516e+00   2.6459577e+00   2.6444080e+00   2.6428115e+00   2.6411712e+00   2.6394477e+00   2.6376343e+00   2.6357164e+00   2.6337245e+00   2.6317003e+00   2.6296475e+00   2.6276023e+00   2.6255636e+00   2.6235087e+00   2.6214163e+00   2.6192706e+00   2.6171217e+00   2.6150112e+00   2.6129737e+00   2.6110003e+00   2.6090391e+00   2.6070564e+00   2.6050541e+00   2.6030149e+00
   2.7525787e+00   2.7500093e+00   2.7474124e+00   2.7448244e+00   2.7422276e+00   2.7396362e+00   2.7370503e+00   2.7344754e+00   2.7319062e+00   2.7293565e+00   2.7268202e+00   2.7243109e+00   2.7218380e+00   2.7194149e+00   2.7170575e+00   2.7147658e+00   2.7125318e+00   2.7103693e+00   2.7082968e+00   2.7063341e+00   2.7044697e+00   2.7026641e+00   2.7009163e+00   2.6992092e+00   2.6975527e+00   2.6959593e+00   2.6944199e+00   2.6928875e+00   2.6913280e+00   2.6897023e+00   2.6879463e+00   2.6860378e+00   2.6839764e+00   2.6817930e+00   2.6795208e+00   2.6771467e+00   2.6746864e+00   2.6721570e+00   2.6696129e+00   2.6670799e+00   2.6645372e+00   2.6619673e+00   2.6593640e+00   2.6567998e+00   2.6544230e+00   2.6523135e+00   2.6504266e+00   2.6486883e+00   2.6471088e+00   2.6458006e+00   2.6448364e+00   2.6442001e+00   2.6438859e+00   2.6438820e+00   2.6441584e+00   2.6446984e+00   2.6454613e+00   2.6464624e+00   2.6476860e+00   2.6491249e+00   2.6507308e+00   2.6524131e+00   2.6540859e+00   2.6556575e+00   2.6570408e+00   2.6581578e+00   2.6589859e+00   2.6594589e+00   2.6595919e+00   2.6593993e+00   2.6589086e+00   2.6581540e+00   2.6571534e+00   2.6559508e+00   2.6545873e+00   2.6530974e+00   2.6514847e+00   2.6497614e+00   2.6479571e+00   2.6460600e+00   2.6440935e+00   2.6420486e+00   2.6399324e+00   2.6377552e+00   2.6354945e+00   2.6331782e+00   2.6308053e+00   2.6284046e+00   2.6259701e+00   2.6235301e+00   2.6210935e+00   2.6186485e+00   2.6162109e+00   2.6137753e+00   2.6113627e+00   2.6089661e+00   2.6066163e+00   2.6042979e+00   2.6019642e+00   2.5996039e+00
   2.7099876e+00   2.7082794e+00   2.7065516e+00   2.7048008e+00   2.7030392e+00   2.7012966e+00   2.6995337e+00   2.6977692e+00   2.6960099e+00   2.6942787e+00   2.6925707e+00   2.6908753e+00   2.6892061e+00   2.6875999e+00   2.6860397e+00   2.6845272e+00   2.6830690e+00   2.6816957e+00   2.6804230e+00   2.6792307e+00   2.6781375e+00   2.6771042e+00   2.6761227e+00   2.6751559e+00   2.6742213e+00   2.6733208e+00   2.6724575e+00   2.6715794e+00   2.6706808e+00   2.6697044e+00   2.6686115e+00   2.6673625e+00   2.6659577e+00   2.6644182e+00   2.6627820e+00   2.6610444e+00   2.6592007e+00   2.6573076e+00   2.6553943e+00   2.6534951e+00   2.6515658e+00   2.6495590e+00   2.6474812e+00   2.6454523e+00   2.6436169e+00   2.6420712e+00   2.6407197e+00   2.6394961e+00   2.6384144e+00   2.6375992e+00   2.6371250e+00   2.6370051e+00   2.6372092e+00   2.6376886e+00   2.6384366e+00   2.6394231e+00   2.6406295e+00   2.6420431e+00   2.6436682e+00   2.6454635e+00   2.6473899e+00   2.6493804e+00   2.6513636e+00   2.6532457e+00   2.6549425e+00   2.6563845e+00   2.6575239e+00   2.6583090e+00   2.6587410e+00   2.6588516e+00   2.6586769e+00   2.6582510e+00   2.6576214e+00   2.6568344e+00   2.6558983e+00   2.6548228e+00   2.6536186e+00   2.6522980e+00   2.6508787e+00   2.6493757e+00   2.6478183e+00   2.6462131e+00   2.6445501e+00   2.6427915e+00   2.6409645e+00   2.6390865e+00   2.6371534e+00   2.6351628e+00   2.6331325e+00   2.6311159e+00   2.6291087e+00   2.6271007e+00   2.6250792e+00   2.6230636e+00   2.6210790e+00   2.6191242e+00   2.6172035e+00   2.6152704e+00   2.6133118e+00   2.6113102e+00
   2.8458033e+00   2.8435538e+00   2.8412962e+00   2.8390214e+00   2.8367522e+00   2.8344834e+00   2.8322506e+00   2.8300331e+00   2.8278201e+00   2.8256111e+00   2.8234453e+00   2.8213084e+00   2.8192279e+00   2.8171949e+00   2.8152535e+00   2.8133862e+00   2.8115911e+00   2.8098719e+00   2.8082631e+00   2.8067725e+00   2.8053493e+00   2.8040168e+00   2.8027785e+00   2.8015888e+00   2.8004329e+00   2.7992928e+00   2.7981939e+00   2.7971067e+00   2.7959712e+00   2.7947528e+00   2.7934039e+00   2.7918739e+00   2.7901661e+00   2.7883110e+00   2.7863305e+00   2.7842255e+00   2.7820148e+00   2.7797616e+00   2.7775128e+00   2.7752352e+00   2.7729023e+00   2.7704890e+00   2.7680595e+00   2.7657163e+00   2.7636127e+00   2.7617810e+00   2.7601931e+00   2.7587731e+00   2.7575476e+00   2.7566292e+00   2.7560892e+00   2.7559311e+00   2.7561386e+00   2.7567232e+00   2.7576463e+00   2.7588387e+00   2.7602673e+00   2.7619460e+00   2.7638798e+00   2.7660391e+00   2.7683315e+00   2.7707119e+00   2.7730744e+00   2.7753201e+00   2.7773240e+00   2.7790120e+00   2.7803094e+00   2.7812023e+00   2.7816875e+00   2.7818222e+00   2.7816451e+00   2.7811728e+00   2.7804260e+00   2.7794473e+00   2.7782924e+00   2.7769670e+00   2.7755096e+00   2.7739666e+00   2.7723505e+00   2.7706630e+00   2.7688529e+00   2.7669687e+00   2.7649677e+00   2.7628937e+00   2.7607510e+00   2.7585762e+00   2.7563617e+00   2.7540872e+00   2.7517984e+00   2.7494974e+00   2.7471874e+00   2.7448330e+00   2.7424996e+00   2.7402077e+00   2.7379665e+00   2.7357614e+00   2.7335889e+00   2.7314320e+00   2.7292435e+00   2.7270286e+00
   2.8401842e+00   2.8372784e+00   2.8343592e+00   2.8314292e+00   2.8285027e+00   2.8256071e+00   2.8227558e+00   2.8199232e+00   2.8171127e+00   2.8143384e+00   2.8116045e+00   2.8089237e+00   2.8062737e+00   2.8036556e+00   2.8011417e+00   2.7987165e+00   2.7963951e+00   2.7941697e+00   2.7920549e+00   2.7900324e+00   2.7881062e+00   2.7862778e+00   2.7845631e+00   2.7829258e+00   2.7813499e+00   2.7798049e+00   2.7783062e+00   2.7768471e+00   2.7753384e+00   2.7737691e+00   2.7720749e+00   2.7702284e+00   2.7681844e+00   2.7659550e+00   2.7635844e+00   2.7610586e+00   2.7584057e+00   2.7556598e+00   2.7528775e+00   2.7501175e+00   2.7473724e+00   2.7446063e+00   2.7417889e+00   2.7390015e+00   2.7363911e+00   2.7340786e+00   2.7320435e+00   2.7302120e+00   2.7285948e+00   2.7272975e+00   2.7264245e+00   2.7259591e+00   2.7258873e+00   2.7262032e+00   2.7268779e+00   2.7278841e+00   2.7291586e+00   2.7306964e+00   2.7325194e+00   2.7345817e+00   2.7368374e+00   2.7391846e+00   2.7415497e+00   2.7438061e+00   2.7458165e+00   2.7474983e+00   2.7487957e+00   2.7496631e+00   2.7500703e+00   2.7500601e+00   2.7496860e+00   2.7489793e+00   2.7479906e+00   2.7467468e+00   2.7452915e+00   2.7436533e+00   2.7418444e+00   2.7399004e+00   2.7378495e+00   2.7357056e+00   2.7334678e+00   2.7311382e+00   2.7287128e+00   2.7261894e+00   2.7235768e+00   2.7209022e+00   2.7181771e+00   2.7153971e+00   2.7125769e+00   2.7097416e+00   2.7068875e+00   2.7040131e+00   2.7011621e+00   2.6983392e+00   2.6955531e+00   2.6927967e+00   2.6900861e+00   2.6874027e+00   2.6846819e+00   2.6819632e+00
   2.8628170e+00   2.8601220e+00   2.8574200e+00   2.8547051e+00   2.8520005e+00   2.8492839e+00   2.8465586e+00   2.8438790e+00   2.8412285e+00   2.8386023e+00   2.8359966e+00   2.8334150e+00   2.8308675e+00   2.8283641e+00   2.8259213e+00   2.8235552e+00   2.8212605e+00   2.8190563e+00   2.8169677e+00   2.8149834e+00   2.8130825e+00   2.8112571e+00   2.8094969e+00   2.8078082e+00   2.8061688e+00   2.8045943e+00   2.8030536e+00   2.8015223e+00   2.7999439e+00   2.7982624e+00   2.7964790e+00   2.7945716e+00   2.7925005e+00   2.7902737e+00   2.7879078e+00   2.7854519e+00   2.7829049e+00   2.7802622e+00   2.7775924e+00   2.7749462e+00   2.7723024e+00   2.7695949e+00   2.7668540e+00   2.7641776e+00   2.7617080e+00   2.7594903e+00   2.7575157e+00   2.7557075e+00   2.7540805e+00   2.7527370e+00   2.7517688e+00   2.7511749e+00   2.7509413e+00   2.7510231e+00   2.7514145e+00   2.7520914e+00   2.7530212e+00   2.7542202e+00   2.7556829e+00   2.7573643e+00   2.7592247e+00   2.7611673e+00   2.7631314e+00   2.7649972e+00   2.7666712e+00   2.7680624e+00   2.7691033e+00   2.7697649e+00   2.7700245e+00   2.7699115e+00   2.7694762e+00   2.7687578e+00   2.7677944e+00   2.7666123e+00   2.7652409e+00   2.7637279e+00   2.7620656e+00   2.7602880e+00   2.7584200e+00   2.7564595e+00   2.7544482e+00   2.7523491e+00   2.7501755e+00   2.7478960e+00   2.7455263e+00   2.7431161e+00   2.7406595e+00   2.7381699e+00   2.7356389e+00   2.7331085e+00   2.7305744e+00   2.7280197e+00   2.7254775e+00   2.7229519e+00   2.7204673e+00   2.7180023e+00   2.7155592e+00   2.7131577e+00   2.7107351e+00   2.7082775e+00
   2.7495296e+00   2.7476032e+00   2.7456534e+00   2.7436848e+00   2.7417114e+00   2.7397404e+00   2.7377808e+00   2.7358284e+00   2.7338955e+00   2.7319715e+00   2.7300684e+00   2.7281907e+00   2.7263377e+00   2.7245228e+00   2.7227478e+00   2.7210348e+00   2.7194109e+00   2.7178638e+00   2.7164137e+00   2.7150509e+00   2.7137671e+00   2.7125561e+00   2.7114003e+00   2.7102888e+00   2.7092221e+00   2.7081878e+00   2.7071779e+00   2.7061853e+00   2.7051525e+00   2.7040510e+00   2.7028010e+00   2.7014158e+00   2.6998713e+00   2.6981900e+00   2.6963701e+00   2.6944284e+00   2.6923945e+00   2.6903079e+00   2.6882088e+00   2.6861231e+00   2.6840389e+00   2.6818917e+00   2.6796901e+00   2.6775124e+00   2.6755340e+00   2.6738193e+00   2.6723320e+00   2.6709912e+00   2.6698005e+00   2.6688926e+00   2.6683204e+00   2.6681001e+00   2.6681979e+00   2.6686041e+00   2.6692991e+00   2.6702559e+00   2.6714430e+00   2.6728411e+00   2.6744347e+00   2.6762116e+00   2.6781490e+00   2.6801727e+00   2.6821911e+00   2.6841061e+00   2.6858149e+00   2.6872547e+00   2.6883662e+00   2.6891339e+00   2.6895564e+00   2.6896496e+00   2.6894557e+00   2.6889870e+00   2.6882715e+00   2.6873720e+00   2.6863139e+00   2.6851051e+00   2.6837623e+00   2.6823113e+00   2.6807861e+00   2.6791995e+00   2.6775162e+00   2.6757603e+00   2.6739237e+00   2.6720200e+00   2.6700509e+00   2.6680222e+00   2.6659729e+00   2.6638699e+00   2.6617048e+00   2.6595004e+00   2.6573048e+00   2.6551130e+00   2.6529448e+00   2.6508112e+00   2.6486881e+00   2.6465678e+00   2.6444511e+00   2.6423738e+00   2.6402571e+00   2.6381290e+00
   2.7795365e+00   2.7773399e+00   2.7750862e+00   2.7728243e+00   2.7705650e+00   2.7683117e+00   2.7660744e+00   2.7638226e+00   2.7615576e+00   2.7592776e+00   2.7570105e+00   2.7547481e+00   2.7525232e+00   2.7503288e+00   2.7481689e+00   2.7460639e+00   2.7440193e+00   2.7420123e+00   2.7400615e+00   2.7381620e+00   2.7363396e+00   2.7345984e+00   2.7329195e+00   2.7312536e+00   2.7296169e+00   2.7280309e+00   2.7264874e+00   2.7249515e+00   2.7233703e+00   2.7217348e+00   2.7200253e+00   2.7182245e+00   2.7163208e+00   2.7143261e+00   2.7122195e+00   2.7100163e+00   2.7077599e+00   2.7054818e+00   2.7031975e+00   2.7009265e+00   2.6986639e+00   2.6963832e+00   2.6940539e+00   2.6917465e+00   2.6895704e+00   2.6876042e+00   2.6858385e+00   2.6842010e+00   2.6826980e+00   2.6813908e+00   2.6803348e+00   2.6795435e+00   2.6790218e+00   2.6787415e+00   2.6786950e+00   2.6788321e+00   2.6791496e+00   2.6796455e+00   2.6802971e+00   2.6810815e+00   2.6819782e+00   2.6829414e+00   2.6839221e+00   2.6848156e+00   2.6855648e+00   2.6861038e+00   2.6864326e+00   2.6865051e+00   2.6863117e+00   2.6858566e+00   2.6851714e+00   2.6843116e+00   2.6832964e+00   2.6821358e+00   2.6808369e+00   2.6794322e+00   2.6779349e+00   2.6763680e+00   2.6747272e+00   2.6730354e+00   2.6712978e+00   2.6694925e+00   2.6676061e+00   2.6656666e+00   2.6636777e+00   2.6616535e+00   2.6595898e+00   2.6574843e+00   2.6553657e+00   2.6532428e+00   2.6511121e+00   2.6489806e+00   2.6468499e+00   2.6447425e+00   2.6426651e+00   2.6406047e+00   2.6385686e+00   2.6365132e+00   2.6344497e+00   2.6323807e+00
   2.7622797e+00   2.7600145e+00   2.7577295e+00   2.7554371e+00   2.7531548e+00   2.7508898e+00   2.7485955e+00   2.7463055e+00   2.7440207e+00   2.7417057e+00   2.7394030e+00   2.7371204e+00   2.7348928e+00   2.7327297e+00   2.7305686e+00   2.7284510e+00   2.7263896e+00   2.7243998e+00   2.7225006e+00   2.7206881e+00   2.7189534e+00   2.7172997e+00   2.7156813e+00   2.7140963e+00   2.7125492e+00   2.7110243e+00   2.7095401e+00   2.7080824e+00   2.7066021e+00   2.7050464e+00   2.7033863e+00   2.7015839e+00   2.6996555e+00   2.6976063e+00   2.6954460e+00   2.6932182e+00   2.6909449e+00   2.6886444e+00   2.6863220e+00   2.6840143e+00   2.6817083e+00   2.6793697e+00   2.6769893e+00   2.6746233e+00   2.6724441e+00   2.6705236e+00   2.6688173e+00   2.6672499e+00   2.6657932e+00   2.6645563e+00   2.6636379e+00   2.6630595e+00   2.6627808e+00   2.6627741e+00   2.6629984e+00   2.6634190e+00   2.6640351e+00   2.6648529e+00   2.6658640e+00   2.6670630e+00   2.6683881e+00   2.6698017e+00   2.6711934e+00   2.6724653e+00   2.6735561e+00   2.6744239e+00   2.6750162e+00   2.6753139e+00   2.6752985e+00   2.6750233e+00   2.6745090e+00   2.6737747e+00   2.6728470e+00   2.6717222e+00   2.6704614e+00   2.6690814e+00   2.6676095e+00   2.6660597e+00   2.6644506e+00   2.6627738e+00   2.6610358e+00   2.6592376e+00   2.6573839e+00   2.6554663e+00   2.6534817e+00   2.6514475e+00   2.6493742e+00   2.6472704e+00   2.6451263e+00   2.6429646e+00   2.6408021e+00   2.6386614e+00   2.6365225e+00   2.6343935e+00   2.6322746e+00   2.6301663e+00   2.6280816e+00   2.6259935e+00   2.6239130e+00   2.6218221e+00
   2.8879726e+00   2.8853409e+00   2.8827057e+00   2.8800564e+00   2.8773727e+00   2.8746727e+00   2.8719819e+00   2.8693314e+00   2.8667395e+00   2.8641722e+00   2.8616228e+00   2.8590899e+00   2.8565652e+00   2.8540986e+00   2.8516843e+00   2.8493481e+00   2.8471267e+00   2.8450534e+00   2.8430786e+00   2.8411703e+00   2.8393114e+00   2.8375416e+00   2.8358688e+00   2.8342826e+00   2.8327630e+00   2.8313029e+00   2.8298733e+00   2.8284252e+00   2.8269160e+00   2.8253202e+00   2.8236027e+00   2.8217545e+00   2.8197572e+00   2.8176091e+00   2.8153107e+00   2.8128624e+00   2.8103001e+00   2.8076479e+00   2.8049612e+00   2.8022945e+00   2.7996571e+00   2.7969978e+00   2.7942953e+00   2.7916222e+00   2.7891200e+00   2.7869084e+00   2.7849319e+00   2.7831414e+00   2.7815578e+00   2.7803097e+00   2.7794688e+00   2.7790129e+00   2.7789135e+00   2.7791526e+00   2.7797267e+00   2.7805798e+00   2.7817104e+00   2.7831049e+00   2.7847548e+00   2.7866037e+00   2.7886207e+00   2.7907345e+00   2.7928333e+00   2.7948017e+00   2.7965648e+00   2.7980659e+00   2.7992165e+00   2.7999508e+00   2.8002679e+00   2.8001893e+00   2.7997811e+00   2.7990577e+00   2.7980855e+00   2.7968838e+00   2.7954919e+00   2.7939618e+00   2.7923069e+00   2.7905397e+00   2.7886517e+00   2.7866688e+00   2.7845981e+00   2.7824657e+00   2.7802498e+00   2.7779381e+00   2.7755558e+00   2.7731068e+00   2.7705848e+00   2.7680025e+00   2.7653816e+00   2.7627394e+00   2.7600815e+00   2.7574232e+00   2.7547705e+00   2.7521198e+00   2.7494800e+00   2.7469006e+00   2.7443612e+00   2.7418115e+00   2.7392581e+00   2.7366960e+00
   2.8733714e+00   2.8703511e+00   2.8673143e+00   2.8642542e+00   2.8611863e+00   2.8581562e+00   2.8551617e+00   2.8521984e+00   2.8492744e+00   2.8463764e+00   2.8435066e+00   2.8406630e+00   2.8378618e+00   2.8351412e+00   2.8325031e+00   2.8299229e+00   2.8274219e+00   2.8250132e+00   2.8227232e+00   2.8205531e+00   2.8185079e+00   2.8165991e+00   2.8148003e+00   2.8130901e+00   2.8114491e+00   2.8098571e+00   2.8082895e+00   2.8067415e+00   2.8052025e+00   2.8036211e+00   2.8019536e+00   2.8001111e+00   2.7980404e+00   2.7957420e+00   2.7932310e+00   2.7905357e+00   2.7877042e+00   2.7847497e+00   2.7817166e+00   2.7786653e+00   2.7756298e+00   2.7725966e+00   2.7695320e+00   2.7664597e+00   2.7635174e+00   2.7608464e+00   2.7584667e+00   2.7562971e+00   2.7543552e+00   2.7527053e+00   2.7514307e+00   2.7505875e+00   2.7502167e+00   2.7503290e+00   2.7508638e+00   2.7517471e+00   2.7529261e+00   2.7543678e+00   2.7560928e+00   2.7581108e+00   2.7603958e+00   2.7628758e+00   2.7654350e+00   2.7679398e+00   2.7702372e+00   2.7722015e+00   2.7737417e+00   2.7747982e+00   2.7753370e+00   2.7754142e+00   2.7750962e+00   2.7744024e+00   2.7733495e+00   2.7719438e+00   2.7702570e+00   2.7683704e+00   2.7663105e+00   2.7641077e+00   2.7617776e+00   2.7593248e+00   2.7567527e+00   2.7540677e+00   2.7512696e+00   2.7483485e+00   2.7453187e+00   2.7422190e+00   2.7390344e+00   2.7357521e+00   2.7323856e+00   2.7289593e+00   2.7254934e+00   2.7219906e+00   2.7184992e+00   2.7150345e+00   2.7116051e+00   2.7081912e+00   2.7047729e+00   2.7013884e+00   2.6980298e+00   2.6947029e+00
   2.7869713e+00   2.7846842e+00   2.7823722e+00   2.7800930e+00   2.7778187e+00   2.7755430e+00   2.7732868e+00   2.7710361e+00   2.7687852e+00   2.7665241e+00   2.7642982e+00   2.7621183e+00   2.7600009e+00   2.7578881e+00   2.7558224e+00   2.7538331e+00   2.7519104e+00   2.7500675e+00   2.7483380e+00   2.7467010e+00   2.7451556e+00   2.7436504e+00   2.7421963e+00   2.7407970e+00   2.7394378e+00   2.7381222e+00   2.7368562e+00   2.7356091e+00   2.7343180e+00   2.7329254e+00   2.7314217e+00   2.7297833e+00   2.7280099e+00   2.7261097e+00   2.7241211e+00   2.7220280e+00   2.7198455e+00   2.7176044e+00   2.7153425e+00   2.7130730e+00   2.7107656e+00   2.7084110e+00   2.7060387e+00   2.7037287e+00   2.7015855e+00   2.6997082e+00   2.6980479e+00   2.6965210e+00   2.6951816e+00   2.6941268e+00   2.6934106e+00   2.6930335e+00   2.6929624e+00   2.6932030e+00   2.6937115e+00   2.6944387e+00   2.6953888e+00   2.6965971e+00   2.6980381e+00   2.6996727e+00   2.7014265e+00   2.7032368e+00   2.7050037e+00   2.7066422e+00   2.7081089e+00   2.7093401e+00   2.7102683e+00   2.7108486e+00   2.7110837e+00   2.7110062e+00   2.7106178e+00   2.7099657e+00   2.7091019e+00   2.7080638e+00   2.7068815e+00   2.7055595e+00   2.7041256e+00   2.7026074e+00   2.7010105e+00   2.6993377e+00   2.6975985e+00   2.6957972e+00   2.6939297e+00   2.6919734e+00   2.6899614e+00   2.6878929e+00   2.6857672e+00   2.6836236e+00   2.6814604e+00   2.6792994e+00   2.6771224e+00   2.6749499e+00   2.6727855e+00   2.6706097e+00   2.6684513e+00   2.6663306e+00   2.6642573e+00   2.6622112e+00   2.6601725e+00   2.6580896e+00
   2.7649505e+00   2.7626235e+00   2.7602661e+00   2.7579174e+00   2.7555981e+00   2.7532647e+00   2.7509212e+00   2.7485821e+00   2.7462618e+00   2.7439547e+00   2.7416503e+00   2.7393739e+00   2.7371120e+00   2.7348897e+00   2.7327068e+00   2.7305815e+00   2.7285569e+00   2.7266140e+00   2.7247379e+00   2.7229319e+00   2.7211792e+00   2.7195122e+00   2.7179410e+00   2.7164352e+00   2.7149696e+00   2.7135079e+00   2.7120695e+00   2.7106497e+00   2.7091904e+00   2.7076638e+00   2.7060328e+00   2.7042885e+00   2.7024050e+00   2.7003934e+00   2.6982739e+00   2.6960514e+00   2.6937363e+00   2.6913569e+00   2.6889699e+00   2.6866159e+00   2.6842537e+00   2.6818600e+00   2.6794288e+00   2.6770256e+00   2.6747792e+00   2.6727822e+00   2.6709936e+00   2.6693523e+00   2.6678684e+00   2.6666424e+00   2.6657314e+00   2.6651287e+00   2.6648147e+00   2.6648028e+00   2.6650720e+00   2.6655886e+00   2.6663344e+00   2.6673062e+00   2.6684811e+00   2.6698437e+00   2.6713274e+00   2.6728942e+00   2.6744671e+00   2.6759617e+00   2.6772945e+00   2.6783800e+00   2.6791477e+00   2.6795561e+00   2.6796372e+00   2.6794043e+00   2.6789019e+00   2.6781690e+00   2.6772373e+00   2.6761167e+00   2.6748049e+00   2.6733463e+00   2.6717732e+00   2.6701057e+00   2.6683760e+00   2.6665916e+00   2.6647646e+00   2.6628668e+00   2.6608870e+00   2.6588035e+00   2.6566346e+00   2.6544113e+00   2.6521766e+00   2.6499374e+00   2.6476824e+00   2.6454034e+00   2.6430721e+00   2.6407297e+00   2.6383829e+00   2.6360559e+00   2.6337650e+00   2.6315143e+00   2.6293182e+00   2.6271060e+00   2.6248748e+00   2.6226189e+00
   2.7191131e+00   2.7168343e+00   2.7145004e+00   2.7121289e+00   2.7097282e+00   2.7073486e+00   2.7049987e+00   2.7026722e+00   2.7003624e+00   2.6980724e+00   2.6957881e+00   2.6935284e+00   2.6912725e+00   2.6890688e+00   2.6869164e+00   2.6848161e+00   2.6827888e+00   2.6808331e+00   2.6789653e+00   2.6771927e+00   2.6754997e+00   2.6738968e+00   2.6723709e+00   2.6709349e+00   2.6695778e+00   2.6682501e+00   2.6669428e+00   2.6656570e+00   2.6643846e+00   2.6630895e+00   2.6617081e+00   2.6601942e+00   2.6585114e+00   2.6566451e+00   2.6545918e+00   2.6523931e+00   2.6500738e+00   2.6476531e+00   2.6451437e+00   2.6426091e+00   2.6400890e+00   2.6375940e+00   2.6350930e+00   2.6325886e+00   2.6301763e+00   2.6279564e+00   2.6259282e+00   2.6240990e+00   2.6224470e+00   2.6210363e+00   2.6199424e+00   2.6192198e+00   2.6189005e+00   2.6189637e+00   2.6193440e+00   2.6199808e+00   2.6208401e+00   2.6219242e+00   2.6232700e+00   2.6248944e+00   2.6267648e+00   2.6288116e+00   2.6309359e+00   2.6330018e+00   2.6348774e+00   2.6364677e+00   2.6377070e+00   2.6385722e+00   2.6390626e+00   2.6391857e+00   2.6389503e+00   2.6383522e+00   2.6374154e+00   2.6362011e+00   2.6347647e+00   2.6331675e+00   2.6314230e+00   2.6295505e+00   2.6275532e+00   2.6254365e+00   2.6232140e+00   2.6208680e+00   2.6184266e+00   2.6159070e+00   2.6133094e+00   2.6106293e+00   2.6078432e+00   2.6049500e+00   2.6019800e+00   2.5989625e+00   2.5959349e+00   2.5928934e+00   2.5898612e+00   2.5868437e+00   2.5838292e+00   2.5808165e+00   2.5777884e+00   2.5747855e+00   2.5718071e+00   2.5688789e+00
   2.8523922e+00   2.8497031e+00   2.8470132e+00   2.8443105e+00   2.8416100e+00   2.8388994e+00   2.8362052e+00   2.8335307e+00   2.8308792e+00   2.8282387e+00   2.8256295e+00   2.8230267e+00   2.8204443e+00   2.8179033e+00   2.8154547e+00   2.8130801e+00   2.8107870e+00   2.8085794e+00   2.8064649e+00   2.8044369e+00   2.8024652e+00   2.8005850e+00   2.7988050e+00   2.7970908e+00   2.7954314e+00   2.7938156e+00   2.7922513e+00   2.7906983e+00   2.7890854e+00   2.7873671e+00   2.7855346e+00   2.7835741e+00   2.7814682e+00   2.7792165e+00   2.7768307e+00   2.7743399e+00   2.7717628e+00   2.7691259e+00   2.7664528e+00   2.7637885e+00   2.7611272e+00   2.7584743e+00   2.7558181e+00   2.7532132e+00   2.7507646e+00   2.7485654e+00   2.7465982e+00   2.7448213e+00   2.7432158e+00   2.7418740e+00   2.7408974e+00   2.7402632e+00   2.7399902e+00   2.7400424e+00   2.7403862e+00   2.7409821e+00   2.7418058e+00   2.7428885e+00   2.7442071e+00   2.7457321e+00   2.7473996e+00   2.7491453e+00   2.7508850e+00   2.7525215e+00   2.7539737e+00   2.7551644e+00   2.7560272e+00   2.7565277e+00   2.7566502e+00   2.7564166e+00   2.7558720e+00   2.7550383e+00   2.7539852e+00   2.7527301e+00   2.7513218e+00   2.7497580e+00   2.7480564e+00   2.7462676e+00   2.7443857e+00   2.7424338e+00   2.7403934e+00   2.7382936e+00   2.7361279e+00   2.7338650e+00   2.7315216e+00   2.7291100e+00   2.7266550e+00   2.7241566e+00   2.7216251e+00   2.7191002e+00   2.7165699e+00   2.7140129e+00   2.7114666e+00   2.7089398e+00   2.7064610e+00   2.7040274e+00   2.7016385e+00   2.6992586e+00   2.6968668e+00   2.6944695e+00
   2.9212179e+00   2.9182415e+00   2.9152520e+00   2.9122651e+00   2.9092615e+00   2.9062741e+00   2.9032993e+00   2.9003499e+00   2.8974123e+00   2.8944728e+00   2.8915405e+00   2.8886330e+00   2.8857787e+00   2.8829601e+00   2.8802040e+00   2.8775291e+00   2.8749382e+00   2.8724248e+00   2.8699892e+00   2.8676312e+00   2.8653526e+00   2.8631709e+00   2.8610764e+00   2.8590517e+00   2.8570757e+00   2.8551314e+00   2.8532078e+00   2.8513145e+00   2.8493721e+00   2.8473780e+00   2.8452625e+00   2.8430109e+00   2.8406036e+00   2.8380518e+00   2.8353884e+00   2.8326273e+00   2.8297560e+00   2.8268230e+00   2.8238685e+00   2.8209469e+00   2.8180311e+00   2.8150947e+00   2.8121493e+00   2.8092587e+00   2.8065357e+00   2.8040740e+00   2.8018436e+00   2.7998066e+00   2.7979548e+00   2.7963808e+00   2.7951510e+00   2.7942970e+00   2.7937891e+00   2.7936242e+00   2.7937357e+00   2.7940943e+00   2.7946913e+00   2.7955382e+00   2.7966187e+00   2.7978926e+00   2.7993367e+00   2.8008540e+00   2.8023689e+00   2.8037701e+00   2.8049507e+00   2.8058605e+00   2.8064520e+00   2.8066928e+00   2.8065834e+00   2.8061378e+00   2.8053694e+00   2.8043168e+00   2.8030481e+00   2.8015935e+00   2.7999756e+00   2.7982161e+00   2.7963352e+00   2.7943754e+00   2.7923100e+00   2.7901592e+00   2.7879474e+00   2.7856636e+00   2.7833240e+00   2.7808754e+00   2.7783489e+00   2.7757521e+00   2.7731245e+00   2.7704604e+00   2.7677486e+00   2.7650063e+00   2.7622621e+00   2.7595403e+00   2.7568247e+00   2.7541389e+00   2.7514629e+00   2.7488182e+00   2.7462037e+00   2.7435973e+00   2.7410028e+00   2.7384021e+00
   2.6950369e+00   2.6927855e+00   2.6905193e+00   2.6882284e+00   2.6859405e+00   2.6836481e+00   2.6813657e+00   2.6791010e+00   2.6768391e+00   2.6745570e+00   2.6722796e+00   2.6700199e+00   2.6678009e+00   2.6656168e+00   2.6634514e+00   2.6613140e+00   2.6592233e+00   2.6571815e+00   2.6552088e+00   2.6533232e+00   2.6515067e+00   2.6497586e+00   2.6480598e+00   2.6464026e+00   2.6447620e+00   2.6431310e+00   2.6415508e+00   2.6400039e+00   2.6384716e+00   2.6368599e+00   2.6351378e+00   2.6333363e+00   2.6314180e+00   2.6294124e+00   2.6273243e+00   2.6251714e+00   2.6229799e+00   2.6207161e+00   2.6184175e+00   2.6161644e+00   2.6139488e+00   2.6117353e+00   2.6094687e+00   2.6071956e+00   2.6050370e+00   2.6030767e+00   2.6012752e+00   2.5996015e+00   2.5980384e+00   2.5966923e+00   2.5955756e+00   2.5947187e+00   2.5941021e+00   2.5936964e+00   2.5934861e+00   2.5934587e+00   2.5936401e+00   2.5939949e+00   2.5945117e+00   2.5951786e+00   2.5959482e+00   2.5967712e+00   2.5976107e+00   2.5984266e+00   2.5991023e+00   2.5995839e+00   2.5998352e+00   2.5998573e+00   2.5996184e+00   2.5991399e+00   2.5984335e+00   2.5975602e+00   2.5965405e+00   2.5953715e+00   2.5940573e+00   2.5926397e+00   2.5911448e+00   2.5895581e+00   2.5878880e+00   2.5861719e+00   2.5844297e+00   2.5826492e+00   2.5807879e+00   2.5788431e+00   2.5768480e+00   2.5748246e+00   2.5727856e+00   2.5706942e+00   2.5685558e+00   2.5663898e+00   2.5642383e+00   2.5620992e+00   2.5599663e+00   2.5578256e+00   2.5556960e+00   2.5536067e+00   2.5515552e+00   2.5495081e+00   2.5474145e+00   2.5453420e+00
   2.8035810e+00   2.8006041e+00   2.7975914e+00   2.7945652e+00   2.7915547e+00   2.7885501e+00   2.7855594e+00   2.7825890e+00   2.7796528e+00   2.7767372e+00   2.7738361e+00   2.7709472e+00   2.7680809e+00   2.7652504e+00   2.7624896e+00   2.7597973e+00   2.7571895e+00   2.7546785e+00   2.7522748e+00   2.7499526e+00   2.7476959e+00   2.7455130e+00   2.7434313e+00   2.7414484e+00   2.7395401e+00   2.7376826e+00   2.7358735e+00   2.7340915e+00   2.7323053e+00   2.7304814e+00   2.7285652e+00   2.7265227e+00   2.7243221e+00   2.7219830e+00   2.7194948e+00   2.7168806e+00   2.7141354e+00   2.7113113e+00   2.7084248e+00   2.7055380e+00   2.7026742e+00   2.6998377e+00   2.6969795e+00   2.6940899e+00   2.6912987e+00   2.6887321e+00   2.6863906e+00   2.6842415e+00   2.6822560e+00   2.6805241e+00   2.6790867e+00   2.6779852e+00   2.6772320e+00   2.6768401e+00   2.6767712e+00   2.6769884e+00   2.6774704e+00   2.6782019e+00   2.6791620e+00   2.6803601e+00   2.6817720e+00   2.6833293e+00   2.6849573e+00   2.6865590e+00   2.6880338e+00   2.6892803e+00   2.6902065e+00   2.6907613e+00   2.6909256e+00   2.6907215e+00   2.6901710e+00   2.6893082e+00   2.6881781e+00   2.6868179e+00   2.6852572e+00   2.6835053e+00   2.6815712e+00   2.6795037e+00   2.6773357e+00   2.6751270e+00   2.6728430e+00   2.6704588e+00   2.6679738e+00   2.6653993e+00   2.6627369e+00   2.6599538e+00   2.6570854e+00   2.6541669e+00   2.6512287e+00   2.6482847e+00   2.6452982e+00   2.6422589e+00   2.6391904e+00   2.6361451e+00   2.6331160e+00   2.6301167e+00   2.6271598e+00   2.6242616e+00   2.6213768e+00   2.6184609e+00
   2.7314184e+00   2.7290249e+00   2.7265775e+00   2.7240932e+00   2.7215939e+00   2.7191126e+00   2.7166817e+00   2.7142799e+00   2.7118816e+00   2.7094762e+00   2.7070529e+00   2.7046382e+00   2.7022848e+00   2.7000034e+00   2.6978104e+00   2.6956997e+00   2.6936481e+00   2.6916478e+00   2.6896994e+00   2.6878483e+00   2.6861076e+00   2.6844532e+00   2.6828902e+00   2.6814067e+00   2.6799691e+00   2.6785567e+00   2.6771345e+00   2.6757257e+00   2.6743057e+00   2.6728179e+00   2.6712379e+00   2.6695225e+00   2.6676471e+00   2.6656063e+00   2.6634185e+00   2.6611223e+00   2.6587460e+00   2.6563365e+00   2.6539202e+00   2.6515207e+00   2.6491148e+00   2.6466415e+00   2.6441305e+00   2.6416924e+00   2.6394479e+00   2.6374681e+00   2.6357014e+00   2.6341002e+00   2.6326773e+00   2.6315274e+00   2.6306994e+00   2.6302087e+00   2.6300526e+00   2.6302440e+00   2.6307442e+00   2.6315129e+00   2.6324949e+00   2.6336820e+00   2.6350667e+00   2.6366417e+00   2.6383760e+00   2.6402159e+00   2.6420705e+00   2.6438262e+00   2.6453855e+00   2.6466637e+00   2.6475956e+00   2.6481595e+00   2.6483490e+00   2.6482275e+00   2.6478276e+00   2.6471961e+00   2.6463239e+00   2.6452260e+00   2.6439533e+00   2.6425226e+00   2.6409769e+00   2.6393442e+00   2.6376517e+00   2.6359072e+00   2.6340606e+00   2.6321366e+00   2.6301410e+00   2.6280577e+00   2.6259000e+00   2.6236963e+00   2.6214671e+00   2.6191933e+00   2.6168773e+00   2.6145363e+00   2.6121893e+00   2.6098268e+00   2.6074724e+00   2.6051700e+00   2.6029179e+00   2.6006849e+00   2.5984557e+00   2.5962317e+00   2.5940053e+00   2.5917728e+00
   2.8701086e+00   2.8670616e+00   2.8639946e+00   2.8608990e+00   2.8578274e+00   2.8547676e+00   2.8517196e+00   2.8486679e+00   2.8456147e+00   2.8425674e+00   2.8395627e+00   2.8365803e+00   2.8336401e+00   2.8307526e+00   2.8279254e+00   2.8251762e+00   2.8224983e+00   2.8198795e+00   2.8173599e+00   2.8149483e+00   2.8126414e+00   2.8104105e+00   2.8082511e+00   2.8061399e+00   2.8040667e+00   2.8020287e+00   2.8000174e+00   2.7980568e+00   2.7961025e+00   2.7940924e+00   2.7919540e+00   2.7896802e+00   2.7872574e+00   2.7847135e+00   2.7820656e+00   2.7793360e+00   2.7765379e+00   2.7736981e+00   2.7708323e+00   2.7679870e+00   2.7651436e+00   2.7622445e+00   2.7593012e+00   2.7564030e+00   2.7537165e+00   2.7512763e+00   2.7490489e+00   2.7469921e+00   2.7451217e+00   2.7435074e+00   2.7422047e+00   2.7412431e+00   2.7406185e+00   2.7403038e+00   2.7402642e+00   2.7404940e+00   2.7409680e+00   2.7416832e+00   2.7426262e+00   2.7437608e+00   2.7450597e+00   2.7464612e+00   2.7478788e+00   2.7492139e+00   2.7503903e+00   2.7513161e+00   2.7519019e+00   2.7521496e+00   2.7520821e+00   2.7517214e+00   2.7510605e+00   2.7501304e+00   2.7489932e+00   2.7476666e+00   2.7461777e+00   2.7445707e+00   2.7428586e+00   2.7410634e+00   2.7391834e+00   2.7372563e+00   2.7352629e+00   2.7331927e+00   2.7310381e+00   2.7288074e+00   2.7265148e+00   2.7241662e+00   2.7217934e+00   2.7194049e+00   2.7169807e+00   2.7145214e+00   2.7120669e+00   2.7096245e+00   2.7071888e+00   2.7047746e+00   2.7023990e+00   2.7000430e+00   2.6976874e+00   2.6953490e+00   2.6930320e+00   2.6906922e+00
   2.8367789e+00   2.8343894e+00   2.8319852e+00   2.8295841e+00   2.8271720e+00   2.8247626e+00   2.8223531e+00   2.8199577e+00   2.8175762e+00   2.8152120e+00   2.8128822e+00   2.8105924e+00   2.8083174e+00   2.8060837e+00   2.8038995e+00   2.8018010e+00   2.7997882e+00   2.7978561e+00   2.7960136e+00   2.7942798e+00   2.7926414e+00   2.7911031e+00   2.7896354e+00   2.7882178e+00   2.7868493e+00   2.7855225e+00   2.7842226e+00   2.7829368e+00   2.7815952e+00   2.7801669e+00   2.7786071e+00   2.7768812e+00   2.7750022e+00   2.7729626e+00   2.7707913e+00   2.7684946e+00   2.7660885e+00   2.7636089e+00   2.7611115e+00   2.7586117e+00   2.7561114e+00   2.7535737e+00   2.7510188e+00   2.7485170e+00   2.7462120e+00   2.7441709e+00   2.7423651e+00   2.7407200e+00   2.7392604e+00   2.7380915e+00   2.7372911e+00   2.7368755e+00   2.7368290e+00   2.7371140e+00   2.7376883e+00   2.7385285e+00   2.7396243e+00   2.7409809e+00   2.7425835e+00   2.7444046e+00   2.7463944e+00   2.7484848e+00   2.7505767e+00   2.7525434e+00   2.7542851e+00   2.7557271e+00   2.7568295e+00   2.7575657e+00   2.7579167e+00   2.7579002e+00   2.7575538e+00   2.7569408e+00   2.7560780e+00   2.7549841e+00   2.7536762e+00   2.7522252e+00   2.7506816e+00   2.7490361e+00   2.7473018e+00   2.7454596e+00   2.7435386e+00   2.7415493e+00   2.7394953e+00   2.7373536e+00   2.7351086e+00   2.7327929e+00   2.7304294e+00   2.7280233e+00   2.7255573e+00   2.7230623e+00   2.7205601e+00   2.7180583e+00   2.7155821e+00   2.7131245e+00   2.7106857e+00   2.7082500e+00   2.7058411e+00   2.7034624e+00   2.7010810e+00   2.6986926e+00
   2.6657963e+00   2.6636837e+00   2.6615283e+00   2.6593568e+00   2.6571944e+00   2.6550615e+00   2.6529505e+00   2.6508620e+00   2.6487820e+00   2.6467040e+00   2.6446207e+00   2.6425478e+00   2.6405103e+00   2.6385276e+00   2.6366012e+00   2.6347320e+00   2.6329319e+00   2.6312017e+00   2.6295383e+00   2.6279297e+00   2.6264055e+00   2.6249666e+00   2.6236155e+00   2.6223061e+00   2.6210260e+00   2.6197529e+00   2.6185076e+00   2.6172819e+00   2.6160564e+00   2.6147931e+00   2.6134260e+00   2.6119301e+00   2.6102889e+00   2.6085069e+00   2.6065996e+00   2.6045945e+00   2.6025057e+00   2.6003811e+00   2.5982714e+00   2.5961978e+00   2.5941155e+00   2.5919502e+00   2.5896912e+00   2.5874312e+00   2.5853391e+00   2.5835276e+00   2.5819461e+00   2.5805006e+00   2.5791800e+00   2.5780742e+00   2.5772438e+00   2.5767062e+00   2.5764511e+00   2.5764997e+00   2.5768242e+00   2.5773709e+00   2.5780952e+00   2.5789897e+00   2.5800600e+00   2.5813053e+00   2.5826952e+00   2.5841782e+00   2.5856740e+00   2.5871017e+00   2.5883689e+00   2.5894172e+00   2.5901878e+00   2.5906565e+00   2.5908267e+00   2.5907204e+00   2.5903780e+00   2.5897992e+00   2.5890224e+00   2.5880804e+00   2.5869808e+00   2.5857298e+00   2.5843496e+00   2.5829000e+00   2.5814178e+00   2.5798988e+00   2.5783072e+00   2.5766399e+00   2.5748708e+00   2.5730121e+00   2.5710931e+00   2.5691273e+00   2.5671303e+00   2.5651009e+00   2.5630481e+00   2.5609634e+00   2.5588353e+00   2.5566857e+00   2.5545645e+00   2.5524755e+00   2.5503848e+00   2.5483184e+00   2.5462649e+00   2.5442226e+00   2.5421495e+00   2.5400562e+00
   2.7563896e+00   2.7541037e+00   2.7518015e+00   2.7495146e+00   2.7472353e+00   2.7449682e+00   2.7427025e+00   2.7404430e+00   2.7381964e+00   2.7359560e+00   2.7337427e+00   2.7315705e+00   2.7294385e+00   2.7273591e+00   2.7253253e+00   2.7233427e+00   2.7214317e+00   2.7196093e+00   2.7178895e+00   2.7162735e+00   2.7147646e+00   2.7133453e+00   2.7120063e+00   2.7107036e+00   2.7094324e+00   2.7081940e+00   2.7069781e+00   2.7057559e+00   2.7045190e+00   2.7032349e+00   2.7018194e+00   2.7002327e+00   2.6984670e+00   2.6965523e+00   2.6945076e+00   2.6923254e+00   2.6900532e+00   2.6877410e+00   2.6854336e+00   2.6831582e+00   2.6808536e+00   2.6785119e+00   2.6761181e+00   2.6737792e+00   2.6716201e+00   2.6697359e+00   2.6680844e+00   2.6665840e+00   2.6652546e+00   2.6641982e+00   2.6634951e+00   2.6631503e+00   2.6631505e+00   2.6634789e+00   2.6640959e+00   2.6649573e+00   2.6660314e+00   2.6673319e+00   2.6688499e+00   2.6705732e+00   2.6724708e+00   2.6744640e+00   2.6764600e+00   2.6783516e+00   2.6800489e+00   2.6814725e+00   2.6825676e+00   2.6832979e+00   2.6836607e+00   2.6836987e+00   2.6834462e+00   2.6829307e+00   2.6821721e+00   2.6812143e+00   2.6800823e+00   2.6787958e+00   2.6773751e+00   2.6758664e+00   2.6742842e+00   2.6726291e+00   2.6708984e+00   2.6691008e+00   2.6672237e+00   2.6652482e+00   2.6631763e+00   2.6610260e+00   2.6588297e+00   2.6565833e+00   2.6542876e+00   2.6519620e+00   2.6496081e+00   2.6472828e+00   2.6449585e+00   2.6426532e+00   2.6403692e+00   2.6380956e+00   2.6358531e+00   2.6335909e+00   2.6313264e+00   2.6290629e+00
   2.8648205e+00   2.8623435e+00   2.8598650e+00   2.8573658e+00   2.8548651e+00   2.8523636e+00   2.8498919e+00   2.8474576e+00   2.8450336e+00   2.8426275e+00   2.8402526e+00   2.8379192e+00   2.8356380e+00   2.8333852e+00   2.8311913e+00   2.8290644e+00   2.8270404e+00   2.8251350e+00   2.8233564e+00   2.8216832e+00   2.8201096e+00   2.8186100e+00   2.8171959e+00   2.8158228e+00   2.8144989e+00   2.8132250e+00   2.8119984e+00   2.8107851e+00   2.8095207e+00   2.8081360e+00   2.8066056e+00   2.8048913e+00   2.8030074e+00   2.8009717e+00   2.7987869e+00   2.7964621e+00   2.7940414e+00   2.7915356e+00   2.7889833e+00   2.7864408e+00   2.7839062e+00   2.7813690e+00   2.7787983e+00   2.7762802e+00   2.7739727e+00   2.7719567e+00   2.7701743e+00   2.7685671e+00   2.7671835e+00   2.7661371e+00   2.7654884e+00   2.7652481e+00   2.7653978e+00   2.7659168e+00   2.7667401e+00   2.7678339e+00   2.7691777e+00   2.7707882e+00   2.7726376e+00   2.7747157e+00   2.7769699e+00   2.7793055e+00   2.7816210e+00   2.7837906e+00   2.7857158e+00   2.7873394e+00   2.7885954e+00   2.7894363e+00   2.7898662e+00   2.7899151e+00   2.7896214e+00   2.7889977e+00   2.7880890e+00   2.7869568e+00   2.7856624e+00   2.7842104e+00   2.7826126e+00   2.7808888e+00   2.7790730e+00   2.7771730e+00   2.7751825e+00   2.7731121e+00   2.7709465e+00   2.7686908e+00   2.7663438e+00   2.7639201e+00   2.7614305e+00   2.7588751e+00   2.7562640e+00   2.7536104e+00   2.7509460e+00   2.7483037e+00   2.7456751e+00   2.7430458e+00   2.7404220e+00   2.7378318e+00   2.7352746e+00   2.7327344e+00   2.7301824e+00   2.7276037e+00
   2.7630720e+00   2.7610972e+00   2.7590828e+00   2.7570419e+00   2.7550032e+00   2.7529783e+00   2.7509680e+00   2.7489555e+00   2.7469187e+00   2.7448804e+00   2.7428472e+00   2.7408345e+00   2.7388523e+00   2.7368977e+00   2.7350028e+00   2.7331512e+00   2.7313612e+00   2.7296340e+00   2.7279742e+00   2.7263870e+00   2.7248850e+00   2.7234573e+00   2.7220964e+00   2.7207720e+00   2.7194605e+00   2.7181587e+00   2.7168667e+00   2.7155838e+00   2.7142713e+00   2.7129145e+00   2.7114208e+00   2.7098083e+00   2.7080333e+00   2.7061379e+00   2.7041416e+00   2.7020490e+00   2.6999233e+00   2.6977739e+00   2.6956356e+00   2.6935158e+00   2.6913860e+00   2.6892071e+00   2.6869690e+00   2.6847661e+00   2.6827586e+00   2.6810329e+00   2.6795261e+00   2.6781261e+00   2.6768277e+00   2.6757507e+00   2.6749761e+00   2.6745167e+00   2.6743615e+00   2.6744859e+00   2.6748629e+00   2.6754198e+00   2.6761544e+00   2.6770794e+00   2.6781938e+00   2.6794624e+00   2.6808586e+00   2.6823308e+00   2.6838057e+00   2.6851690e+00   2.6863186e+00   2.6872323e+00   2.6878555e+00   2.6882017e+00   2.6882801e+00   2.6880920e+00   2.6876714e+00   2.6870162e+00   2.6861436e+00   2.6850929e+00   2.6839113e+00   2.6826451e+00   2.6813080e+00   2.6799128e+00   2.6784618e+00   2.6769240e+00   2.6753271e+00   2.6736488e+00   2.6718922e+00   2.6700771e+00   2.6682255e+00   2.6663511e+00   2.6644175e+00   2.6624196e+00   2.6603539e+00   2.6582708e+00   2.6562061e+00   2.6541662e+00   2.6521583e+00   2.6501539e+00   2.6481829e+00   2.6462078e+00   2.6442320e+00   2.6422575e+00   2.6402843e+00   2.6383493e+00
   2.7338085e+00   2.7316492e+00   2.7294824e+00   2.7273235e+00   2.7251999e+00   2.7230918e+00   2.7209914e+00   2.7188919e+00   2.7167976e+00   2.7147076e+00   2.7126484e+00   2.7106171e+00   2.7086494e+00   2.7067378e+00   2.7048771e+00   2.7030666e+00   2.7013140e+00   2.6996315e+00   2.6980362e+00   2.6965396e+00   2.6951563e+00   2.6938686e+00   2.6926432e+00   2.6914265e+00   2.6902444e+00   2.6890905e+00   2.6879790e+00   2.6868973e+00   2.6857774e+00   2.6845858e+00   2.6832657e+00   2.6817811e+00   2.6801424e+00   2.6783741e+00   2.6764839e+00   2.6745033e+00   2.6724319e+00   2.6703041e+00   2.6681519e+00   2.6659966e+00   2.6638486e+00   2.6616685e+00   2.6594284e+00   2.6572263e+00   2.6551898e+00   2.6534293e+00   2.6518998e+00   2.6505105e+00   2.6492808e+00   2.6483061e+00   2.6476643e+00   2.6473644e+00   2.6473920e+00   2.6477215e+00   2.6483161e+00   2.6491528e+00   2.6502199e+00   2.6515095e+00   2.6530063e+00   2.6546795e+00   2.6565096e+00   2.6584275e+00   2.6603336e+00   2.6621535e+00   2.6637783e+00   2.6651368e+00   2.6661785e+00   2.6668727e+00   2.6672134e+00   2.6672308e+00   2.6669722e+00   2.6664844e+00   2.6657712e+00   2.6648290e+00   2.6636870e+00   2.6624165e+00   2.6610281e+00   2.6595519e+00   2.6580136e+00   2.6564291e+00   2.6547854e+00   2.6530352e+00   2.6511919e+00   2.6492605e+00   2.6472366e+00   2.6451519e+00   2.6430225e+00   2.6408722e+00   2.6386967e+00   2.6364825e+00   2.6342363e+00   2.6319821e+00   2.6297288e+00   2.6274927e+00   2.6252906e+00   2.6231139e+00   2.6209559e+00   2.6188059e+00   2.6166437e+00   2.6144674e+00
